id,student_id,years_to_bachelors_cohort,years_to_bachelor_other,first_year_bachelors_cohort,first_year_bachelor_other,years_to_assoc_cert_cohort,years_to_assoc_cert_other,first_year_assoc_cert_cohort,first_year_assoc_cert_other,naspa_first_gen,recent_assoc_cert_other_state,recent_assoc_cert_other_carnegie,first_assoc_cert_other_carnegie,recent_assoc_cert_other_locale,school,created_at,zip_code
0,BSCC_STU00000,0.0,0.0,0.0,0.0,0.0,0.0,0.0,0.0,0.0,,,,,BSCC,2025-10-28 15:47:53,36604
1,BSCC_STU00001,0.0,0.0,0.0,0.0,0.0,0.0,0.0,0.0,-1.0,,,,,BSCC,2025-10-28 15:47:53,36629
2,BSCC_STU00002,0.0,0.0,0.0,0.0,0.0,0.0,0.0,0.0,-1.0,,,,,BSCC,2025-10-28 15:47:53,36678
3,BSCC_STU00003,0.0,0.0,0.0,0.0,0.0,0.0,0.0,0.0,-1.0,,,,,BSCC,2025-10-28 15:47:53,36606
4,BSCC_STU00004,0.0,0.0,0.0,0.0,0.0,0.0,0.0,0.0,0.0,,,,,BSCC,2025-10-28 15:47:53,36627
5,BSCC_STU00005,0.0,0.0,0.0,0.0,0.0,0.0,0.0,0.0,1.0,,,,,BSCC,2025-10-28 15:47:53,36688
6,BSCC_STU00006,0.0,0.0,0.0,0.0,0.0,0.0,0.0,0.0,1.0,,,,,BSCC,2025-10-28 15:47:53,36628
7,BSCC_STU00007,0.0,0.0,0.0,0.0,0.0,0.0,0.0,0.0,1.0,,,,,BSCC,2025-10-28 15:47:53,36618
8,BSCC_STU00008,0.0,0.0,0.0,0.0,0.0,0.0,0.0,0.0,0.0,,,,,BSCC,2025-10-28 15:47:53,36688
9,BSCC_STU00009,0.0,0.0,0.0,0.0,2.0,0.0,2.0,0.0,1.0,,,,,BSCC,2025-10-28 15:47:53,36665
10,BSCC_STU00010,0.0,0.0,0.0,0.0,0.0,0.0,0.0,0.0,1.0,,,,,BSCC,2025-10-28 15:47:53,36603
11,BSCC_STU00011,0.0,0.0,0.0,0.0,0.0,0.0,0.0,0.0,0.0,,,,,BSCC,2025-10-28 15:47:53,36617
12,BSCC_STU00012,0.0,0.0,0.0,0.0,0.0,0.0,0.0,0.0,1.0,,,,,BSCC,2025-10-28 15:47:53,36657
13,BSCC_STU00013,0.0,0.0,0.0,0.0,0.0,0.0,0.0,0.0,0.0,,,,,BSCC,2025-10-28 15:47:53,36628
14,BSCC_STU00014,0.0,0.0,0.0,0.0,0.0,0.0,0.0,0.0,-1.0,,,,,BSCC,2025-10-28 15:47:53,36614
15,BSCC_STU00015,0.0,0.0,0.0,0.0,1.0,0.0,1.0,0.0,-1.0,,,,,BSCC,2025-10-28 15:47:53,36622
16,BSCC_STU00016,0.0,0.0,0.0,0.0,0.0,0.0,0.0,0.0,0.0,,,,,BSCC,2025-10-28 15:47:53,36620
17,BSCC_STU00017,0.0,0.0,0.0,0.0,0.0,0.0,0.0,0.0,-1.0,,,,,BSCC,2025-10-28 15:47:53,36611
18,BSCC_STU00018,0.0,0.0,0.0,0.0,0.0,0.0,0.0,0.0,-1.0,,,,,BSCC,2025-10-28 15:47:53,36686
19,BSCC_STU00019,0.0,0.0,0.0,0.0,0.0,0.0,0.0,0.0,0.0,,,,,BSCC,2025-10-28 15:47:53,36665
20,BSCC_STU00020,0.0,0.0,0.0,0.0,0.0,0.0,0.0,0.0,1.0,,,,,BSCC,2025-10-28 15:47:53,36639
21,BSCC_STU00021,0.0,0.0,0.0,0.0,0.0,0.0,0.0,0.0,1.0,,,,,BSCC,2025-10-28 15:47:53,36607
22,BSCC_STU00022,0.0,0.0,0.0,0.0,0.0,0.0,0.0,0.0,1.0,,,,,BSCC,2025-10-28 15:47:53,36615
23,BSCC_STU00023,0.0,0.0,0.0,0.0,0.0,0.0,0.0,0.0,-1.0,,,,,BSCC,2025-10-28 15:47:53,36587
24,BSCC_STU00024,0.0,0.0,0.0,0.0,0.0,0.0,0.0,0.0,1.0,,,,,BSCC,2025-10-28 15:47:53,36631
25,BSCC_STU00025,0.0,0.0,0.0,0.0,0.0,0.0,0.0,0.0,0.0,,,,,BSCC,2025-10-28 15:47:53,36635
26,BSCC_STU00026,0.0,0.0,0.0,0.0,0.0,0.0,0.0,0.0,0.0,,,,,BSCC,2025-10-28 15:47:53,36609
27,BSCC_STU00027,0.0,0.0,0.0,0.0,0.0,0.0,0.0,0.0,1.0,,,,,BSCC,2025-10-28 15:47:53,36656
28,BSCC_STU00028,0.0,0.0,0.0,0.0,0.0,0.0,0.0,0.0,1.0,,,,,BSCC,2025-10-28 15:47:53,36647
29,BSCC_STU00029,0.0,0.0,0.0,0.0,0.0,0.0,0.0,0.0,0.0,,,,,BSCC,2025-10-28 15:47:53,36671
30,BSCC_STU00030,0.0,0.0,0.0,0.0,0.0,0.0,0.0,0.0,-1.0,,,,,BSCC,2025-10-28 15:47:53,36627
31,BSCC_STU00031,0.0,0.0,0.0,0.0,1.0,0.0,1.0,0.0,1.0,,,,,BSCC,2025-10-28 15:47:53,36685
32,BSCC_STU00032,0.0,0.0,0.0,0.0,0.0,0.0,0.0,0.0,-1.0,,,,,BSCC,2025-10-28 15:47:53,36664
33,BSCC_STU00033,0.0,0.0,0.0,0.0,0.0,0.0,0.0,0.0,-1.0,,,,,BSCC,2025-10-28 15:47:53,36632
34,BSCC_STU00034,0.0,0.0,0.0,0.0,0.0,0.0,0.0,0.0,1.0,,,,,BSCC,2025-10-28 15:47:53,36655
35,BSCC_STU00035,0.0,0.0,0.0,0.0,0.0,0.0,0.0,0.0,0.0,,,,,BSCC,2025-10-28 15:47:53,36663
36,BSCC_STU00036,0.0,0.0,0.0,0.0,0.0,0.0,0.0,0.0,0.0,,,,,BSCC,2025-10-28 15:47:53,36653
37,BSCC_STU00037,0.0,0.0,0.0,0.0,0.0,0.0,0.0,0.0,0.0,,,,,BSCC,2025-10-28 15:47:53,36646
38,BSCC_STU00038,0.0,0.0,0.0,0.0,0.0,0.0,0.0,0.0,0.0,,,,,BSCC,2025-10-28 15:47:53,36629
39,BSCC_STU00039,0.0,0.0,0.0,0.0,0.0,0.0,0.0,0.0,0.0,,,,,BSCC,2025-10-28 15:47:53,36669
40,BSCC_STU00040,0.0,0.0,0.0,0.0,0.0,0.0,0.0,0.0,0.0,,,,,BSCC,2025-10-28 15:47:53,36644
41,BSCC_STU00041,0.0,0.0,0.0,0.0,0.0,3.0,0.0,3.0,1.0,TN,Associate's Colleges,Associate's Colleges,Urban,BSCC,2025-10-28 15:47:53,36560
42,BSCC_STU00042,0.0,0.0,0.0,0.0,0.0,0.0,0.0,0.0,0.0,,,,,BSCC,2025-10-28 15:47:53,36614
43,BSCC_STU00043,0.0,0.0,0.0,0.0,0.0,0.0,0.0,0.0,1.0,,,,,BSCC,2025-10-28 15:47:53,36688
44,BSCC_STU00044,0.0,0.0,0.0,0.0,0.0,0.0,0.0,0.0,1.0,,,,,BSCC,2025-10-28 15:47:53,36656
45,BSCC_STU00045,0.0,0.0,0.0,0.0,3.0,0.0,3.0,0.0,1.0,,,,,BSCC,2025-10-28 15:47:53,36560
46,BSCC_STU00046,0.0,0.0,0.0,0.0,5.0,0.0,5.0,0.0,1.0,,,,,BSCC,2025-10-28 15:47:53,36624
47,BSCC_STU00047,0.0,0.0,0.0,0.0,0.0,0.0,0.0,0.0,-1.0,,,,,BSCC,2025-10-28 15:47:53,36638
48,BSCC_STU00048,0.0,0.0,0.0,0.0,0.0,0.0,0.0,0.0,-1.0,,,,,BSCC,2025-10-28 15:47:53,36693
49,BSCC_STU00049,0.0,0.0,0.0,0.0,0.0,0.0,0.0,0.0,1.0,,,,,BSCC,2025-10-28 15:47:53,36625
50,BSCC_STU00050,0.0,0.0,0.0,0.0,0.0,0.0,0.0,0.0,1.0,,,,,BSCC,2025-10-28 15:47:53,36614
51,BSCC_STU00051,0.0,0.0,0.0,0.0,4.0,0.0,4.0,0.0,1.0,,,,,BSCC,2025-10-28 15:47:53,36673
52,BSCC_STU00052,0.0,0.0,0.0,0.0,0.0,0.0,0.0,0.0,0.0,,,,,BSCC,2025-10-28 15:47:53,36540
53,BSCC_STU00053,0.0,0.0,0.0,0.0,0.0,0.0,0.0,0.0,-1.0,,,,,BSCC,2025-10-28 15:47:53,36610
54,BSCC_STU00054,0.0,0.0,0.0,0.0,0.0,0.0,0.0,0.0,0.0,,,,,BSCC,2025-10-28 15:47:53,36610
55,BSCC_STU00055,0.0,0.0,0.0,0.0,0.0,0.0,0.0,0.0,0.0,,,,,BSCC,2025-10-28 15:47:53,36665
56,BSCC_STU00056,0.0,0.0,0.0,0.0,0.0,0.0,0.0,0.0,0.0,,,,,BSCC,2025-10-28 15:47:53,36674
57,BSCC_STU00057,0.0,0.0,0.0,0.0,0.0,0.0,0.0,0.0,1.0,,,,,BSCC,2025-10-28 15:47:53,36661
58,BSCC_STU00058,0.0,0.0,0.0,0.0,0.0,0.0,0.0,0.0,-1.0,,,,,BSCC,2025-10-28 15:47:53,36633
59,BSCC_STU00059,0.0,0.0,0.0,0.0,0.0,0.0,0.0,0.0,0.0,,,,,BSCC,2025-10-28 15:47:53,36617
60,BSCC_STU00060,0.0,0.0,0.0,0.0,0.0,0.0,0.0,0.0,-1.0,,,,,BSCC,2025-10-28 15:47:53,36660
61,BSCC_STU00061,0.0,0.0,0.0,0.0,0.0,0.0,0.0,0.0,-1.0,,,,,BSCC,2025-10-28 15:47:53,36650
62,BSCC_STU00062,0.0,0.0,0.0,0.0,2.0,0.0,2.0,0.0,0.0,,,,,BSCC,2025-10-28 15:47:53,36620
63,BSCC_STU00063,0.0,0.0,0.0,0.0,0.0,0.0,0.0,0.0,1.0,,,,,BSCC,2025-10-28 15:47:53,36524
64,BSCC_STU00064,0.0,0.0,0.0,0.0,0.0,0.0,0.0,0.0,-1.0,,,,,BSCC,2025-10-28 15:47:53,36613
65,BSCC_STU00065,0.0,0.0,0.0,0.0,0.0,0.0,0.0,0.0,1.0,,,,,BSCC,2025-10-28 15:47:53,36641
66,BSCC_STU00066,0.0,0.0,0.0,0.0,5.0,0.0,5.0,0.0,-1.0,,,,,BSCC,2025-10-28 15:47:53,36657
67,BSCC_STU00067,0.0,0.0,0.0,0.0,0.0,0.0,0.0,0.0,0.0,,,,,BSCC,2025-10-28 15:47:53,36659
68,BSCC_STU00068,0.0,0.0,0.0,0.0,0.0,0.0,0.0,0.0,1.0,,,,,BSCC,2025-10-28 15:47:53,36626
69,BSCC_STU00069,0.0,0.0,0.0,0.0,0.0,0.0,0.0,0.0,-1.0,,,,,BSCC,2025-10-28 15:47:53,36524
70,BSCC_STU00070,0.0,0.0,0.0,0.0,0.0,0.0,0.0,0.0,-1.0,,,,,BSCC,2025-10-28 15:47:53,36640
71,BSCC_STU00071,0.0,0.0,0.0,0.0,0.0,0.0,0.0,0.0,-1.0,,,,,BSCC,2025-10-28 15:47:53,36668
72,BSCC_STU00072,0.0,0.0,0.0,0.0,0.0,0.0,0.0,0.0,1.0,,,,,BSCC,2025-10-28 15:47:53,36615
73,BSCC_STU00073,0.0,0.0,0.0,0.0,0.0,0.0,0.0,0.0,-1.0,,,,,BSCC,2025-10-28 15:47:53,36687
74,BSCC_STU00074,0.0,0.0,0.0,0.0,0.0,0.0,0.0,0.0,0.0,,,,,BSCC,2025-10-28 15:47:53,36684
75,BSCC_STU00075,0.0,0.0,0.0,0.0,0.0,0.0,0.0,0.0,1.0,,,,,BSCC,2025-10-28 15:47:53,36654
76,BSCC_STU00076,0.0,0.0,0.0,0.0,0.0,3.0,0.0,3.0,0.0,TN,Associate's Colleges,Associate's Colleges,Town/Rural,BSCC,2025-10-28 15:47:53,36608
77,BSCC_STU00077,0.0,5.0,0.0,5.0,5.0,0.0,5.0,0.0,0.0,,,,,BSCC,2025-10-28 15:47:53,36571
78,BSCC_STU00078,0.0,0.0,0.0,0.0,0.0,0.0,0.0,0.0,-1.0,,,,,BSCC,2025-10-28 15:47:53,36666
79,BSCC_STU00079,0.0,0.0,0.0,0.0,0.0,0.0,0.0,0.0,0.0,,,,,BSCC,2025-10-28 15:47:53,36659
80,BSCC_STU00080,0.0,4.0,0.0,4.0,0.0,3.0,0.0,3.0,1.0,MS,Master's Colleges and Universities,Master's Colleges and Universities,Suburb,BSCC,2025-10-28 15:47:53,36678
81,BSCC_STU00081,0.0,4.0,0.0,4.0,0.0,5.0,0.0,5.0,1.0,AL,Master's Colleges and Universities,Master's Colleges and Universities,Town/Rural,BSCC,2025-10-28 15:47:53,36652
82,BSCC_STU00082,0.0,0.0,0.0,0.0,0.0,0.0,0.0,0.0,1.0,,,,,BSCC,2025-10-28 15:47:53,36693
83,BSCC_STU00083,0.0,0.0,0.0,0.0,0.0,0.0,0.0,0.0,-1.0,,,,,BSCC,2025-10-28 15:47:53,36679
84,BSCC_STU00084,0.0,0.0,0.0,0.0,0.0,0.0,0.0,0.0,0.0,,,,,BSCC,2025-10-28 15:47:53,36673
85,BSCC_STU00085,0.0,0.0,0.0,0.0,2.0,0.0,2.0,0.0,1.0,,,,,BSCC,2025-10-28 15:47:53,36620
86,BSCC_STU00086,0.0,0.0,0.0,0.0,0.0,0.0,0.0,0.0,1.0,,,,,BSCC,2025-10-28 15:47:53,36668
87,BSCC_STU00087,0.0,0.0,0.0,0.0,0.0,0.0,0.0,0.0,0.0,,,,,BSCC,2025-10-28 15:47:53,36686
88,BSCC_STU00088,0.0,0.0,0.0,0.0,0.0,0.0,0.0,0.0,0.0,,,,,BSCC,2025-10-28 15:47:53,36642
89,BSCC_STU00089,0.0,4.0,0.0,4.0,3.0,0.0,3.0,0.0,-1.0,,,,,BSCC,2025-10-28 15:47:53,36610
90,BSCC_STU00090,0.0,0.0,0.0,0.0,0.0,0.0,0.0,0.0,1.0,,,,,BSCC,2025-10-28 15:47:53,36660
91,BSCC_STU00091,0.0,0.0,0.0,0.0,0.0,0.0,0.0,0.0,1.0,,,,,BSCC,2025-10-28 15:47:53,36661
92,BSCC_STU00092,0.0,0.0,0.0,0.0,0.0,0.0,0.0,0.0,1.0,,,,,BSCC,2025-10-28 15:47:53,36650
93,BSCC_STU00093,0.0,0.0,0.0,0.0,0.0,0.0,0.0,0.0,0.0,,,,,BSCC,2025-10-28 15:47:53,36658
94,BSCC_STU00094,0.0,0.0,0.0,0.0,0.0,0.0,0.0,0.0,-1.0,,,,,BSCC,2025-10-28 15:47:53,36637
95,BSCC_STU00095,0.0,0.0,0.0,0.0,0.0,0.0,0.0,0.0,0.0,,,,,BSCC,2025-10-28 15:47:53,36620
96,BSCC_STU00096,0.0,0.0,0.0,0.0,0.0,0.0,0.0,0.0,1.0,,,,,BSCC,2025-10-28 15:47:53,36617
97,BSCC_STU00097,0.0,0.0,0.0,0.0,1.0,0.0,1.0,0.0,1.0,,,,,BSCC,2025-10-28 15:47:53,36620
98,BSCC_STU00098,0.0,0.0,0.0,0.0,0.0,0.0,0.0,0.0,0.0,,,,,BSCC,2025-10-28 15:47:53,36689
99,BSCC_STU00099,0.0,0.0,0.0,0.0,0.0,0.0,0.0,0.0,-1.0,,,,,BSCC,2025-10-28 15:47:53,36631
100,BSCC_STU00100,0.0,0.0,0.0,0.0,0.0,4.0,0.0,4.0,-1.0,MS,Master's Colleges and Universities,Master's Colleges and Universities,Urban,BSCC,2025-10-28 15:47:53,36678
101,BSCC_STU00101,0.0,0.0,0.0,0.0,0.0,0.0,0.0,0.0,0.0,,,,,BSCC,2025-10-28 15:47:53,36658
102,BSCC_STU00102,0.0,0.0,0.0,0.0,0.0,0.0,0.0,0.0,-1.0,,,,,BSCC,2025-10-28 15:47:53,36637
103,BSCC_STU00103,0.0,0.0,0.0,0.0,0.0,0.0,0.0,0.0,0.0,,,,,BSCC,2025-10-28 15:47:53,36639
104,BSCC_STU00104,0.0,0.0,0.0,0.0,0.0,0.0,0.0,0.0,-1.0,,,,,BSCC,2025-10-28 15:47:53,36679
105,BSCC_STU00105,0.0,0.0,0.0,0.0,0.0,0.0,0.0,0.0,0.0,,,,,BSCC,2025-10-28 15:47:53,36524
106,BSCC_STU00106,0.0,0.0,0.0,0.0,0.0,0.0,0.0,0.0,-1.0,,,,,BSCC,2025-10-28 15:47:53,36646
107,BSCC_STU00107,0.0,0.0,0.0,0.0,0.0,0.0,0.0,0.0,-1.0,,,,,BSCC,2025-10-28 15:47:53,36606
108,BSCC_STU00108,0.0,0.0,0.0,0.0,0.0,0.0,0.0,0.0,1.0,,,,,BSCC,2025-10-28 15:47:53,36635
109,BSCC_STU00109,0.0,0.0,0.0,0.0,0.0,0.0,0.0,0.0,1.0,,,,,BSCC,2025-10-28 15:47:53,36611
110,BSCC_STU00110,0.0,0.0,0.0,0.0,0.0,0.0,0.0,0.0,-1.0,,,,,BSCC,2025-10-28 15:47:53,36656
111,BSCC_STU00111,0.0,0.0,0.0,0.0,0.0,0.0,0.0,0.0,0.0,,,,,BSCC,2025-10-28 15:47:53,36631
112,BSCC_STU00112,0.0,0.0,0.0,0.0,0.0,0.0,0.0,0.0,0.0,,,,,BSCC,2025-10-28 15:47:53,36657
113,BSCC_STU00113,0.0,0.0,0.0,0.0,0.0,0.0,0.0,0.0,1.0,,,,,BSCC,2025-10-28 15:47:53,36616
114,BSCC_STU00114,0.0,0.0,0.0,0.0,0.0,0.0,0.0,0.0,0.0,,,,,BSCC,2025-10-28 15:47:53,36612
115,BSCC_STU00115,0.0,0.0,0.0,0.0,0.0,0.0,0.0,0.0,-1.0,,,,,BSCC,2025-10-28 15:47:53,36587
116,BSCC_STU00116,0.0,0.0,0.0,0.0,0.0,4.0,0.0,4.0,-1.0,TN,Master's Colleges and Universities,Master's Colleges and Universities,Urban,BSCC,2025-10-28 15:47:53,36617
117,BSCC_STU00117,0.0,0.0,0.0,0.0,0.0,2.0,0.0,2.0,0.0,AL,Master's Colleges and Universities,Master's Colleges and Universities,Urban,BSCC,2025-10-28 15:47:53,36682
118,BSCC_STU00118,0.0,0.0,0.0,0.0,0.0,0.0,0.0,0.0,-1.0,,,,,BSCC,2025-10-28 15:47:53,36636
119,BSCC_STU00119,0.0,0.0,0.0,0.0,0.0,0.0,0.0,0.0,-1.0,,,,,BSCC,2025-10-28 15:47:53,36611
120,BSCC_STU00120,0.0,0.0,0.0,0.0,0.0,0.0,0.0,0.0,0.0,,,,,BSCC,2025-10-28 15:47:53,36662
121,BSCC_STU00121,0.0,4.0,0.0,4.0,0.0,4.0,0.0,4.0,0.0,GA,Master's Colleges and Universities,Master's Colleges and Universities,Suburb,BSCC,2025-10-28 15:47:53,36652
122,BSCC_STU00122,0.0,0.0,0.0,0.0,0.0,0.0,0.0,0.0,0.0,,,,,BSCC,2025-10-28 15:47:53,36603
123,BSCC_STU00123,0.0,0.0,0.0,0.0,0.0,0.0,0.0,0.0,0.0,,,,,BSCC,2025-10-28 15:47:53,36614
124,BSCC_STU00124,0.0,0.0,0.0,0.0,0.0,0.0,0.0,0.0,0.0,,,,,BSCC,2025-10-28 15:47:53,36651
125,BSCC_STU00125,0.0,0.0,0.0,0.0,0.0,0.0,0.0,0.0,-1.0,,,,,BSCC,2025-10-28 15:47:53,36618
126,BSCC_STU00126,0.0,0.0,0.0,0.0,0.0,0.0,0.0,0.0,-1.0,,,,,BSCC,2025-10-28 15:47:53,36639
127,BSCC_STU00127,0.0,0.0,0.0,0.0,0.0,0.0,0.0,0.0,0.0,,,,,BSCC,2025-10-28 15:47:53,36684
128,BSCC_STU00128,0.0,0.0,0.0,0.0,0.0,0.0,0.0,0.0,-1.0,,,,,BSCC,2025-10-28 15:47:53,36625
129,BSCC_STU00129,0.0,0.0,0.0,0.0,0.0,0.0,0.0,0.0,0.0,,,,,BSCC,2025-10-28 15:47:53,36691
130,BSCC_STU00130,0.0,0.0,0.0,0.0,0.0,0.0,0.0,0.0,0.0,,,,,BSCC,2025-10-28 15:47:53,36679
131,BSCC_STU00131,0.0,5.0,0.0,5.0,0.0,1.0,0.0,1.0,0.0,FL,Master's Colleges and Universities,Master's Colleges and Universities,Urban,BSCC,2025-10-28 15:47:53,36645
132,BSCC_STU00132,0.0,0.0,0.0,0.0,0.0,4.0,0.0,4.0,-1.0,GA,Master's Colleges and Universities,Master's Colleges and Universities,Town/Rural,BSCC,2025-10-28 15:47:53,36679
133,BSCC_STU00133,0.0,0.0,0.0,0.0,0.0,0.0,0.0,0.0,0.0,,,,,BSCC,2025-10-28 15:47:53,36683
134,BSCC_STU00134,0.0,0.0,0.0,0.0,0.0,3.0,0.0,3.0,1.0,TN,Master's Colleges and Universities,Master's Colleges and Universities,Suburb,BSCC,2025-10-28 15:47:53,36571
135,BSCC_STU00135,0.0,0.0,0.0,0.0,0.0,0.0,0.0,0.0,0.0,,,,,BSCC,2025-10-28 15:47:53,36615
136,BSCC_STU00136,0.0,0.0,0.0,0.0,0.0,0.0,0.0,0.0,-1.0,,,,,BSCC,2025-10-28 15:47:53,36612
137,BSCC_STU00137,0.0,0.0,0.0,0.0,0.0,0.0,0.0,0.0,-1.0,,,,,BSCC,2025-10-28 15:47:53,36689
138,BSCC_STU00138,0.0,0.0,0.0,0.0,0.0,0.0,0.0,0.0,0.0,,,,,BSCC,2025-10-28 15:47:53,36629
139,BSCC_STU00139,0.0,0.0,0.0,0.0,0.0,0.0,0.0,0.0,0.0,,,,,BSCC,2025-10-28 15:47:53,36540
140,BSCC_STU00140,0.0,0.0,0.0,0.0,0.0,0.0,0.0,0.0,1.0,,,,,BSCC,2025-10-28 15:47:53,36692
141,BSCC_STU00141,0.0,0.0,0.0,0.0,0.0,0.0,0.0,0.0,1.0,,,,,BSCC,2025-10-28 15:47:53,36524
142,BSCC_STU00142,0.0,0.0,0.0,0.0,0.0,0.0,0.0,0.0,1.0,,,,,BSCC,2025-10-28 15:47:53,36653
143,BSCC_STU00143,0.0,0.0,0.0,0.0,0.0,0.0,0.0,0.0,-1.0,,,,,BSCC,2025-10-28 15:47:53,36649
144,BSCC_STU00144,0.0,0.0,0.0,0.0,0.0,0.0,0.0,0.0,1.0,,,,,BSCC,2025-10-28 15:47:53,36601
145,BSCC_STU00145,0.0,0.0,0.0,0.0,0.0,0.0,0.0,0.0,1.0,,,,,BSCC,2025-10-28 15:47:53,36679
146,BSCC_STU00146,0.0,0.0,0.0,0.0,0.0,0.0,0.0,0.0,-1.0,,,,,BSCC,2025-10-28 15:47:53,36525
147,BSCC_STU00147,0.0,0.0,0.0,0.0,0.0,0.0,0.0,0.0,-1.0,,,,,BSCC,2025-10-28 15:47:53,36545
148,BSCC_STU00148,0.0,0.0,0.0,0.0,0.0,0.0,0.0,0.0,0.0,,,,,BSCC,2025-10-28 15:47:53,36607
149,BSCC_STU00149,0.0,0.0,0.0,0.0,5.0,0.0,5.0,0.0,0.0,,,,,BSCC,2025-10-28 15:47:53,36639
150,BSCC_STU00150,0.0,0.0,0.0,0.0,0.0,3.0,0.0,3.0,0.0,MS,Associate's Colleges,Associate's Colleges,Town/Rural,BSCC,2025-10-28 15:47:53,36635
151,BSCC_STU00151,0.0,0.0,0.0,0.0,0.0,0.0,0.0,0.0,-1.0,,,,,BSCC,2025-10-28 15:47:53,36632
152,BSCC_STU00152,0.0,0.0,0.0,0.0,0.0,0.0,0.0,0.0,0.0,,,,,BSCC,2025-10-28 15:47:53,36540
153,BSCC_STU00153,0.0,0.0,0.0,0.0,0.0,0.0,0.0,0.0,0.0,,,,,BSCC,2025-10-28 15:47:53,36684
154,BSCC_STU00154,0.0,0.0,0.0,0.0,0.0,0.0,0.0,0.0,1.0,,,,,BSCC,2025-10-28 15:47:53,36540
155,BSCC_STU00155,0.0,0.0,0.0,0.0,0.0,0.0,0.0,0.0,1.0,,,,,BSCC,2025-10-28 15:47:53,36671
156,BSCC_STU00156,0.0,0.0,0.0,0.0,0.0,0.0,0.0,0.0,1.0,,,,,BSCC,2025-10-28 15:47:53,36668
157,BSCC_STU00157,0.0,0.0,0.0,0.0,5.0,0.0,5.0,0.0,-1.0,,,,,BSCC,2025-10-28 15:47:53,36649
158,BSCC_STU00158,0.0,0.0,0.0,0.0,0.0,2.0,0.0,2.0,0.0,TN,Associate's Colleges,Associate's Colleges,Town/Rural,BSCC,2025-10-28 15:47:53,36610
159,BSCC_STU00159,0.0,0.0,0.0,0.0,0.0,0.0,0.0,0.0,1.0,,,,,BSCC,2025-10-28 15:47:53,36687
160,BSCC_STU00160,0.0,0.0,0.0,0.0,3.0,0.0,3.0,0.0,-1.0,,,,,BSCC,2025-10-28 15:47:53,36677
161,BSCC_STU00161,0.0,0.0,0.0,0.0,0.0,0.0,0.0,0.0,-1.0,,,,,BSCC,2025-10-28 15:47:53,36620
162,BSCC_STU00162,0.0,0.0,0.0,0.0,0.0,0.0,0.0,0.0,0.0,,,,,BSCC,2025-10-28 15:47:53,36666
163,BSCC_STU00163,0.0,0.0,0.0,0.0,0.0,0.0,0.0,0.0,1.0,,,,,BSCC,2025-10-28 15:47:53,36693
164,BSCC_STU00164,0.0,0.0,0.0,0.0,4.0,0.0,4.0,0.0,-1.0,,,,,BSCC,2025-10-28 15:47:53,36571
165,BSCC_STU00165,0.0,0.0,0.0,0.0,0.0,0.0,0.0,0.0,0.0,,,,,BSCC,2025-10-28 15:47:53,36656
166,BSCC_STU00166,0.0,0.0,0.0,0.0,0.0,0.0,0.0,0.0,0.0,,,,,BSCC,2025-10-28 15:47:53,36674
167,BSCC_STU00167,0.0,0.0,0.0,0.0,0.0,0.0,0.0,0.0,0.0,,,,,BSCC,2025-10-28 15:47:53,36587
168,BSCC_STU00168,0.0,0.0,0.0,0.0,0.0,0.0,0.0,0.0,0.0,,,,,BSCC,2025-10-28 15:47:53,36670
169,BSCC_STU00169,0.0,0.0,0.0,0.0,2.0,0.0,2.0,0.0,0.0,,,,,BSCC,2025-10-28 15:47:53,36525
170,BSCC_STU00170,0.0,0.0,0.0,0.0,0.0,0.0,0.0,0.0,1.0,,,,,BSCC,2025-10-28 15:47:53,36662
171,BSCC_STU00171,0.0,0.0,0.0,0.0,0.0,0.0,0.0,0.0,-1.0,,,,,BSCC,2025-10-28 15:47:53,36693
172,BSCC_STU00172,0.0,0.0,0.0,0.0,0.0,0.0,0.0,0.0,1.0,,,,,BSCC,2025-10-28 15:47:53,36695
173,BSCC_STU00173,0.0,0.0,0.0,0.0,0.0,0.0,0.0,0.0,0.0,,,,,BSCC,2025-10-28 15:47:53,36655
174,BSCC_STU00174,0.0,0.0,0.0,0.0,0.0,0.0,0.0,0.0,0.0,,,,,BSCC,2025-10-28 15:47:53,36626
175,BSCC_STU00175,0.0,0.0,0.0,0.0,0.0,0.0,0.0,0.0,1.0,,,,,BSCC,2025-10-28 15:47:53,36679
176,BSCC_STU00176,0.0,0.0,0.0,0.0,0.0,0.0,0.0,0.0,0.0,,,,,BSCC,2025-10-28 15:47:53,36672
177,BSCC_STU00177,0.0,0.0,0.0,0.0,0.0,0.0,0.0,0.0,0.0,,,,,BSCC,2025-10-28 15:47:53,36618
178,BSCC_STU00178,0.0,0.0,0.0,0.0,0.0,0.0,0.0,0.0,-1.0,,,,,BSCC,2025-10-28 15:47:53,36629
179,BSCC_STU00179,0.0,0.0,0.0,0.0,0.0,0.0,0.0,0.0,0.0,,,,,BSCC,2025-10-28 15:47:53,36540
180,BSCC_STU00180,0.0,0.0,0.0,0.0,0.0,0.0,0.0,0.0,0.0,,,,,BSCC,2025-10-28 15:47:53,36657
181,BSCC_STU00181,0.0,0.0,0.0,0.0,0.0,0.0,0.0,0.0,-1.0,,,,,BSCC,2025-10-28 15:47:53,36645
182,BSCC_STU00182,0.0,0.0,0.0,0.0,0.0,0.0,0.0,0.0,-1.0,,,,,BSCC,2025-10-28 15:47:53,36608
183,BSCC_STU00183,0.0,0.0,0.0,0.0,0.0,0.0,0.0,0.0,0.0,,,,,BSCC,2025-10-28 15:47:53,36649
184,BSCC_STU00184,0.0,0.0,0.0,0.0,0.0,0.0,0.0,0.0,0.0,,,,,BSCC,2025-10-28 15:47:53,36682
185,BSCC_STU00185,0.0,0.0,0.0,0.0,0.0,0.0,0.0,0.0,1.0,,,,,BSCC,2025-10-28 15:47:53,36663
186,BSCC_STU00186,0.0,0.0,0.0,0.0,2.0,0.0,2.0,0.0,0.0,,,,,BSCC,2025-10-28 15:47:53,36684
187,BSCC_STU00187,0.0,0.0,0.0,0.0,0.0,0.0,0.0,0.0,-1.0,,,,,BSCC,2025-10-28 15:47:53,36616
188,BSCC_STU00188,0.0,0.0,0.0,0.0,0.0,0.0,0.0,0.0,0.0,,,,,BSCC,2025-10-28 15:47:53,36683
189,BSCC_STU00189,0.0,4.0,0.0,4.0,0.0,3.0,0.0,3.0,1.0,GA,Master's Colleges and Universities,Master's Colleges and Universities,Town/Rural,BSCC,2025-10-28 15:47:53,36613
190,BSCC_STU00190,0.0,0.0,0.0,0.0,0.0,0.0,0.0,0.0,0.0,,,,,BSCC,2025-10-28 15:47:53,36571
191,BSCC_STU00191,0.0,0.0,0.0,0.0,0.0,0.0,0.0,0.0,0.0,,,,,BSCC,2025-10-28 15:47:53,36650
192,BSCC_STU00192,0.0,0.0,0.0,0.0,2.0,0.0,2.0,0.0,-1.0,,,,,BSCC,2025-10-28 15:47:53,36676
193,BSCC_STU00193,0.0,0.0,0.0,0.0,0.0,0.0,0.0,0.0,0.0,,,,,BSCC,2025-10-28 15:47:53,36627
194,BSCC_STU00194,0.0,0.0,0.0,0.0,0.0,0.0,0.0,0.0,-1.0,,,,,BSCC,2025-10-28 15:47:53,36608
195,BSCC_STU00195,0.0,0.0,0.0,0.0,0.0,0.0,0.0,0.0,0.0,,,,,BSCC,2025-10-28 15:47:53,36571
196,BSCC_STU00196,0.0,0.0,0.0,0.0,0.0,0.0,0.0,0.0,0.0,,,,,BSCC,2025-10-28 15:47:53,36609
197,BSCC_STU00197,0.0,0.0,0.0,0.0,0.0,0.0,0.0,0.0,-1.0,,,,,BSCC,2025-10-28 15:47:53,36601
198,BSCC_STU00198,0.0,0.0,0.0,0.0,0.0,0.0,0.0,0.0,0.0,,,,,BSCC,2025-10-28 15:47:53,36629
199,BSCC_STU00199,0.0,0.0,0.0,0.0,0.0,0.0,0.0,0.0,1.0,,,,,BSCC,2025-10-28 15:47:53,36660
200,BSCC_STU00200,0.0,0.0,0.0,0.0,0.0,0.0,0.0,0.0,0.0,,,,,BSCC,2025-10-28 15:47:53,36660
201,BSCC_STU00201,0.0,0.0,0.0,0.0,0.0,0.0,0.0,0.0,-1.0,,,,,BSCC,2025-10-28 15:47:53,36643
202,BSCC_STU00202,0.0,0.0,0.0,0.0,0.0,0.0,0.0,0.0,-1.0,,,,,BSCC,2025-10-28 15:47:53,36653
203,BSCC_STU00203,0.0,0.0,0.0,0.0,0.0,0.0,0.0,0.0,0.0,,,,,BSCC,2025-10-28 15:47:53,36641
204,BSCC_STU00204,0.0,0.0,0.0,0.0,0.0,0.0,0.0,0.0,0.0,,,,,BSCC,2025-10-28 15:47:53,36616
205,BSCC_STU00205,0.0,0.0,0.0,0.0,0.0,0.0,0.0,0.0,0.0,,,,,BSCC,2025-10-28 15:47:53,36619
206,BSCC_STU00206,0.0,0.0,0.0,0.0,0.0,0.0,0.0,0.0,1.0,,,,,BSCC,2025-10-28 15:47:53,36614
207,BSCC_STU00207,0.0,0.0,0.0,0.0,0.0,0.0,0.0,0.0,1.0,,,,,BSCC,2025-10-28 15:47:53,36675
208,BSCC_STU00208,0.0,0.0,0.0,0.0,3.0,0.0,3.0,0.0,-1.0,,,,,BSCC,2025-10-28 15:47:53,36693
209,BSCC_STU00209,0.0,0.0,0.0,0.0,0.0,0.0,0.0,0.0,0.0,,,,,BSCC,2025-10-28 15:47:53,36671
210,BSCC_STU00210,0.0,0.0,0.0,0.0,0.0,0.0,0.0,0.0,0.0,,,,,BSCC,2025-10-28 15:47:53,36645
211,BSCC_STU00211,0.0,0.0,0.0,0.0,0.0,0.0,0.0,0.0,0.0,,,,,BSCC,2025-10-28 15:47:53,36621
212,BSCC_STU00212,0.0,0.0,0.0,0.0,0.0,0.0,0.0,0.0,0.0,,,,,BSCC,2025-10-28 15:47:53,36623
213,BSCC_STU00213,0.0,0.0,0.0,0.0,0.0,0.0,0.0,0.0,1.0,,,,,BSCC,2025-10-28 15:47:53,36670
214,BSCC_STU00214,0.0,0.0,0.0,0.0,0.0,0.0,0.0,0.0,-1.0,,,,,BSCC,2025-10-28 15:47:53,36619
215,BSCC_STU00215,0.0,0.0,0.0,0.0,0.0,0.0,0.0,0.0,1.0,,,,,BSCC,2025-10-28 15:47:53,36676
216,BSCC_STU00216,0.0,0.0,0.0,0.0,0.0,0.0,0.0,0.0,0.0,,,,,BSCC,2025-10-28 15:47:53,36623
217,BSCC_STU00217,0.0,0.0,0.0,0.0,0.0,0.0,0.0,0.0,0.0,,,,,BSCC,2025-10-28 15:47:53,36678
218,BSCC_STU00218,0.0,0.0,0.0,0.0,3.0,0.0,3.0,0.0,1.0,,,,,BSCC,2025-10-28 15:47:53,36658
219,BSCC_STU00219,0.0,0.0,0.0,0.0,0.0,0.0,0.0,0.0,0.0,,,,,BSCC,2025-10-28 15:47:53,36621
220,BSCC_STU00220,0.0,0.0,0.0,0.0,0.0,0.0,0.0,0.0,0.0,,,,,BSCC,2025-10-28 15:47:53,36679
221,BSCC_STU00221,0.0,0.0,0.0,0.0,0.0,0.0,0.0,0.0,0.0,,,,,BSCC,2025-10-28 15:47:53,36634
222,BSCC_STU00222,0.0,0.0,0.0,0.0,2.0,0.0,2.0,0.0,-1.0,,,,,BSCC,2025-10-28 15:47:53,36604
223,BSCC_STU00223,0.0,0.0,0.0,0.0,3.0,0.0,3.0,0.0,-1.0,,,,,BSCC,2025-10-28 15:47:53,36648
224,BSCC_STU00224,0.0,0.0,0.0,0.0,0.0,0.0,0.0,0.0,0.0,,,,,BSCC,2025-10-28 15:47:53,36650
225,BSCC_STU00225,0.0,0.0,0.0,0.0,0.0,0.0,0.0,0.0,1.0,,,,,BSCC,2025-10-28 15:47:53,36674
226,BSCC_STU00226,0.0,0.0,0.0,0.0,0.0,0.0,0.0,0.0,-1.0,,,,,BSCC,2025-10-28 15:47:53,36626
227,BSCC_STU00227,0.0,0.0,0.0,0.0,0.0,0.0,0.0,0.0,0.0,,,,,BSCC,2025-10-28 15:47:53,36667
228,BSCC_STU00228,0.0,0.0,0.0,0.0,0.0,0.0,0.0,0.0,0.0,,,,,BSCC,2025-10-28 15:47:53,36571
229,BSCC_STU00229,0.0,0.0,0.0,0.0,0.0,0.0,0.0,0.0,0.0,,,,,BSCC,2025-10-28 15:47:53,36607
230,BSCC_STU00230,0.0,0.0,0.0,0.0,0.0,0.0,0.0,0.0,-1.0,,,,,BSCC,2025-10-28 15:47:53,36560
231,BSCC_STU00231,0.0,0.0,0.0,0.0,0.0,0.0,0.0,0.0,-1.0,,,,,BSCC,2025-10-28 15:47:53,36666
232,BSCC_STU00232,0.0,0.0,0.0,0.0,0.0,0.0,0.0,0.0,0.0,,,,,BSCC,2025-10-28 15:47:53,36607
233,BSCC_STU00233,0.0,4.0,0.0,4.0,3.0,0.0,3.0,0.0,0.0,,,,,BSCC,2025-10-28 15:47:53,36677
234,BSCC_STU00234,0.0,0.0,0.0,0.0,3.0,0.0,3.0,0.0,-1.0,,,,,BSCC,2025-10-28 15:47:53,36687
235,BSCC_STU00235,0.0,0.0,0.0,0.0,0.0,0.0,0.0,0.0,1.0,,,,,BSCC,2025-10-28 15:47:53,36659
236,BSCC_STU00236,0.0,0.0,0.0,0.0,3.0,0.0,3.0,0.0,1.0,,,,,BSCC,2025-10-28 15:47:53,36688
237,BSCC_STU00237,0.0,0.0,0.0,0.0,0.0,0.0,0.0,0.0,0.0,,,,,BSCC,2025-10-28 15:47:53,36652
238,BSCC_STU00238,0.0,0.0,0.0,0.0,0.0,0.0,0.0,0.0,-1.0,,,,,BSCC,2025-10-28 15:47:53,36625
239,BSCC_STU00239,0.0,0.0,0.0,0.0,0.0,0.0,0.0,0.0,0.0,,,,,BSCC,2025-10-28 15:47:53,36617
240,BSCC_STU00240,0.0,0.0,0.0,0.0,2.0,0.0,2.0,0.0,1.0,,,,,BSCC,2025-10-28 15:47:53,36646
241,BSCC_STU00241,0.0,0.0,0.0,0.0,0.0,0.0,0.0,0.0,1.0,,,,,BSCC,2025-10-28 15:47:53,36665
242,BSCC_STU00242,0.0,0.0,0.0,0.0,0.0,0.0,0.0,0.0,0.0,,,,,BSCC,2025-10-28 15:47:53,36560
243,BSCC_STU00243,0.0,0.0,0.0,0.0,0.0,0.0,0.0,0.0,1.0,,,,,BSCC,2025-10-28 15:47:53,36662
244,BSCC_STU00244,0.0,0.0,0.0,0.0,0.0,0.0,0.0,0.0,1.0,,,,,BSCC,2025-10-28 15:47:53,36640
245,BSCC_STU00245,0.0,0.0,0.0,0.0,0.0,0.0,0.0,0.0,0.0,,,,,BSCC,2025-10-28 15:47:53,36646
246,BSCC_STU00246,0.0,0.0,0.0,0.0,0.0,0.0,0.0,0.0,0.0,,,,,BSCC,2025-10-28 15:47:53,36692
247,BSCC_STU00247,0.0,0.0,0.0,0.0,0.0,0.0,0.0,0.0,-1.0,,,,,BSCC,2025-10-28 15:47:53,36661
248,BSCC_STU00248,0.0,0.0,0.0,0.0,0.0,0.0,0.0,0.0,0.0,,,,,BSCC,2025-10-28 15:47:53,36615
249,BSCC_STU00249,0.0,0.0,0.0,0.0,0.0,0.0,0.0,0.0,0.0,,,,,BSCC,2025-10-28 15:47:53,36602
250,BSCC_STU00250,0.0,0.0,0.0,0.0,0.0,5.0,0.0,5.0,0.0,GA,Master's Colleges and Universities,Master's Colleges and Universities,Town/Rural,BSCC,2025-10-28 15:47:53,36607
251,BSCC_STU00251,0.0,0.0,0.0,0.0,0.0,0.0,0.0,0.0,-1.0,,,,,BSCC,2025-10-28 15:47:53,36615
252,BSCC_STU00252,0.0,0.0,0.0,0.0,0.0,0.0,0.0,0.0,0.0,,,,,BSCC,2025-10-28 15:47:53,36676
253,BSCC_STU00253,0.0,0.0,0.0,0.0,0.0,0.0,0.0,0.0,-1.0,,,,,BSCC,2025-10-28 15:47:53,36663
254,BSCC_STU00254,0.0,0.0,0.0,0.0,0.0,0.0,0.0,0.0,0.0,,,,,BSCC,2025-10-28 15:47:53,36629
255,BSCC_STU00255,0.0,0.0,0.0,0.0,3.0,0.0,3.0,0.0,-1.0,,,,,BSCC,2025-10-28 15:47:53,36679
256,BSCC_STU00256,0.0,0.0,0.0,0.0,0.0,0.0,0.0,0.0,0.0,,,,,BSCC,2025-10-28 15:47:53,36657
257,BSCC_STU00257,0.0,0.0,0.0,0.0,0.0,5.0,0.0,5.0,-1.0,FL,Master's Colleges and Universities,Master's Colleges and Universities,Town/Rural,BSCC,2025-10-28 15:47:53,36644
258,BSCC_STU00258,0.0,0.0,0.0,0.0,0.0,0.0,0.0,0.0,1.0,,,,,BSCC,2025-10-28 15:47:53,36606
259,BSCC_STU00259,0.0,0.0,0.0,0.0,0.0,0.0,0.0,0.0,1.0,,,,,BSCC,2025-10-28 15:47:53,36616
260,BSCC_STU00260,0.0,0.0,0.0,0.0,0.0,0.0,0.0,0.0,0.0,,,,,BSCC,2025-10-28 15:47:53,36666
261,BSCC_STU00261,0.0,0.0,0.0,0.0,0.0,0.0,0.0,0.0,0.0,,,,,BSCC,2025-10-28 15:47:53,36636
262,BSCC_STU00262,0.0,0.0,0.0,0.0,2.0,0.0,2.0,0.0,1.0,,,,,BSCC,2025-10-28 15:47:53,36681
263,BSCC_STU00263,0.0,0.0,0.0,0.0,0.0,0.0,0.0,0.0,0.0,,,,,BSCC,2025-10-28 15:47:53,36672
264,BSCC_STU00264,0.0,0.0,0.0,0.0,0.0,0.0,0.0,0.0,-1.0,,,,,BSCC,2025-10-28 15:47:53,36649
265,BSCC_STU00265,0.0,0.0,0.0,0.0,0.0,0.0,0.0,0.0,0.0,,,,,BSCC,2025-10-28 15:47:53,36605
266,BSCC_STU00266,0.0,0.0,0.0,0.0,0.0,0.0,0.0,0.0,-1.0,,,,,BSCC,2025-10-28 15:47:53,36571
267,BSCC_STU00267,0.0,0.0,0.0,0.0,0.0,0.0,0.0,0.0,-1.0,,,,,BSCC,2025-10-28 15:47:53,36525
268,BSCC_STU00268,0.0,0.0,0.0,0.0,0.0,2.0,0.0,2.0,-1.0,TN,Master's Colleges and Universities,Master's Colleges and Universities,Suburb,BSCC,2025-10-28 15:47:53,36655
269,BSCC_STU00269,0.0,0.0,0.0,0.0,0.0,0.0,0.0,0.0,-1.0,,,,,BSCC,2025-10-28 15:47:53,36671
270,BSCC_STU00270,0.0,0.0,0.0,0.0,0.0,0.0,0.0,0.0,-1.0,,,,,BSCC,2025-10-28 15:47:53,36638
271,BSCC_STU00271,0.0,0.0,0.0,0.0,0.0,0.0,0.0,0.0,-1.0,,,,,BSCC,2025-10-28 15:47:53,36649
272,BSCC_STU00272,0.0,0.0,0.0,0.0,0.0,0.0,0.0,0.0,1.0,,,,,BSCC,2025-10-28 15:47:53,36611
273,BSCC_STU00273,0.0,0.0,0.0,0.0,0.0,0.0,0.0,0.0,-1.0,,,,,BSCC,2025-10-28 15:47:53,36614
274,BSCC_STU00274,0.0,0.0,0.0,0.0,0.0,0.0,0.0,0.0,-1.0,,,,,BSCC,2025-10-28 15:47:53,36674
275,BSCC_STU00275,0.0,0.0,0.0,0.0,0.0,0.0,0.0,0.0,0.0,,,,,BSCC,2025-10-28 15:47:53,36606
276,BSCC_STU00276,0.0,0.0,0.0,0.0,3.0,0.0,3.0,0.0,-1.0,,,,,BSCC,2025-10-28 15:47:53,36685
277,BSCC_STU00277,0.0,0.0,0.0,0.0,0.0,0.0,0.0,0.0,0.0,,,,,BSCC,2025-10-28 15:47:53,36602
278,BSCC_STU00278,0.0,0.0,0.0,0.0,0.0,0.0,0.0,0.0,-1.0,,,,,BSCC,2025-10-28 15:47:53,36683
279,BSCC_STU00279,0.0,0.0,0.0,0.0,5.0,0.0,5.0,0.0,-1.0,,,,,BSCC,2025-10-28 15:47:53,36610
280,BSCC_STU00280,0.0,0.0,0.0,0.0,0.0,0.0,0.0,0.0,0.0,,,,,BSCC,2025-10-28 15:47:53,36685
281,BSCC_STU00281,0.0,0.0,0.0,0.0,4.0,0.0,4.0,0.0,-1.0,,,,,BSCC,2025-10-28 15:47:53,36618
282,BSCC_STU00282,0.0,0.0,0.0,0.0,0.0,0.0,0.0,0.0,-1.0,,,,,BSCC,2025-10-28 15:47:53,36694
283,BSCC_STU00283,0.0,0.0,0.0,0.0,0.0,0.0,0.0,0.0,-1.0,,,,,BSCC,2025-10-28 15:47:53,36647
284,BSCC_STU00284,0.0,5.0,0.0,5.0,3.0,0.0,3.0,0.0,1.0,,,,,BSCC,2025-10-28 15:47:53,36618
285,BSCC_STU00285,0.0,0.0,0.0,0.0,0.0,0.0,0.0,0.0,1.0,,,,,BSCC,2025-10-28 15:47:53,36659
286,BSCC_STU00286,0.0,0.0,0.0,0.0,0.0,0.0,0.0,0.0,0.0,,,,,BSCC,2025-10-28 15:47:53,36684
287,BSCC_STU00287,0.0,0.0,0.0,0.0,0.0,0.0,0.0,0.0,1.0,,,,,BSCC,2025-10-28 15:47:53,36610
288,BSCC_STU00288,0.0,0.0,0.0,0.0,0.0,0.0,0.0,0.0,0.0,,,,,BSCC,2025-10-28 15:47:53,36606
289,BSCC_STU00289,0.0,0.0,0.0,0.0,0.0,0.0,0.0,0.0,0.0,,,,,BSCC,2025-10-28 15:47:53,36693
290,BSCC_STU00290,0.0,0.0,0.0,0.0,0.0,0.0,0.0,0.0,-1.0,,,,,BSCC,2025-10-28 15:47:53,36634
291,BSCC_STU00291,0.0,0.0,0.0,0.0,0.0,0.0,0.0,0.0,1.0,,,,,BSCC,2025-10-28 15:47:53,36613
292,BSCC_STU00292,0.0,0.0,0.0,0.0,0.0,0.0,0.0,0.0,0.0,,,,,BSCC,2025-10-28 15:47:53,36560
293,BSCC_STU00293,0.0,0.0,0.0,0.0,4.0,0.0,4.0,0.0,1.0,,,,,BSCC,2025-10-28 15:47:53,36613
294,BSCC_STU00294,0.0,0.0,0.0,0.0,0.0,0.0,0.0,0.0,-1.0,,,,,BSCC,2025-10-28 15:47:53,36653
295,BSCC_STU00295,0.0,0.0,0.0,0.0,0.0,0.0,0.0,0.0,0.0,,,,,BSCC,2025-10-28 15:47:53,36662
296,BSCC_STU00296,0.0,0.0,0.0,0.0,0.0,0.0,0.0,0.0,1.0,,,,,BSCC,2025-10-28 15:47:53,36571
297,BSCC_STU00297,0.0,0.0,0.0,0.0,0.0,0.0,0.0,0.0,1.0,,,,,BSCC,2025-10-28 15:47:53,36611
298,BSCC_STU00298,0.0,0.0,0.0,0.0,0.0,0.0,0.0,0.0,1.0,,,,,BSCC,2025-10-28 15:47:53,36637
299,BSCC_STU00299,0.0,0.0,0.0,0.0,0.0,0.0,0.0,0.0,0.0,,,,,BSCC,2025-10-28 15:47:53,36560
300,BSCC_STU00300,0.0,0.0,0.0,0.0,0.0,0.0,0.0,0.0,1.0,,,,,BSCC,2025-10-28 15:47:53,36659
301,BSCC_STU00301,0.0,0.0,0.0,0.0,0.0,0.0,0.0,0.0,-1.0,,,,,BSCC,2025-10-28 15:47:53,36633
302,BSCC_STU00302,0.0,0.0,0.0,0.0,0.0,0.0,0.0,0.0,-1.0,,,,,BSCC,2025-10-28 15:47:53,36676
303,BSCC_STU00303,0.0,0.0,0.0,0.0,0.0,4.0,0.0,4.0,0.0,FL,Associate's Colleges,Associate's Colleges,Urban,BSCC,2025-10-28 15:47:53,36612
304,BSCC_STU00304,0.0,0.0,0.0,0.0,0.0,0.0,0.0,0.0,-1.0,,,,,BSCC,2025-10-28 15:47:53,36620
305,BSCC_STU00305,0.0,0.0,0.0,0.0,0.0,0.0,0.0,0.0,1.0,,,,,BSCC,2025-10-28 15:47:53,36664
306,BSCC_STU00306,0.0,0.0,0.0,0.0,0.0,0.0,0.0,0.0,1.0,,,,,BSCC,2025-10-28 15:47:53,36665
307,BSCC_STU00307,0.0,0.0,0.0,0.0,0.0,0.0,0.0,0.0,1.0,,,,,BSCC,2025-10-28 15:47:53,36679
308,BSCC_STU00308,0.0,0.0,0.0,0.0,0.0,3.0,0.0,3.0,-1.0,GA,Master's Colleges and Universities,Master's Colleges and Universities,Urban,BSCC,2025-10-28 15:47:53,36636
309,BSCC_STU00309,0.0,0.0,0.0,0.0,0.0,0.0,0.0,0.0,0.0,,,,,BSCC,2025-10-28 15:47:53,36669
310,BSCC_STU00310,0.0,0.0,0.0,0.0,0.0,0.0,0.0,0.0,1.0,,,,,BSCC,2025-10-28 15:47:53,36658
311,BSCC_STU00311,0.0,0.0,0.0,0.0,0.0,0.0,0.0,0.0,-1.0,,,,,BSCC,2025-10-28 15:47:53,36623
312,BSCC_STU00312,0.0,0.0,0.0,0.0,0.0,0.0,0.0,0.0,1.0,,,,,BSCC,2025-10-28 15:47:53,36654
313,BSCC_STU00313,0.0,0.0,0.0,0.0,0.0,0.0,0.0,0.0,-1.0,,,,,BSCC,2025-10-28 15:47:53,36560
314,BSCC_STU00314,0.0,4.0,0.0,4.0,1.0,0.0,1.0,0.0,-1.0,,,,,BSCC,2025-10-28 15:47:53,36627
315,BSCC_STU00315,0.0,0.0,0.0,0.0,0.0,0.0,0.0,0.0,0.0,,,,,BSCC,2025-10-28 15:47:53,36657
316,BSCC_STU00316,0.0,0.0,0.0,0.0,0.0,0.0,0.0,0.0,1.0,,,,,BSCC,2025-10-28 15:47:53,36671
317,BSCC_STU00317,0.0,0.0,0.0,0.0,0.0,0.0,0.0,0.0,0.0,,,,,BSCC,2025-10-28 15:47:53,36630
318,BSCC_STU00318,0.0,0.0,0.0,0.0,0.0,0.0,0.0,0.0,1.0,,,,,BSCC,2025-10-28 15:47:53,36638
319,BSCC_STU00319,0.0,0.0,0.0,0.0,0.0,0.0,0.0,0.0,1.0,,,,,BSCC,2025-10-28 15:47:53,36655
320,BSCC_STU00320,0.0,0.0,0.0,0.0,0.0,0.0,0.0,0.0,0.0,,,,,BSCC,2025-10-28 15:47:53,36609
321,BSCC_STU00321,0.0,0.0,0.0,0.0,1.0,0.0,1.0,0.0,0.0,,,,,BSCC,2025-10-28 15:47:53,36692
322,BSCC_STU00322,0.0,4.0,0.0,4.0,0.0,1.0,0.0,1.0,-1.0,FL,Master's Colleges and Universities,Master's Colleges and Universities,Urban,BSCC,2025-10-28 15:47:53,36661
323,BSCC_STU00323,0.0,0.0,0.0,0.0,0.0,0.0,0.0,0.0,1.0,,,,,BSCC,2025-10-28 15:47:53,36524
324,BSCC_STU00324,0.0,0.0,0.0,0.0,0.0,0.0,0.0,0.0,1.0,,,,,BSCC,2025-10-28 15:47:53,36642
325,BSCC_STU00325,0.0,3.0,0.0,3.0,5.0,0.0,5.0,0.0,-1.0,,,,,BSCC,2025-10-28 15:47:53,36648
326,BSCC_STU00326,0.0,0.0,0.0,0.0,0.0,0.0,0.0,0.0,1.0,,,,,BSCC,2025-10-28 15:47:53,36603
327,BSCC_STU00327,0.0,0.0,0.0,0.0,0.0,0.0,0.0,0.0,1.0,,,,,BSCC,2025-10-28 15:47:53,36636
328,BSCC_STU00328,0.0,0.0,0.0,0.0,0.0,0.0,0.0,0.0,-1.0,,,,,BSCC,2025-10-28 15:47:53,36603
329,BSCC_STU00329,0.0,0.0,0.0,0.0,0.0,0.0,0.0,0.0,0.0,,,,,BSCC,2025-10-28 15:47:53,36615
330,BSCC_STU00330,0.0,0.0,0.0,0.0,0.0,0.0,0.0,0.0,1.0,,,,,BSCC,2025-10-28 15:47:53,36690
331,BSCC_STU00331,0.0,0.0,0.0,0.0,0.0,0.0,0.0,0.0,0.0,,,,,BSCC,2025-10-28 15:47:53,36647
332,BSCC_STU00332,0.0,0.0,0.0,0.0,0.0,0.0,0.0,0.0,-1.0,,,,,BSCC,2025-10-28 15:47:53,36669
333,BSCC_STU00333,0.0,0.0,0.0,0.0,3.0,0.0,3.0,0.0,-1.0,,,,,BSCC,2025-10-28 15:47:53,36614
334,BSCC_STU00334,0.0,0.0,0.0,0.0,3.0,0.0,3.0,0.0,1.0,,,,,BSCC,2025-10-28 15:47:53,36678
335,BSCC_STU00335,0.0,0.0,0.0,0.0,0.0,0.0,0.0,0.0,-1.0,,,,,BSCC,2025-10-28 15:47:53,36629
336,BSCC_STU00336,0.0,0.0,0.0,0.0,0.0,0.0,0.0,0.0,0.0,,,,,BSCC,2025-10-28 15:47:53,36639
337,BSCC_STU00337,0.0,0.0,0.0,0.0,0.0,0.0,0.0,0.0,1.0,,,,,BSCC,2025-10-28 15:47:53,36649
338,BSCC_STU00338,0.0,0.0,0.0,0.0,0.0,0.0,0.0,0.0,0.0,,,,,BSCC,2025-10-28 15:47:53,36602
339,BSCC_STU00339,0.0,0.0,0.0,0.0,0.0,0.0,0.0,0.0,1.0,,,,,BSCC,2025-10-28 15:47:53,36629
340,BSCC_STU00340,0.0,0.0,0.0,0.0,0.0,0.0,0.0,0.0,1.0,,,,,BSCC,2025-10-28 15:47:53,36684
341,BSCC_STU00341,0.0,5.0,0.0,5.0,4.0,0.0,4.0,0.0,-1.0,,,,,BSCC,2025-10-28 15:47:53,36645
342,BSCC_STU00342,0.0,0.0,0.0,0.0,0.0,0.0,0.0,0.0,-1.0,,,,,BSCC,2025-10-28 15:47:53,36615
343,BSCC_STU00343,0.0,0.0,0.0,0.0,0.0,0.0,0.0,0.0,1.0,,,,,BSCC,2025-10-28 15:47:53,36667
344,BSCC_STU00344,0.0,0.0,0.0,0.0,0.0,0.0,0.0,0.0,-1.0,,,,,BSCC,2025-10-28 15:47:53,36637
345,BSCC_STU00345,0.0,0.0,0.0,0.0,0.0,0.0,0.0,0.0,1.0,,,,,BSCC,2025-10-28 15:47:53,36614
346,BSCC_STU00346,0.0,0.0,0.0,0.0,0.0,0.0,0.0,0.0,1.0,,,,,BSCC,2025-10-28 15:47:53,36659
347,BSCC_STU00347,0.0,0.0,0.0,0.0,0.0,0.0,0.0,0.0,1.0,,,,,BSCC,2025-10-28 15:47:53,36681
348,BSCC_STU00348,0.0,0.0,0.0,0.0,0.0,0.0,0.0,0.0,0.0,,,,,BSCC,2025-10-28 15:47:53,36654
349,BSCC_STU00349,0.0,0.0,0.0,0.0,0.0,0.0,0.0,0.0,1.0,,,,,BSCC,2025-10-28 15:47:53,36618
350,BSCC_STU00350,0.0,0.0,0.0,0.0,0.0,0.0,0.0,0.0,-1.0,,,,,BSCC,2025-10-28 15:47:53,36653
351,BSCC_STU00351,0.0,0.0,0.0,0.0,0.0,0.0,0.0,0.0,-1.0,,,,,BSCC,2025-10-28 15:47:53,36679
352,BSCC_STU00352,0.0,0.0,0.0,0.0,0.0,0.0,0.0,0.0,0.0,,,,,BSCC,2025-10-28 15:47:53,36629
353,BSCC_STU00353,0.0,0.0,0.0,0.0,0.0,0.0,0.0,0.0,-1.0,,,,,BSCC,2025-10-28 15:47:53,36659
354,BSCC_STU00354,0.0,0.0,0.0,0.0,0.0,0.0,0.0,0.0,0.0,,,,,BSCC,2025-10-28 15:47:53,36667
355,BSCC_STU00355,0.0,0.0,0.0,0.0,0.0,0.0,0.0,0.0,-1.0,,,,,BSCC,2025-10-28 15:47:53,36651
356,BSCC_STU00356,0.0,0.0,0.0,0.0,0.0,0.0,0.0,0.0,1.0,,,,,BSCC,2025-10-28 15:47:53,36642
357,BSCC_STU00357,0.0,0.0,0.0,0.0,0.0,0.0,0.0,0.0,-1.0,,,,,BSCC,2025-10-28 15:47:53,36694
358,BSCC_STU00358,0.0,0.0,0.0,0.0,0.0,0.0,0.0,0.0,0.0,,,,,BSCC,2025-10-28 15:47:53,36694
359,BSCC_STU00359,0.0,0.0,0.0,0.0,0.0,0.0,0.0,0.0,-1.0,,,,,BSCC,2025-10-28 15:47:53,36670
360,BSCC_STU00360,0.0,0.0,0.0,0.0,0.0,0.0,0.0,0.0,-1.0,,,,,BSCC,2025-10-28 15:47:53,36619
361,BSCC_STU00361,0.0,0.0,0.0,0.0,0.0,0.0,0.0,0.0,-1.0,,,,,BSCC,2025-10-28 15:47:53,36647
362,BSCC_STU00362,0.0,0.0,0.0,0.0,0.0,0.0,0.0,0.0,0.0,,,,,BSCC,2025-10-28 15:47:53,36616
363,BSCC_STU00363,0.0,0.0,0.0,0.0,0.0,0.0,0.0,0.0,-1.0,,,,,BSCC,2025-10-28 15:47:53,36693
364,BSCC_STU00364,0.0,0.0,0.0,0.0,0.0,0.0,0.0,0.0,1.0,,,,,BSCC,2025-10-28 15:47:53,36624
365,BSCC_STU00365,0.0,0.0,0.0,0.0,0.0,0.0,0.0,0.0,1.0,,,,,BSCC,2025-10-28 15:47:53,36643
366,BSCC_STU00366,0.0,0.0,0.0,0.0,0.0,0.0,0.0,0.0,0.0,,,,,BSCC,2025-10-28 15:47:53,36643
367,BSCC_STU00367,0.0,0.0,0.0,0.0,0.0,0.0,0.0,0.0,1.0,,,,,BSCC,2025-10-28 15:47:53,36571
368,BSCC_STU00368,0.0,0.0,0.0,0.0,0.0,0.0,0.0,0.0,-1.0,,,,,BSCC,2025-10-28 15:47:53,36622
369,BSCC_STU00369,0.0,0.0,0.0,0.0,0.0,0.0,0.0,0.0,1.0,,,,,BSCC,2025-10-28 15:47:53,36623
370,BSCC_STU00370,0.0,0.0,0.0,0.0,0.0,0.0,0.0,0.0,0.0,,,,,BSCC,2025-10-28 15:47:53,36619
371,BSCC_STU00371,0.0,0.0,0.0,0.0,0.0,2.0,0.0,2.0,0.0,FL,Master's Colleges and Universities,Master's Colleges and Universities,Town/Rural,BSCC,2025-10-28 15:47:53,36606
372,BSCC_STU00372,0.0,0.0,0.0,0.0,1.0,0.0,1.0,0.0,1.0,,,,,BSCC,2025-10-28 15:47:53,36636
373,BSCC_STU00373,0.0,0.0,0.0,0.0,0.0,0.0,0.0,0.0,-1.0,,,,,BSCC,2025-10-28 15:47:53,36661
374,BSCC_STU00374,0.0,0.0,0.0,0.0,0.0,0.0,0.0,0.0,0.0,,,,,BSCC,2025-10-28 15:47:53,36626
375,BSCC_STU00375,0.0,0.0,0.0,0.0,0.0,0.0,0.0,0.0,1.0,,,,,BSCC,2025-10-28 15:47:53,36640
376,BSCC_STU00376,0.0,0.0,0.0,0.0,0.0,0.0,0.0,0.0,1.0,,,,,BSCC,2025-10-28 15:47:53,36663
377,BSCC_STU00377,0.0,0.0,0.0,0.0,0.0,0.0,0.0,0.0,0.0,,,,,BSCC,2025-10-28 15:47:53,36672
378,BSCC_STU00378,0.0,0.0,0.0,0.0,0.0,0.0,0.0,0.0,-1.0,,,,,BSCC,2025-10-28 15:47:53,36673
379,BSCC_STU00379,0.0,0.0,0.0,0.0,0.0,0.0,0.0,0.0,1.0,,,,,BSCC,2025-10-28 15:47:53,36613
380,BSCC_STU00380,0.0,0.0,0.0,0.0,0.0,3.0,0.0,3.0,-1.0,FL,Associate's Colleges,Associate's Colleges,Town/Rural,BSCC,2025-10-28 15:47:53,36525
381,BSCC_STU00381,0.0,0.0,0.0,0.0,0.0,0.0,0.0,0.0,-1.0,,,,,BSCC,2025-10-28 15:47:53,36679
382,BSCC_STU00382,0.0,0.0,0.0,0.0,0.0,0.0,0.0,0.0,-1.0,,,,,BSCC,2025-10-28 15:47:53,36604
383,BSCC_STU00383,0.0,0.0,0.0,0.0,0.0,0.0,0.0,0.0,-1.0,,,,,BSCC,2025-10-28 15:47:53,36637
384,BSCC_STU00384,0.0,0.0,0.0,0.0,0.0,0.0,0.0,0.0,0.0,,,,,BSCC,2025-10-28 15:47:53,36655
385,BSCC_STU00385,0.0,0.0,0.0,0.0,0.0,0.0,0.0,0.0,-1.0,,,,,BSCC,2025-10-28 15:47:53,36674
386,BSCC_STU00386,0.0,0.0,0.0,0.0,0.0,0.0,0.0,0.0,-1.0,,,,,BSCC,2025-10-28 15:47:53,36660
387,BSCC_STU00387,0.0,0.0,0.0,0.0,0.0,0.0,0.0,0.0,-1.0,,,,,BSCC,2025-10-28 15:47:53,36661
388,BSCC_STU00388,0.0,0.0,0.0,0.0,0.0,0.0,0.0,0.0,-1.0,,,,,BSCC,2025-10-28 15:47:53,36675
389,BSCC_STU00389,0.0,0.0,0.0,0.0,0.0,0.0,0.0,0.0,-1.0,,,,,BSCC,2025-10-28 15:47:53,36679
390,BSCC_STU00390,0.0,0.0,0.0,0.0,0.0,0.0,0.0,0.0,0.0,,,,,BSCC,2025-10-28 15:47:53,36611
391,BSCC_STU00391,0.0,0.0,0.0,0.0,0.0,0.0,0.0,0.0,1.0,,,,,BSCC,2025-10-28 15:47:53,36525
392,BSCC_STU00392,0.0,0.0,0.0,0.0,0.0,0.0,0.0,0.0,0.0,,,,,BSCC,2025-10-28 15:47:53,36656
393,BSCC_STU00393,0.0,0.0,0.0,0.0,0.0,0.0,0.0,0.0,-1.0,,,,,BSCC,2025-10-28 15:47:53,36679
394,BSCC_STU00394,0.0,0.0,0.0,0.0,5.0,0.0,5.0,0.0,0.0,,,,,BSCC,2025-10-28 15:47:53,36545
395,BSCC_STU00395,0.0,0.0,0.0,0.0,2.0,0.0,2.0,0.0,-1.0,,,,,BSCC,2025-10-28 15:47:53,36680
396,BSCC_STU00396,0.0,0.0,0.0,0.0,0.0,0.0,0.0,0.0,-1.0,,,,,BSCC,2025-10-28 15:47:53,36690
397,BSCC_STU00397,0.0,0.0,0.0,0.0,0.0,0.0,0.0,0.0,1.0,,,,,BSCC,2025-10-28 15:47:53,36636
398,BSCC_STU00398,0.0,0.0,0.0,0.0,0.0,0.0,0.0,0.0,1.0,,,,,BSCC,2025-10-28 15:47:53,36614
399,BSCC_STU00399,0.0,0.0,0.0,0.0,0.0,0.0,0.0,0.0,0.0,,,,,BSCC,2025-10-28 15:47:53,36603
400,BSCC_STU00400,0.0,0.0,0.0,0.0,0.0,0.0,0.0,0.0,-1.0,,,,,BSCC,2025-10-28 15:47:53,36662
401,BSCC_STU00401,0.0,0.0,0.0,0.0,0.0,0.0,0.0,0.0,1.0,,,,,BSCC,2025-10-28 15:47:53,36643
402,BSCC_STU00402,0.0,5.0,0.0,5.0,2.0,0.0,2.0,0.0,-1.0,,,,,BSCC,2025-10-28 15:47:53,36623
403,BSCC_STU00403,0.0,0.0,0.0,0.0,0.0,0.0,0.0,0.0,0.0,,,,,BSCC,2025-10-28 15:47:53,36658
404,BSCC_STU00404,0.0,0.0,0.0,0.0,0.0,0.0,0.0,0.0,0.0,,,,,BSCC,2025-10-28 15:47:53,36610
405,BSCC_STU00405,0.0,0.0,0.0,0.0,0.0,0.0,0.0,0.0,0.0,,,,,BSCC,2025-10-28 15:47:53,36679
406,BSCC_STU00406,0.0,0.0,0.0,0.0,0.0,0.0,0.0,0.0,0.0,,,,,BSCC,2025-10-28 15:47:53,36616
407,BSCC_STU00407,0.0,5.0,0.0,5.0,3.0,0.0,3.0,0.0,0.0,,,,,BSCC,2025-10-28 15:47:53,36525
408,BSCC_STU00408,0.0,0.0,0.0,0.0,0.0,0.0,0.0,0.0,-1.0,,,,,BSCC,2025-10-28 15:47:53,36682
409,BSCC_STU00409,0.0,0.0,0.0,0.0,0.0,0.0,0.0,0.0,1.0,,,,,BSCC,2025-10-28 15:47:53,36601
410,BSCC_STU00410,0.0,0.0,0.0,0.0,0.0,0.0,0.0,0.0,0.0,,,,,BSCC,2025-10-28 15:47:53,36629
411,BSCC_STU00411,0.0,0.0,0.0,0.0,0.0,0.0,0.0,0.0,-1.0,,,,,BSCC,2025-10-28 15:47:53,36686
412,BSCC_STU00412,0.0,0.0,0.0,0.0,0.0,0.0,0.0,0.0,0.0,,,,,BSCC,2025-10-28 15:47:53,36610
413,BSCC_STU00413,0.0,0.0,0.0,0.0,0.0,0.0,0.0,0.0,0.0,,,,,BSCC,2025-10-28 15:47:53,36642
414,BSCC_STU00414,0.0,0.0,0.0,0.0,0.0,0.0,0.0,0.0,-1.0,,,,,BSCC,2025-10-28 15:47:53,36618
415,BSCC_STU00415,0.0,0.0,0.0,0.0,0.0,0.0,0.0,0.0,-1.0,,,,,BSCC,2025-10-28 15:47:53,36678
416,BSCC_STU00416,0.0,0.0,0.0,0.0,0.0,0.0,0.0,0.0,1.0,,,,,BSCC,2025-10-28 15:47:53,36675
417,BSCC_STU00417,0.0,0.0,0.0,0.0,2.0,0.0,2.0,0.0,0.0,,,,,BSCC,2025-10-28 15:47:53,36662
418,BSCC_STU00418,0.0,0.0,0.0,0.0,0.0,0.0,0.0,0.0,0.0,,,,,BSCC,2025-10-28 15:47:53,36545
419,BSCC_STU00419,0.0,0.0,0.0,0.0,0.0,0.0,0.0,0.0,0.0,,,,,BSCC,2025-10-28 15:47:53,36655
420,BSCC_STU00420,0.0,0.0,0.0,0.0,3.0,0.0,3.0,0.0,1.0,,,,,BSCC,2025-10-28 15:47:53,36607
421,BSCC_STU00421,0.0,0.0,0.0,0.0,0.0,2.0,0.0,2.0,0.0,TN,Master's Colleges and Universities,Master's Colleges and Universities,Town/Rural,BSCC,2025-10-28 15:47:53,36525
422,BSCC_STU00422,0.0,0.0,0.0,0.0,0.0,0.0,0.0,0.0,0.0,,,,,BSCC,2025-10-28 15:47:53,36625
423,BSCC_STU00423,0.0,0.0,0.0,0.0,0.0,0.0,0.0,0.0,0.0,,,,,BSCC,2025-10-28 15:47:53,36654
424,BSCC_STU00424,0.0,0.0,0.0,0.0,0.0,0.0,0.0,0.0,1.0,,,,,BSCC,2025-10-28 15:47:53,36684
425,BSCC_STU00425,0.0,0.0,0.0,0.0,0.0,0.0,0.0,0.0,0.0,,,,,BSCC,2025-10-28 15:47:53,36637
426,BSCC_STU00426,0.0,0.0,0.0,0.0,0.0,0.0,0.0,0.0,-1.0,,,,,BSCC,2025-10-28 15:47:53,36674
427,BSCC_STU00427,0.0,0.0,0.0,0.0,0.0,0.0,0.0,0.0,-1.0,,,,,BSCC,2025-10-28 15:47:53,36545
428,BSCC_STU00428,0.0,0.0,0.0,0.0,0.0,0.0,0.0,0.0,0.0,,,,,BSCC,2025-10-28 15:47:53,36673
429,BSCC_STU00429,0.0,0.0,0.0,0.0,0.0,0.0,0.0,0.0,-1.0,,,,,BSCC,2025-10-28 15:47:53,36629
430,BSCC_STU00430,0.0,0.0,0.0,0.0,0.0,0.0,0.0,0.0,-1.0,,,,,BSCC,2025-10-28 15:47:53,36641
431,BSCC_STU00431,0.0,0.0,0.0,0.0,0.0,0.0,0.0,0.0,-1.0,,,,,BSCC,2025-10-28 15:47:53,36628
432,BSCC_STU00432,0.0,0.0,0.0,0.0,0.0,0.0,0.0,0.0,-1.0,,,,,BSCC,2025-10-28 15:47:53,36618
433,BSCC_STU00433,0.0,0.0,0.0,0.0,4.0,0.0,4.0,0.0,0.0,,,,,BSCC,2025-10-28 15:47:53,36653
434,BSCC_STU00434,0.0,0.0,0.0,0.0,0.0,0.0,0.0,0.0,0.0,,,,,BSCC,2025-10-28 15:47:53,36604
435,BSCC_STU00435,0.0,0.0,0.0,0.0,0.0,0.0,0.0,0.0,0.0,,,,,BSCC,2025-10-28 15:47:53,36604
436,BSCC_STU00436,0.0,0.0,0.0,0.0,0.0,0.0,0.0,0.0,-1.0,,,,,BSCC,2025-10-28 15:47:53,36648
437,BSCC_STU00437,0.0,0.0,0.0,0.0,0.0,0.0,0.0,0.0,-1.0,,,,,BSCC,2025-10-28 15:47:53,36638
438,BSCC_STU00438,0.0,0.0,0.0,0.0,0.0,0.0,0.0,0.0,-1.0,,,,,BSCC,2025-10-28 15:47:53,36613
439,BSCC_STU00439,0.0,0.0,0.0,0.0,0.0,0.0,0.0,0.0,-1.0,,,,,BSCC,2025-10-28 15:47:53,36669
440,BSCC_STU00440,0.0,0.0,0.0,0.0,0.0,0.0,0.0,0.0,-1.0,,,,,BSCC,2025-10-28 15:47:53,36667
441,BSCC_STU00441,0.0,0.0,0.0,0.0,0.0,0.0,0.0,0.0,-1.0,,,,,BSCC,2025-10-28 15:47:53,36617
442,BSCC_STU00442,0.0,0.0,0.0,0.0,0.0,0.0,0.0,0.0,-1.0,,,,,BSCC,2025-10-28 15:47:53,36627
443,BSCC_STU00443,0.0,0.0,0.0,0.0,0.0,0.0,0.0,0.0,-1.0,,,,,BSCC,2025-10-28 15:47:53,36645
444,BSCC_STU00444,0.0,0.0,0.0,0.0,0.0,0.0,0.0,0.0,1.0,,,,,BSCC,2025-10-28 15:47:53,36601
445,BSCC_STU00445,0.0,0.0,0.0,0.0,2.0,0.0,2.0,0.0,0.0,,,,,BSCC,2025-10-28 15:47:53,36649
446,BSCC_STU00446,0.0,0.0,0.0,0.0,0.0,0.0,0.0,0.0,-1.0,,,,,BSCC,2025-10-28 15:47:53,36695
447,BSCC_STU00447,0.0,0.0,0.0,0.0,0.0,0.0,0.0,0.0,0.0,,,,,BSCC,2025-10-28 15:47:53,36623
448,BSCC_STU00448,0.0,0.0,0.0,0.0,0.0,0.0,0.0,0.0,-1.0,,,,,BSCC,2025-10-28 15:47:53,36609
449,BSCC_STU00449,0.0,0.0,0.0,0.0,2.0,0.0,2.0,0.0,1.0,,,,,BSCC,2025-10-28 15:47:53,36646
450,BSCC_STU00450,0.0,0.0,0.0,0.0,0.0,0.0,0.0,0.0,1.0,,,,,BSCC,2025-10-28 15:47:53,36680
451,BSCC_STU00451,0.0,0.0,0.0,0.0,0.0,0.0,0.0,0.0,-1.0,,,,,BSCC,2025-10-28 15:47:53,36656
452,BSCC_STU00452,0.0,0.0,0.0,0.0,0.0,0.0,0.0,0.0,-1.0,,,,,BSCC,2025-10-28 15:47:53,36618
453,BSCC_STU00453,0.0,0.0,0.0,0.0,2.0,0.0,2.0,0.0,-1.0,,,,,BSCC,2025-10-28 15:47:53,36545
454,BSCC_STU00454,0.0,0.0,0.0,0.0,0.0,0.0,0.0,0.0,1.0,,,,,BSCC,2025-10-28 15:47:53,36632
455,BSCC_STU00455,0.0,0.0,0.0,0.0,0.0,0.0,0.0,0.0,-1.0,,,,,BSCC,2025-10-28 15:47:53,36690
456,BSCC_STU00456,0.0,0.0,0.0,0.0,3.0,0.0,3.0,0.0,0.0,,,,,BSCC,2025-10-28 15:47:53,36647
457,BSCC_STU00457,0.0,0.0,0.0,0.0,0.0,0.0,0.0,0.0,0.0,,,,,BSCC,2025-10-28 15:47:53,36613
458,BSCC_STU00458,0.0,0.0,0.0,0.0,0.0,0.0,0.0,0.0,0.0,,,,,BSCC,2025-10-28 15:47:53,36680
459,BSCC_STU00459,0.0,0.0,0.0,0.0,0.0,0.0,0.0,0.0,0.0,,,,,BSCC,2025-10-28 15:47:53,36679
460,BSCC_STU00460,0.0,4.0,0.0,4.0,1.0,0.0,1.0,0.0,1.0,,,,,BSCC,2025-10-28 15:47:53,36653
461,BSCC_STU00461,0.0,0.0,0.0,0.0,0.0,0.0,0.0,0.0,0.0,,,,,BSCC,2025-10-28 15:47:53,36618
462,BSCC_STU00462,0.0,0.0,0.0,0.0,0.0,0.0,0.0,0.0,1.0,,,,,BSCC,2025-10-28 15:47:53,36641
463,BSCC_STU00463,0.0,0.0,0.0,0.0,0.0,0.0,0.0,0.0,0.0,,,,,BSCC,2025-10-28 15:47:53,36560
464,BSCC_STU00464,0.0,0.0,0.0,0.0,3.0,0.0,3.0,0.0,0.0,,,,,BSCC,2025-10-28 15:47:53,36628
465,BSCC_STU00465,0.0,0.0,0.0,0.0,0.0,0.0,0.0,0.0,1.0,,,,,BSCC,2025-10-28 15:47:53,36647
466,BSCC_STU00466,0.0,0.0,0.0,0.0,0.0,0.0,0.0,0.0,-1.0,,,,,BSCC,2025-10-28 15:47:53,36640
467,BSCC_STU00467,0.0,0.0,0.0,0.0,0.0,0.0,0.0,0.0,1.0,,,,,BSCC,2025-10-28 15:47:53,36612
468,BSCC_STU00468,0.0,0.0,0.0,0.0,0.0,0.0,0.0,0.0,0.0,,,,,BSCC,2025-10-28 15:47:53,36611
469,BSCC_STU00469,0.0,0.0,0.0,0.0,0.0,0.0,0.0,0.0,0.0,,,,,BSCC,2025-10-28 15:47:53,36690
470,BSCC_STU00470,0.0,0.0,0.0,0.0,0.0,0.0,0.0,0.0,-1.0,,,,,BSCC,2025-10-28 15:47:53,36681
471,BSCC_STU00471,0.0,0.0,0.0,0.0,2.0,0.0,2.0,0.0,0.0,,,,,BSCC,2025-10-28 15:47:53,36634
472,BSCC_STU00472,0.0,0.0,0.0,0.0,0.0,0.0,0.0,0.0,0.0,,,,,BSCC,2025-10-28 15:47:53,36607
473,BSCC_STU00473,0.0,0.0,0.0,0.0,4.0,0.0,4.0,0.0,-1.0,,,,,BSCC,2025-10-28 15:47:53,36687
474,BSCC_STU00474,0.0,0.0,0.0,0.0,2.0,0.0,2.0,0.0,0.0,,,,,BSCC,2025-10-28 15:47:53,36653
475,BSCC_STU00475,0.0,0.0,0.0,0.0,0.0,0.0,0.0,0.0,0.0,,,,,BSCC,2025-10-28 15:47:53,36688
476,BSCC_STU00476,0.0,0.0,0.0,0.0,0.0,0.0,0.0,0.0,1.0,,,,,BSCC,2025-10-28 15:47:53,36686
477,BSCC_STU00477,0.0,0.0,0.0,0.0,0.0,0.0,0.0,0.0,0.0,,,,,BSCC,2025-10-28 15:47:53,36623
478,BSCC_STU00478,0.0,0.0,0.0,0.0,0.0,0.0,0.0,0.0,0.0,,,,,BSCC,2025-10-28 15:47:53,36679
479,BSCC_STU00479,0.0,0.0,0.0,0.0,0.0,0.0,0.0,0.0,-1.0,,,,,BSCC,2025-10-28 15:47:53,36607
480,BSCC_STU00480,0.0,0.0,0.0,0.0,0.0,0.0,0.0,0.0,0.0,,,,,BSCC,2025-10-28 15:47:53,36646
481,BSCC_STU00481,0.0,0.0,0.0,0.0,0.0,0.0,0.0,0.0,-1.0,,,,,BSCC,2025-10-28 15:47:53,36673
482,BSCC_STU00482,0.0,0.0,0.0,0.0,0.0,0.0,0.0,0.0,-1.0,,,,,BSCC,2025-10-28 15:47:53,36637
483,BSCC_STU00483,0.0,0.0,0.0,0.0,0.0,0.0,0.0,0.0,0.0,,,,,BSCC,2025-10-28 15:47:53,36643
484,BSCC_STU00484,0.0,0.0,0.0,0.0,3.0,0.0,3.0,0.0,0.0,,,,,BSCC,2025-10-28 15:47:53,36649
485,BSCC_STU00485,0.0,3.0,0.0,3.0,3.0,0.0,3.0,0.0,1.0,,,,,BSCC,2025-10-28 15:47:53,36617
486,BSCC_STU00486,0.0,3.0,0.0,3.0,3.0,0.0,3.0,0.0,1.0,,,,,BSCC,2025-10-28 15:47:53,36611
487,BSCC_STU00487,0.0,0.0,0.0,0.0,3.0,0.0,3.0,0.0,0.0,,,,,BSCC,2025-10-28 15:47:53,36675
488,BSCC_STU00488,0.0,0.0,0.0,0.0,0.0,0.0,0.0,0.0,0.0,,,,,BSCC,2025-10-28 15:47:53,36634
489,BSCC_STU00489,0.0,0.0,0.0,0.0,0.0,0.0,0.0,0.0,-1.0,,,,,BSCC,2025-10-28 15:47:53,36693
490,BSCC_STU00490,0.0,0.0,0.0,0.0,0.0,0.0,0.0,0.0,-1.0,,,,,BSCC,2025-10-28 15:47:53,36604
491,BSCC_STU00491,0.0,0.0,0.0,0.0,3.0,0.0,3.0,0.0,-1.0,,,,,BSCC,2025-10-28 15:47:53,36615
492,BSCC_STU00492,0.0,0.0,0.0,0.0,0.0,0.0,0.0,0.0,1.0,,,,,BSCC,2025-10-28 15:47:53,36695
493,BSCC_STU00493,0.0,0.0,0.0,0.0,0.0,0.0,0.0,0.0,-1.0,,,,,BSCC,2025-10-28 15:47:53,36641
494,BSCC_STU00494,0.0,0.0,0.0,0.0,0.0,0.0,0.0,0.0,-1.0,,,,,BSCC,2025-10-28 15:47:53,36629
495,BSCC_STU00495,0.0,0.0,0.0,0.0,0.0,0.0,0.0,0.0,0.0,,,,,BSCC,2025-10-28 15:47:53,36687
496,BSCC_STU00496,0.0,0.0,0.0,0.0,0.0,0.0,0.0,0.0,0.0,,,,,BSCC,2025-10-28 15:47:53,36678
497,BSCC_STU00497,0.0,0.0,0.0,0.0,0.0,0.0,0.0,0.0,0.0,,,,,BSCC,2025-10-28 15:47:53,36656
498,BSCC_STU00498,0.0,0.0,0.0,0.0,0.0,0.0,0.0,0.0,0.0,,,,,BSCC,2025-10-28 15:47:53,36689
499,BSCC_STU00499,0.0,0.0,0.0,0.0,0.0,0.0,0.0,0.0,1.0,,,,,BSCC,2025-10-28 15:47:53,36571
500,BSCC_STU00500,0.0,0.0,0.0,0.0,0.0,0.0,0.0,0.0,0.0,,,,,BSCC,2025-10-28 15:47:53,36694
501,BSCC_STU00501,0.0,0.0,0.0,0.0,0.0,0.0,0.0,0.0,-1.0,,,,,BSCC,2025-10-28 15:47:53,36622
502,BSCC_STU00502,0.0,0.0,0.0,0.0,3.0,0.0,3.0,0.0,1.0,,,,,BSCC,2025-10-28 15:47:53,36604
503,BSCC_STU00503,0.0,0.0,0.0,0.0,0.0,0.0,0.0,0.0,0.0,,,,,BSCC,2025-10-28 15:47:53,36688
504,BSCC_STU00504,0.0,0.0,0.0,0.0,0.0,3.0,0.0,3.0,0.0,TN,Master's Colleges and Universities,Master's Colleges and Universities,Town/Rural,BSCC,2025-10-28 15:47:53,36690
505,BSCC_STU00505,0.0,0.0,0.0,0.0,0.0,0.0,0.0,0.0,1.0,,,,,BSCC,2025-10-28 15:47:53,36525
506,BSCC_STU00506,0.0,0.0,0.0,0.0,0.0,0.0,0.0,0.0,-1.0,,,,,BSCC,2025-10-28 15:47:53,36665
507,BSCC_STU00507,0.0,0.0,0.0,0.0,0.0,0.0,0.0,0.0,0.0,,,,,BSCC,2025-10-28 15:47:53,36524
508,BSCC_STU00508,0.0,0.0,0.0,0.0,3.0,0.0,3.0,0.0,-1.0,,,,,BSCC,2025-10-28 15:47:53,36667
509,BSCC_STU00509,0.0,0.0,0.0,0.0,0.0,0.0,0.0,0.0,-1.0,,,,,BSCC,2025-10-28 15:47:53,36664
510,BSCC_STU00510,0.0,0.0,0.0,0.0,3.0,0.0,3.0,0.0,-1.0,,,,,BSCC,2025-10-28 15:47:53,36616
511,BSCC_STU00511,0.0,0.0,0.0,0.0,0.0,5.0,0.0,5.0,-1.0,GA,Master's Colleges and Universities,Master's Colleges and Universities,Town/Rural,BSCC,2025-10-28 15:47:53,36604
512,BSCC_STU00512,0.0,0.0,0.0,0.0,0.0,0.0,0.0,0.0,0.0,,,,,BSCC,2025-10-28 15:47:53,36617
513,BSCC_STU00513,0.0,0.0,0.0,0.0,0.0,0.0,0.0,0.0,1.0,,,,,BSCC,2025-10-28 15:47:53,36650
514,BSCC_STU00514,0.0,0.0,0.0,0.0,0.0,0.0,0.0,0.0,-1.0,,,,,BSCC,2025-10-28 15:47:53,36611
515,BSCC_STU00515,0.0,0.0,0.0,0.0,0.0,0.0,0.0,0.0,0.0,,,,,BSCC,2025-10-28 15:47:53,36571
516,BSCC_STU00516,0.0,4.0,0.0,4.0,0.0,1.0,0.0,1.0,-1.0,AL,Master's Colleges and Universities,Master's Colleges and Universities,Suburb,BSCC,2025-10-28 15:47:53,36606
517,BSCC_STU00517,0.0,0.0,0.0,0.0,0.0,0.0,0.0,0.0,-1.0,,,,,BSCC,2025-10-28 15:47:53,36641
518,BSCC_STU00518,0.0,0.0,0.0,0.0,0.0,0.0,0.0,0.0,0.0,,,,,BSCC,2025-10-28 15:47:53,36608
519,BSCC_STU00519,0.0,0.0,0.0,0.0,0.0,0.0,0.0,0.0,1.0,,,,,BSCC,2025-10-28 15:47:53,36653
520,BSCC_STU00520,0.0,0.0,0.0,0.0,0.0,0.0,0.0,0.0,1.0,,,,,BSCC,2025-10-28 15:47:53,36680
521,BSCC_STU00521,0.0,0.0,0.0,0.0,0.0,0.0,0.0,0.0,0.0,,,,,BSCC,2025-10-28 15:47:53,36673
522,BSCC_STU00522,0.0,0.0,0.0,0.0,0.0,0.0,0.0,0.0,0.0,,,,,BSCC,2025-10-28 15:47:53,36682
523,BSCC_STU00523,0.0,0.0,0.0,0.0,0.0,0.0,0.0,0.0,-1.0,,,,,BSCC,2025-10-28 15:47:53,36601
524,BSCC_STU00524,0.0,0.0,0.0,0.0,0.0,0.0,0.0,0.0,1.0,,,,,BSCC,2025-10-28 15:47:53,36686
525,BSCC_STU00525,0.0,0.0,0.0,0.0,0.0,0.0,0.0,0.0,1.0,,,,,BSCC,2025-10-28 15:47:53,36660
526,BSCC_STU00526,0.0,0.0,0.0,0.0,0.0,0.0,0.0,0.0,1.0,,,,,BSCC,2025-10-28 15:47:53,36630
527,BSCC_STU00527,0.0,0.0,0.0,0.0,0.0,0.0,0.0,0.0,1.0,,,,,BSCC,2025-10-28 15:47:53,36685
528,BSCC_STU00528,0.0,0.0,0.0,0.0,0.0,0.0,0.0,0.0,1.0,,,,,BSCC,2025-10-28 15:47:53,36694
529,BSCC_STU00529,0.0,0.0,0.0,0.0,0.0,0.0,0.0,0.0,0.0,,,,,BSCC,2025-10-28 15:47:53,36642
530,BSCC_STU00530,0.0,0.0,0.0,0.0,0.0,0.0,0.0,0.0,0.0,,,,,BSCC,2025-10-28 15:47:53,36641
531,BSCC_STU00531,0.0,0.0,0.0,0.0,0.0,0.0,0.0,0.0,-1.0,,,,,BSCC,2025-10-28 15:47:53,36632
532,BSCC_STU00532,0.0,0.0,0.0,0.0,0.0,0.0,0.0,0.0,-1.0,,,,,BSCC,2025-10-28 15:47:53,36631
533,BSCC_STU00533,0.0,0.0,0.0,0.0,0.0,0.0,0.0,0.0,0.0,,,,,BSCC,2025-10-28 15:47:53,36571
534,BSCC_STU00534,0.0,0.0,0.0,0.0,0.0,0.0,0.0,0.0,0.0,,,,,BSCC,2025-10-28 15:47:53,36660
535,BSCC_STU00535,0.0,0.0,0.0,0.0,0.0,0.0,0.0,0.0,-1.0,,,,,BSCC,2025-10-28 15:47:53,36674
536,BSCC_STU00536,0.0,0.0,0.0,0.0,0.0,3.0,0.0,3.0,0.0,MS,Associate's Colleges,Associate's Colleges,Urban,BSCC,2025-10-28 15:47:53,36560
537,BSCC_STU00537,0.0,0.0,0.0,0.0,0.0,0.0,0.0,0.0,0.0,,,,,BSCC,2025-10-28 15:47:53,36689
538,BSCC_STU00538,0.0,0.0,0.0,0.0,4.0,0.0,4.0,0.0,-1.0,,,,,BSCC,2025-10-28 15:47:53,36682
539,BSCC_STU00539,0.0,0.0,0.0,0.0,0.0,0.0,0.0,0.0,0.0,,,,,BSCC,2025-10-28 15:47:53,36672
540,BSCC_STU00540,0.0,0.0,0.0,0.0,0.0,0.0,0.0,0.0,0.0,,,,,BSCC,2025-10-28 15:47:53,36632
541,BSCC_STU00541,0.0,0.0,0.0,0.0,0.0,0.0,0.0,0.0,0.0,,,,,BSCC,2025-10-28 15:47:53,36685
542,BSCC_STU00542,0.0,0.0,0.0,0.0,0.0,0.0,0.0,0.0,0.0,,,,,BSCC,2025-10-28 15:47:53,36641
543,BSCC_STU00543,0.0,0.0,0.0,0.0,0.0,0.0,0.0,0.0,0.0,,,,,BSCC,2025-10-28 15:47:53,36663
544,BSCC_STU00544,0.0,0.0,0.0,0.0,0.0,0.0,0.0,0.0,-1.0,,,,,BSCC,2025-10-28 15:47:53,36667
545,BSCC_STU00545,0.0,0.0,0.0,0.0,0.0,0.0,0.0,0.0,0.0,,,,,BSCC,2025-10-28 15:47:53,36628
546,BSCC_STU00546,0.0,0.0,0.0,0.0,0.0,0.0,0.0,0.0,0.0,,,,,BSCC,2025-10-28 15:47:53,36656
547,BSCC_STU00547,0.0,0.0,0.0,0.0,0.0,0.0,0.0,0.0,0.0,,,,,BSCC,2025-10-28 15:47:53,36630
548,BSCC_STU00548,0.0,0.0,0.0,0.0,0.0,0.0,0.0,0.0,0.0,,,,,BSCC,2025-10-28 15:47:53,36602
549,BSCC_STU00549,0.0,0.0,0.0,0.0,0.0,0.0,0.0,0.0,0.0,,,,,BSCC,2025-10-28 15:47:53,36630
550,BSCC_STU00550,0.0,0.0,0.0,0.0,0.0,0.0,0.0,0.0,0.0,,,,,BSCC,2025-10-28 15:47:53,36627
551,BSCC_STU00551,0.0,0.0,0.0,0.0,0.0,0.0,0.0,0.0,-1.0,,,,,BSCC,2025-10-28 15:47:53,36688
552,BSCC_STU00552,0.0,0.0,0.0,0.0,0.0,0.0,0.0,0.0,-1.0,,,,,BSCC,2025-10-28 15:47:53,36678
553,BSCC_STU00553,0.0,0.0,0.0,0.0,0.0,0.0,0.0,0.0,1.0,,,,,BSCC,2025-10-28 15:47:53,36614
554,BSCC_STU00554,0.0,0.0,0.0,0.0,0.0,0.0,0.0,0.0,-1.0,,,,,BSCC,2025-10-28 15:47:53,36685
555,BSCC_STU00555,0.0,0.0,0.0,0.0,0.0,0.0,0.0,0.0,-1.0,,,,,BSCC,2025-10-28 15:47:53,36650
556,BSCC_STU00556,0.0,0.0,0.0,0.0,0.0,0.0,0.0,0.0,-1.0,,,,,BSCC,2025-10-28 15:47:53,36636
557,BSCC_STU00557,0.0,0.0,0.0,0.0,4.0,0.0,4.0,0.0,1.0,,,,,BSCC,2025-10-28 15:47:53,36637
558,BSCC_STU00558,0.0,0.0,0.0,0.0,0.0,0.0,0.0,0.0,1.0,,,,,BSCC,2025-10-28 15:47:53,36685
559,BSCC_STU00559,0.0,0.0,0.0,0.0,0.0,0.0,0.0,0.0,0.0,,,,,BSCC,2025-10-28 15:47:53,36653
560,BSCC_STU00560,0.0,0.0,0.0,0.0,0.0,0.0,0.0,0.0,0.0,,,,,BSCC,2025-10-28 15:47:53,36682
561,BSCC_STU00561,0.0,0.0,0.0,0.0,0.0,0.0,0.0,0.0,1.0,,,,,BSCC,2025-10-28 15:47:53,36611
562,BSCC_STU00562,0.0,0.0,0.0,0.0,0.0,0.0,0.0,0.0,1.0,,,,,BSCC,2025-10-28 15:47:53,36686
563,BSCC_STU00563,0.0,0.0,0.0,0.0,0.0,0.0,0.0,0.0,1.0,,,,,BSCC,2025-10-28 15:47:53,36657
564,BSCC_STU00564,0.0,0.0,0.0,0.0,0.0,0.0,0.0,0.0,-1.0,,,,,BSCC,2025-10-28 15:47:53,36688
565,BSCC_STU00565,0.0,0.0,0.0,0.0,2.0,0.0,2.0,0.0,-1.0,,,,,BSCC,2025-10-28 15:47:53,36642
566,BSCC_STU00566,0.0,0.0,0.0,0.0,0.0,0.0,0.0,0.0,-1.0,,,,,BSCC,2025-10-28 15:47:53,36685
567,BSCC_STU00567,0.0,0.0,0.0,0.0,0.0,0.0,0.0,0.0,0.0,,,,,BSCC,2025-10-28 15:47:53,36677
568,BSCC_STU00568,0.0,0.0,0.0,0.0,3.0,0.0,3.0,0.0,1.0,,,,,BSCC,2025-10-28 15:47:53,36609
569,BSCC_STU00569,0.0,5.0,0.0,5.0,0.0,3.0,0.0,3.0,-1.0,FL,Associate's Colleges,Associate's Colleges,Urban,BSCC,2025-10-28 15:47:53,36680
570,BSCC_STU00570,0.0,0.0,0.0,0.0,0.0,0.0,0.0,0.0,1.0,,,,,BSCC,2025-10-28 15:47:53,36644
571,BSCC_STU00571,0.0,0.0,0.0,0.0,0.0,0.0,0.0,0.0,1.0,,,,,BSCC,2025-10-28 15:47:53,36609
572,BSCC_STU00572,0.0,0.0,0.0,0.0,0.0,0.0,0.0,0.0,1.0,,,,,BSCC,2025-10-28 15:47:53,36665
573,BSCC_STU00573,0.0,0.0,0.0,0.0,0.0,0.0,0.0,0.0,-1.0,,,,,BSCC,2025-10-28 15:47:53,36651
574,BSCC_STU00574,0.0,0.0,0.0,0.0,0.0,0.0,0.0,0.0,0.0,,,,,BSCC,2025-10-28 15:47:53,36677
575,BSCC_STU00575,0.0,0.0,0.0,0.0,0.0,0.0,0.0,0.0,0.0,,,,,BSCC,2025-10-28 15:47:53,36601
576,BSCC_STU00576,0.0,0.0,0.0,0.0,0.0,0.0,0.0,0.0,0.0,,,,,BSCC,2025-10-28 15:47:53,36650
577,BSCC_STU00577,0.0,0.0,0.0,0.0,0.0,0.0,0.0,0.0,-1.0,,,,,BSCC,2025-10-28 15:47:53,36666
578,BSCC_STU00578,0.0,0.0,0.0,0.0,0.0,0.0,0.0,0.0,1.0,,,,,BSCC,2025-10-28 15:47:53,36690
579,BSCC_STU00579,0.0,0.0,0.0,0.0,0.0,0.0,0.0,0.0,-1.0,,,,,BSCC,2025-10-28 15:47:53,36667
580,BSCC_STU00580,0.0,0.0,0.0,0.0,0.0,0.0,0.0,0.0,0.0,,,,,BSCC,2025-10-28 15:47:53,36614
581,BSCC_STU00581,0.0,0.0,0.0,0.0,0.0,0.0,0.0,0.0,0.0,,,,,BSCC,2025-10-28 15:47:53,36560
582,BSCC_STU00582,0.0,5.0,0.0,5.0,2.0,0.0,2.0,0.0,-1.0,,,,,BSCC,2025-10-28 15:47:53,36624
583,BSCC_STU00583,0.0,0.0,0.0,0.0,0.0,0.0,0.0,0.0,-1.0,,,,,BSCC,2025-10-28 15:47:53,36687
584,BSCC_STU00584,0.0,0.0,0.0,0.0,0.0,0.0,0.0,0.0,0.0,,,,,BSCC,2025-10-28 15:47:53,36663
585,BSCC_STU00585,0.0,0.0,0.0,0.0,0.0,0.0,0.0,0.0,0.0,,,,,BSCC,2025-10-28 15:47:53,36679
586,BSCC_STU00586,0.0,0.0,0.0,0.0,0.0,0.0,0.0,0.0,-1.0,,,,,BSCC,2025-10-28 15:47:53,36648
587,BSCC_STU00587,0.0,0.0,0.0,0.0,0.0,0.0,0.0,0.0,-1.0,,,,,BSCC,2025-10-28 15:47:53,36695
588,BSCC_STU00588,0.0,0.0,0.0,0.0,0.0,5.0,0.0,5.0,1.0,GA,Associate's Colleges,Associate's Colleges,Suburb,BSCC,2025-10-28 15:47:53,36694
589,BSCC_STU00589,0.0,0.0,0.0,0.0,0.0,0.0,0.0,0.0,0.0,,,,,BSCC,2025-10-28 15:47:53,36631
590,BSCC_STU00590,0.0,0.0,0.0,0.0,0.0,0.0,0.0,0.0,-1.0,,,,,BSCC,2025-10-28 15:47:53,36629
591,BSCC_STU00591,0.0,0.0,0.0,0.0,0.0,0.0,0.0,0.0,-1.0,,,,,BSCC,2025-10-28 15:47:53,36612
592,BSCC_STU00592,0.0,0.0,0.0,0.0,0.0,0.0,0.0,0.0,0.0,,,,,BSCC,2025-10-28 15:47:53,36656
593,BSCC_STU00593,0.0,0.0,0.0,0.0,0.0,0.0,0.0,0.0,1.0,,,,,BSCC,2025-10-28 15:47:53,36640
594,BSCC_STU00594,0.0,0.0,0.0,0.0,0.0,0.0,0.0,0.0,0.0,,,,,BSCC,2025-10-28 15:47:53,36676
595,BSCC_STU00595,0.0,0.0,0.0,0.0,0.0,0.0,0.0,0.0,1.0,,,,,BSCC,2025-10-28 15:47:53,36636
596,BSCC_STU00596,0.0,0.0,0.0,0.0,0.0,0.0,0.0,0.0,-1.0,,,,,BSCC,2025-10-28 15:47:53,36694
597,BSCC_STU00597,0.0,0.0,0.0,0.0,0.0,0.0,0.0,0.0,1.0,,,,,BSCC,2025-10-28 15:47:53,36685
598,BSCC_STU00598,0.0,0.0,0.0,0.0,0.0,0.0,0.0,0.0,0.0,,,,,BSCC,2025-10-28 15:47:53,36690
599,BSCC_STU00599,0.0,0.0,0.0,0.0,0.0,0.0,0.0,0.0,0.0,,,,,BSCC,2025-10-28 15:47:53,36657
600,BSCC_STU00600,0.0,0.0,0.0,0.0,0.0,0.0,0.0,0.0,0.0,,,,,BSCC,2025-10-28 15:47:53,36649
601,BSCC_STU00601,0.0,0.0,0.0,0.0,0.0,0.0,0.0,0.0,0.0,,,,,BSCC,2025-10-28 15:47:53,36681
602,BSCC_STU00602,0.0,0.0,0.0,0.0,0.0,0.0,0.0,0.0,0.0,,,,,BSCC,2025-10-28 15:47:53,36648
603,BSCC_STU00603,0.0,0.0,0.0,0.0,0.0,0.0,0.0,0.0,1.0,,,,,BSCC,2025-10-28 15:47:53,36587
604,BSCC_STU00604,0.0,0.0,0.0,0.0,0.0,0.0,0.0,0.0,-1.0,,,,,BSCC,2025-10-28 15:47:53,36690
605,BSCC_STU00605,0.0,0.0,0.0,0.0,0.0,3.0,0.0,3.0,-1.0,TN,Associate's Colleges,Associate's Colleges,Suburb,BSCC,2025-10-28 15:47:53,36601
606,BSCC_STU00606,0.0,0.0,0.0,0.0,0.0,0.0,0.0,0.0,0.0,,,,,BSCC,2025-10-28 15:47:53,36632
607,BSCC_STU00607,0.0,0.0,0.0,0.0,0.0,0.0,0.0,0.0,0.0,,,,,BSCC,2025-10-28 15:47:53,36678
608,BSCC_STU00608,0.0,0.0,0.0,0.0,0.0,0.0,0.0,0.0,0.0,,,,,BSCC,2025-10-28 15:47:53,36655
609,BSCC_STU00609,0.0,0.0,0.0,0.0,3.0,0.0,3.0,0.0,0.0,,,,,BSCC,2025-10-28 15:47:53,36682
610,BSCC_STU00610,0.0,0.0,0.0,0.0,0.0,0.0,0.0,0.0,-1.0,,,,,BSCC,2025-10-28 15:47:53,36682
611,BSCC_STU00611,0.0,0.0,0.0,0.0,0.0,0.0,0.0,0.0,1.0,,,,,BSCC,2025-10-28 15:47:53,36571
612,BSCC_STU00612,0.0,0.0,0.0,0.0,0.0,0.0,0.0,0.0,-1.0,,,,,BSCC,2025-10-28 15:47:53,36622
613,BSCC_STU00613,0.0,0.0,0.0,0.0,0.0,0.0,0.0,0.0,-1.0,,,,,BSCC,2025-10-28 15:47:53,36662
614,BSCC_STU00614,0.0,3.0,0.0,3.0,2.0,0.0,2.0,0.0,0.0,,,,,BSCC,2025-10-28 15:47:53,36624
615,BSCC_STU00615,0.0,0.0,0.0,0.0,0.0,0.0,0.0,0.0,0.0,,,,,BSCC,2025-10-28 15:47:53,36610
616,BSCC_STU00616,0.0,0.0,0.0,0.0,0.0,0.0,0.0,0.0,1.0,,,,,BSCC,2025-10-28 15:47:53,36694
617,BSCC_STU00617,0.0,0.0,0.0,0.0,0.0,0.0,0.0,0.0,0.0,,,,,BSCC,2025-10-28 15:47:53,36688
618,BSCC_STU00618,0.0,0.0,0.0,0.0,0.0,3.0,0.0,3.0,-1.0,TN,Associate's Colleges,Associate's Colleges,Suburb,BSCC,2025-10-28 15:47:53,36622
619,BSCC_STU00619,0.0,0.0,0.0,0.0,0.0,0.0,0.0,0.0,-1.0,,,,,BSCC,2025-10-28 15:47:53,36601
620,BSCC_STU00620,0.0,0.0,0.0,0.0,0.0,0.0,0.0,0.0,0.0,,,,,BSCC,2025-10-28 15:47:53,36629
621,BSCC_STU00621,0.0,0.0,0.0,0.0,0.0,0.0,0.0,0.0,-1.0,,,,,BSCC,2025-10-28 15:47:53,36606
622,BSCC_STU00622,0.0,0.0,0.0,0.0,0.0,0.0,0.0,0.0,-1.0,,,,,BSCC,2025-10-28 15:47:53,36654
623,BSCC_STU00623,0.0,0.0,0.0,0.0,0.0,0.0,0.0,0.0,0.0,,,,,BSCC,2025-10-28 15:47:53,36615
624,BSCC_STU00624,0.0,0.0,0.0,0.0,0.0,0.0,0.0,0.0,1.0,,,,,BSCC,2025-10-28 15:47:53,36632
625,BSCC_STU00625,0.0,0.0,0.0,0.0,0.0,0.0,0.0,0.0,0.0,,,,,BSCC,2025-10-28 15:47:53,36652
626,BSCC_STU00626,0.0,4.0,0.0,4.0,3.0,0.0,3.0,0.0,-1.0,,,,,BSCC,2025-10-28 15:47:53,36629
627,BSCC_STU00627,0.0,0.0,0.0,0.0,0.0,0.0,0.0,0.0,0.0,,,,,BSCC,2025-10-28 15:47:53,36656
628,BSCC_STU00628,0.0,0.0,0.0,0.0,0.0,0.0,0.0,0.0,0.0,,,,,BSCC,2025-10-28 15:47:53,36524
629,BSCC_STU00629,0.0,0.0,0.0,0.0,0.0,0.0,0.0,0.0,-1.0,,,,,BSCC,2025-10-28 15:47:53,36684
630,BSCC_STU00630,0.0,0.0,0.0,0.0,0.0,0.0,0.0,0.0,-1.0,,,,,BSCC,2025-10-28 15:47:53,36645
631,BSCC_STU00631,0.0,0.0,0.0,0.0,0.0,0.0,0.0,0.0,0.0,,,,,BSCC,2025-10-28 15:47:53,36695
632,BSCC_STU00632,0.0,0.0,0.0,0.0,0.0,0.0,0.0,0.0,0.0,,,,,BSCC,2025-10-28 15:47:53,36635
633,BSCC_STU00633,0.0,0.0,0.0,0.0,0.0,0.0,0.0,0.0,0.0,,,,,BSCC,2025-10-28 15:47:53,36622
634,BSCC_STU00634,0.0,0.0,0.0,0.0,0.0,0.0,0.0,0.0,0.0,,,,,BSCC,2025-10-28 15:47:53,36681
635,BSCC_STU00635,0.0,0.0,0.0,0.0,0.0,0.0,0.0,0.0,-1.0,,,,,BSCC,2025-10-28 15:47:53,36623
636,BSCC_STU00636,0.0,0.0,0.0,0.0,0.0,0.0,0.0,0.0,0.0,,,,,BSCC,2025-10-28 15:47:53,36671
637,BSCC_STU00637,0.0,5.0,0.0,5.0,2.0,0.0,2.0,0.0,1.0,,,,,BSCC,2025-10-28 15:47:53,36662
638,BSCC_STU00638,0.0,0.0,0.0,0.0,2.0,0.0,2.0,0.0,0.0,,,,,BSCC,2025-10-28 15:47:53,36610
639,BSCC_STU00639,0.0,0.0,0.0,0.0,2.0,0.0,2.0,0.0,-1.0,,,,,BSCC,2025-10-28 15:47:53,36545
640,BSCC_STU00640,0.0,0.0,0.0,0.0,0.0,0.0,0.0,0.0,-1.0,,,,,BSCC,2025-10-28 15:47:53,36662
641,BSCC_STU00641,0.0,0.0,0.0,0.0,0.0,0.0,0.0,0.0,-1.0,,,,,BSCC,2025-10-28 15:47:53,36604
642,BSCC_STU00642,0.0,0.0,0.0,0.0,0.0,0.0,0.0,0.0,0.0,,,,,BSCC,2025-10-28 15:47:53,36629
643,BSCC_STU00643,0.0,0.0,0.0,0.0,0.0,0.0,0.0,0.0,-1.0,,,,,BSCC,2025-10-28 15:47:53,36620
644,BSCC_STU00644,0.0,0.0,0.0,0.0,0.0,0.0,0.0,0.0,0.0,,,,,BSCC,2025-10-28 15:47:53,36571
645,BSCC_STU00645,0.0,0.0,0.0,0.0,0.0,0.0,0.0,0.0,1.0,,,,,BSCC,2025-10-28 15:47:53,36617
646,BSCC_STU00646,0.0,0.0,0.0,0.0,0.0,0.0,0.0,0.0,0.0,,,,,BSCC,2025-10-28 15:47:53,36664
647,BSCC_STU00647,0.0,0.0,0.0,0.0,0.0,0.0,0.0,0.0,-1.0,,,,,BSCC,2025-10-28 15:47:53,36627
648,BSCC_STU00648,0.0,0.0,0.0,0.0,0.0,0.0,0.0,0.0,0.0,,,,,BSCC,2025-10-28 15:47:53,36638
649,BSCC_STU00649,0.0,0.0,0.0,0.0,0.0,0.0,0.0,0.0,1.0,,,,,BSCC,2025-10-28 15:47:53,36690
650,BSCC_STU00650,0.0,0.0,0.0,0.0,0.0,0.0,0.0,0.0,0.0,,,,,BSCC,2025-10-28 15:47:53,36661
651,BSCC_STU00651,0.0,0.0,0.0,0.0,0.0,0.0,0.0,0.0,-1.0,,,,,BSCC,2025-10-28 15:47:53,36655
652,BSCC_STU00652,0.0,0.0,0.0,0.0,0.0,0.0,0.0,0.0,-1.0,,,,,BSCC,2025-10-28 15:47:53,36524
653,BSCC_STU00653,0.0,0.0,0.0,0.0,0.0,0.0,0.0,0.0,1.0,,,,,BSCC,2025-10-28 15:47:53,36684
654,BSCC_STU00654,0.0,0.0,0.0,0.0,0.0,0.0,0.0,0.0,0.0,,,,,BSCC,2025-10-28 15:47:53,36621
655,BSCC_STU00655,0.0,0.0,0.0,0.0,0.0,0.0,0.0,0.0,0.0,,,,,BSCC,2025-10-28 15:47:53,36651
656,BSCC_STU00656,0.0,0.0,0.0,0.0,0.0,2.0,0.0,2.0,0.0,MS,Master's Colleges and Universities,Master's Colleges and Universities,Suburb,BSCC,2025-10-28 15:47:53,36560
657,BSCC_STU00657,0.0,0.0,0.0,0.0,0.0,0.0,0.0,0.0,0.0,,,,,BSCC,2025-10-28 15:47:53,36644
658,BSCC_STU00658,0.0,4.0,0.0,4.0,0.0,5.0,0.0,5.0,1.0,GA,Master's Colleges and Universities,Master's Colleges and Universities,Suburb,BSCC,2025-10-28 15:47:53,36613
659,BSCC_STU00659,0.0,0.0,0.0,0.0,0.0,0.0,0.0,0.0,0.0,,,,,BSCC,2025-10-28 15:47:53,36540
660,BSCC_STU00660,0.0,0.0,0.0,0.0,0.0,0.0,0.0,0.0,-1.0,,,,,BSCC,2025-10-28 15:47:53,36688
661,BSCC_STU00661,0.0,0.0,0.0,0.0,0.0,3.0,0.0,3.0,0.0,AL,Master's Colleges and Universities,Master's Colleges and Universities,Suburb,BSCC,2025-10-28 15:47:53,36610
662,BSCC_STU00662,0.0,0.0,0.0,0.0,0.0,0.0,0.0,0.0,1.0,,,,,BSCC,2025-10-28 15:47:53,36663
663,BSCC_STU00663,0.0,0.0,0.0,0.0,0.0,0.0,0.0,0.0,1.0,,,,,BSCC,2025-10-28 15:47:53,36677
664,BSCC_STU00664,0.0,0.0,0.0,0.0,0.0,0.0,0.0,0.0,0.0,,,,,BSCC,2025-10-28 15:47:53,36609
665,BSCC_STU00665,0.0,0.0,0.0,0.0,0.0,0.0,0.0,0.0,-1.0,,,,,BSCC,2025-10-28 15:47:53,36662
666,BSCC_STU00666,0.0,0.0,0.0,0.0,0.0,2.0,0.0,2.0,-1.0,FL,Associate's Colleges,Associate's Colleges,Town/Rural,BSCC,2025-10-28 15:47:53,36679
667,BSCC_STU00667,0.0,0.0,0.0,0.0,0.0,0.0,0.0,0.0,1.0,,,,,BSCC,2025-10-28 15:47:53,36634
668,BSCC_STU00668,0.0,0.0,0.0,0.0,0.0,0.0,0.0,0.0,0.0,,,,,BSCC,2025-10-28 15:47:53,36560
669,BSCC_STU00669,0.0,0.0,0.0,0.0,0.0,0.0,0.0,0.0,-1.0,,,,,BSCC,2025-10-28 15:47:53,36653
670,BSCC_STU00670,0.0,0.0,0.0,0.0,0.0,0.0,0.0,0.0,-1.0,,,,,BSCC,2025-10-28 15:47:53,36682
671,BSCC_STU00671,0.0,0.0,0.0,0.0,0.0,0.0,0.0,0.0,-1.0,,,,,BSCC,2025-10-28 15:47:53,36524
672,BSCC_STU00672,0.0,0.0,0.0,0.0,0.0,0.0,0.0,0.0,0.0,,,,,BSCC,2025-10-28 15:47:53,36661
673,BSCC_STU00673,0.0,0.0,0.0,0.0,0.0,0.0,0.0,0.0,0.0,,,,,BSCC,2025-10-28 15:47:53,36685
674,BSCC_STU00674,0.0,0.0,0.0,0.0,0.0,0.0,0.0,0.0,1.0,,,,,BSCC,2025-10-28 15:47:53,36674
675,BSCC_STU00675,0.0,0.0,0.0,0.0,0.0,0.0,0.0,0.0,-1.0,,,,,BSCC,2025-10-28 15:47:53,36667
676,BSCC_STU00676,0.0,0.0,0.0,0.0,2.0,0.0,2.0,0.0,0.0,,,,,BSCC,2025-10-28 15:47:53,36621
677,BSCC_STU00677,0.0,0.0,0.0,0.0,0.0,0.0,0.0,0.0,-1.0,,,,,BSCC,2025-10-28 15:47:53,36684
678,BSCC_STU00678,0.0,0.0,0.0,0.0,0.0,0.0,0.0,0.0,0.0,,,,,BSCC,2025-10-28 15:47:53,36614
679,BSCC_STU00679,0.0,0.0,0.0,0.0,0.0,0.0,0.0,0.0,0.0,,,,,BSCC,2025-10-28 15:47:53,36663
680,BSCC_STU00680,0.0,0.0,0.0,0.0,0.0,0.0,0.0,0.0,1.0,,,,,BSCC,2025-10-28 15:47:53,36645
681,BSCC_STU00681,0.0,0.0,0.0,0.0,0.0,0.0,0.0,0.0,0.0,,,,,BSCC,2025-10-28 15:47:53,36540
682,BSCC_STU00682,0.0,0.0,0.0,0.0,0.0,0.0,0.0,0.0,-1.0,,,,,BSCC,2025-10-28 15:47:53,36656
683,BSCC_STU00683,0.0,0.0,0.0,0.0,0.0,0.0,0.0,0.0,-1.0,,,,,BSCC,2025-10-28 15:47:53,36614
684,BSCC_STU00684,0.0,0.0,0.0,0.0,0.0,0.0,0.0,0.0,0.0,,,,,BSCC,2025-10-28 15:47:53,36650
685,BSCC_STU00685,0.0,0.0,0.0,0.0,0.0,0.0,0.0,0.0,-1.0,,,,,BSCC,2025-10-28 15:47:53,36646
686,BSCC_STU00686,0.0,0.0,0.0,0.0,0.0,0.0,0.0,0.0,0.0,,,,,BSCC,2025-10-28 15:47:53,36692
687,BSCC_STU00687,0.0,0.0,0.0,0.0,0.0,0.0,0.0,0.0,0.0,,,,,BSCC,2025-10-28 15:47:53,36688
688,BSCC_STU00688,0.0,0.0,0.0,0.0,0.0,0.0,0.0,0.0,-1.0,,,,,BSCC,2025-10-28 15:47:53,36601
689,BSCC_STU00689,0.0,0.0,0.0,0.0,2.0,0.0,2.0,0.0,1.0,,,,,BSCC,2025-10-28 15:47:53,36654
690,BSCC_STU00690,0.0,0.0,0.0,0.0,0.0,0.0,0.0,0.0,-1.0,,,,,BSCC,2025-10-28 15:47:53,36642
691,BSCC_STU00691,0.0,0.0,0.0,0.0,2.0,0.0,2.0,0.0,-1.0,,,,,BSCC,2025-10-28 15:47:53,36610
692,BSCC_STU00692,0.0,0.0,0.0,0.0,0.0,0.0,0.0,0.0,-1.0,,,,,BSCC,2025-10-28 15:47:53,36667
693,BSCC_STU00693,0.0,0.0,0.0,0.0,0.0,0.0,0.0,0.0,0.0,,,,,BSCC,2025-10-28 15:47:53,36689
694,BSCC_STU00694,0.0,0.0,0.0,0.0,0.0,0.0,0.0,0.0,0.0,,,,,BSCC,2025-10-28 15:47:53,36691
695,BSCC_STU00695,0.0,0.0,0.0,0.0,0.0,0.0,0.0,0.0,0.0,,,,,BSCC,2025-10-28 15:47:53,36626
696,BSCC_STU00696,0.0,0.0,0.0,0.0,0.0,0.0,0.0,0.0,0.0,,,,,BSCC,2025-10-28 15:47:53,36661
697,BSCC_STU00697,0.0,0.0,0.0,0.0,0.0,0.0,0.0,0.0,0.0,,,,,BSCC,2025-10-28 15:47:53,36648
698,BSCC_STU00698,0.0,0.0,0.0,0.0,0.0,0.0,0.0,0.0,-1.0,,,,,BSCC,2025-10-28 15:47:53,36605
699,BSCC_STU00699,0.0,0.0,0.0,0.0,0.0,0.0,0.0,0.0,-1.0,,,,,BSCC,2025-10-28 15:47:53,36645
700,BSCC_STU00700,0.0,0.0,0.0,0.0,0.0,0.0,0.0,0.0,-1.0,,,,,BSCC,2025-10-28 15:47:53,36659
701,BSCC_STU00701,0.0,0.0,0.0,0.0,3.0,0.0,3.0,0.0,0.0,,,,,BSCC,2025-10-28 15:47:53,36632
702,BSCC_STU00702,0.0,0.0,0.0,0.0,0.0,0.0,0.0,0.0,0.0,,,,,BSCC,2025-10-28 15:47:53,36647
703,BSCC_STU00703,0.0,0.0,0.0,0.0,0.0,0.0,0.0,0.0,0.0,,,,,BSCC,2025-10-28 15:47:53,36629
704,BSCC_STU00704,0.0,0.0,0.0,0.0,0.0,0.0,0.0,0.0,0.0,,,,,BSCC,2025-10-28 15:47:53,36658
705,BSCC_STU00705,0.0,0.0,0.0,0.0,0.0,0.0,0.0,0.0,-1.0,,,,,BSCC,2025-10-28 15:47:53,36673
706,BSCC_STU00706,0.0,5.0,0.0,5.0,0.0,3.0,0.0,3.0,0.0,FL,Associate's Colleges,Associate's Colleges,Town/Rural,BSCC,2025-10-28 15:47:53,36639
707,BSCC_STU00707,0.0,0.0,0.0,0.0,0.0,0.0,0.0,0.0,1.0,,,,,BSCC,2025-10-28 15:47:53,36638
708,BSCC_STU00708,0.0,0.0,0.0,0.0,0.0,0.0,0.0,0.0,0.0,,,,,BSCC,2025-10-28 15:47:53,36656
709,BSCC_STU00709,0.0,5.0,0.0,5.0,2.0,0.0,2.0,0.0,0.0,,,,,BSCC,2025-10-28 15:47:53,36613
710,BSCC_STU00710,0.0,0.0,0.0,0.0,0.0,0.0,0.0,0.0,0.0,,,,,BSCC,2025-10-28 15:47:53,36666
711,BSCC_STU00711,0.0,0.0,0.0,0.0,2.0,0.0,2.0,0.0,0.0,,,,,BSCC,2025-10-28 15:47:53,36608
712,BSCC_STU00712,0.0,0.0,0.0,0.0,0.0,0.0,0.0,0.0,1.0,,,,,BSCC,2025-10-28 15:47:53,36667
713,BSCC_STU00713,0.0,0.0,0.0,0.0,0.0,0.0,0.0,0.0,0.0,,,,,BSCC,2025-10-28 15:47:53,36680
714,BSCC_STU00714,0.0,0.0,0.0,0.0,0.0,0.0,0.0,0.0,0.0,,,,,BSCC,2025-10-28 15:47:53,36639
715,BSCC_STU00715,0.0,0.0,0.0,0.0,0.0,0.0,0.0,0.0,0.0,,,,,BSCC,2025-10-28 15:47:53,36622
716,BSCC_STU00716,0.0,0.0,0.0,0.0,0.0,0.0,0.0,0.0,-1.0,,,,,BSCC,2025-10-28 15:47:53,36690
717,BSCC_STU00717,0.0,0.0,0.0,0.0,1.0,0.0,1.0,0.0,-1.0,,,,,BSCC,2025-10-28 15:47:53,36618
718,BSCC_STU00718,0.0,0.0,0.0,0.0,0.0,0.0,0.0,0.0,1.0,,,,,BSCC,2025-10-28 15:47:53,36636
719,BSCC_STU00719,0.0,0.0,0.0,0.0,0.0,0.0,0.0,0.0,-1.0,,,,,BSCC,2025-10-28 15:47:53,36674
720,BSCC_STU00720,0.0,0.0,0.0,0.0,0.0,0.0,0.0,0.0,0.0,,,,,BSCC,2025-10-28 15:47:53,36642
721,BSCC_STU00721,0.0,0.0,0.0,0.0,0.0,0.0,0.0,0.0,-1.0,,,,,BSCC,2025-10-28 15:47:53,36657
722,BSCC_STU00722,0.0,0.0,0.0,0.0,0.0,4.0,0.0,4.0,0.0,TN,Associate's Colleges,Associate's Colleges,Suburb,BSCC,2025-10-28 15:47:53,36663
723,BSCC_STU00723,0.0,0.0,0.0,0.0,0.0,0.0,0.0,0.0,0.0,,,,,BSCC,2025-10-28 15:47:53,36688
724,BSCC_STU00724,0.0,0.0,0.0,0.0,0.0,0.0,0.0,0.0,-1.0,,,,,BSCC,2025-10-28 15:47:53,36657
725,BSCC_STU00725,0.0,0.0,0.0,0.0,0.0,0.0,0.0,0.0,0.0,,,,,BSCC,2025-10-28 15:47:53,36609
726,BSCC_STU00726,0.0,0.0,0.0,0.0,2.0,0.0,2.0,0.0,-1.0,,,,,BSCC,2025-10-28 15:47:53,36684
727,BSCC_STU00727,0.0,0.0,0.0,0.0,0.0,0.0,0.0,0.0,-1.0,,,,,BSCC,2025-10-28 15:47:53,36645
728,BSCC_STU00728,0.0,0.0,0.0,0.0,0.0,0.0,0.0,0.0,1.0,,,,,BSCC,2025-10-28 15:47:53,36614
729,BSCC_STU00729,0.0,0.0,0.0,0.0,3.0,0.0,3.0,0.0,-1.0,,,,,BSCC,2025-10-28 15:47:53,36688
730,BSCC_STU00730,0.0,0.0,0.0,0.0,0.0,0.0,0.0,0.0,1.0,,,,,BSCC,2025-10-28 15:47:53,36631
731,BSCC_STU00731,0.0,0.0,0.0,0.0,3.0,0.0,3.0,0.0,-1.0,,,,,BSCC,2025-10-28 15:47:53,36657
732,BSCC_STU00732,0.0,3.0,0.0,3.0,2.0,0.0,2.0,0.0,-1.0,,,,,BSCC,2025-10-28 15:47:53,36629
733,BSCC_STU00733,0.0,0.0,0.0,0.0,0.0,0.0,0.0,0.0,-1.0,,,,,BSCC,2025-10-28 15:47:53,36627
734,BSCC_STU00734,0.0,0.0,0.0,0.0,5.0,0.0,5.0,0.0,-1.0,,,,,BSCC,2025-10-28 15:47:53,36664
735,BSCC_STU00735,0.0,0.0,0.0,0.0,0.0,0.0,0.0,0.0,0.0,,,,,BSCC,2025-10-28 15:47:53,36604
736,BSCC_STU00736,0.0,0.0,0.0,0.0,0.0,0.0,0.0,0.0,-1.0,,,,,BSCC,2025-10-28 15:47:53,36571
737,BSCC_STU00737,0.0,0.0,0.0,0.0,0.0,0.0,0.0,0.0,0.0,,,,,BSCC,2025-10-28 15:47:53,36655
738,BSCC_STU00738,0.0,0.0,0.0,0.0,0.0,0.0,0.0,0.0,-1.0,,,,,BSCC,2025-10-28 15:47:53,36602
739,BSCC_STU00739,0.0,0.0,0.0,0.0,0.0,0.0,0.0,0.0,0.0,,,,,BSCC,2025-10-28 15:47:53,36602
740,BSCC_STU00740,0.0,4.0,0.0,4.0,3.0,0.0,3.0,0.0,0.0,,,,,BSCC,2025-10-28 15:47:53,36671
741,BSCC_STU00741,0.0,0.0,0.0,0.0,0.0,0.0,0.0,0.0,1.0,,,,,BSCC,2025-10-28 15:47:53,36608
742,BSCC_STU00742,0.0,0.0,0.0,0.0,0.0,0.0,0.0,0.0,-1.0,,,,,BSCC,2025-10-28 15:47:53,36631
743,BSCC_STU00743,0.0,0.0,0.0,0.0,0.0,0.0,0.0,0.0,1.0,,,,,BSCC,2025-10-28 15:47:53,36680
744,BSCC_STU00744,0.0,0.0,0.0,0.0,4.0,0.0,4.0,0.0,0.0,,,,,BSCC,2025-10-28 15:47:53,36675
745,BSCC_STU00745,0.0,0.0,0.0,0.0,0.0,0.0,0.0,0.0,-1.0,,,,,BSCC,2025-10-28 15:47:53,36669
746,BSCC_STU00746,0.0,0.0,0.0,0.0,0.0,0.0,0.0,0.0,0.0,,,,,BSCC,2025-10-28 15:47:53,36643
747,BSCC_STU00747,0.0,0.0,0.0,0.0,0.0,0.0,0.0,0.0,0.0,,,,,BSCC,2025-10-28 15:47:53,36672
748,BSCC_STU00748,0.0,0.0,0.0,0.0,0.0,0.0,0.0,0.0,-1.0,,,,,BSCC,2025-10-28 15:47:53,36686
749,BSCC_STU00749,0.0,0.0,0.0,0.0,0.0,2.0,0.0,2.0,1.0,FL,Associate's Colleges,Associate's Colleges,Suburb,BSCC,2025-10-28 15:47:53,36654
750,BSCC_STU00750,0.0,0.0,0.0,0.0,2.0,0.0,2.0,0.0,-1.0,,,,,BSCC,2025-10-28 15:47:53,36631
751,BSCC_STU00751,0.0,0.0,0.0,0.0,0.0,0.0,0.0,0.0,0.0,,,,,BSCC,2025-10-28 15:47:53,36525
752,BSCC_STU00752,0.0,0.0,0.0,0.0,0.0,0.0,0.0,0.0,1.0,,,,,BSCC,2025-10-28 15:47:53,36642
753,BSCC_STU00753,0.0,0.0,0.0,0.0,0.0,0.0,0.0,0.0,0.0,,,,,BSCC,2025-10-28 15:47:53,36637
754,BSCC_STU00754,0.0,0.0,0.0,0.0,0.0,0.0,0.0,0.0,0.0,,,,,BSCC,2025-10-28 15:47:53,36641
755,BSCC_STU00755,0.0,0.0,0.0,0.0,0.0,0.0,0.0,0.0,0.0,,,,,BSCC,2025-10-28 15:47:53,36686
756,BSCC_STU00756,0.0,0.0,0.0,0.0,0.0,0.0,0.0,0.0,-1.0,,,,,BSCC,2025-10-28 15:47:53,36674
757,BSCC_STU00757,0.0,0.0,0.0,0.0,0.0,0.0,0.0,0.0,0.0,,,,,BSCC,2025-10-28 15:47:53,36618
758,BSCC_STU00758,0.0,0.0,0.0,0.0,0.0,0.0,0.0,0.0,1.0,,,,,BSCC,2025-10-28 15:47:53,36691
759,BSCC_STU00759,0.0,0.0,0.0,0.0,3.0,0.0,3.0,0.0,0.0,,,,,BSCC,2025-10-28 15:47:53,36632
760,BSCC_STU00760,0.0,0.0,0.0,0.0,0.0,0.0,0.0,0.0,1.0,,,,,BSCC,2025-10-28 15:47:53,36601
761,BSCC_STU00761,0.0,0.0,0.0,0.0,0.0,0.0,0.0,0.0,-1.0,,,,,BSCC,2025-10-28 15:47:53,36638
762,BSCC_STU00762,0.0,0.0,0.0,0.0,0.0,0.0,0.0,0.0,0.0,,,,,BSCC,2025-10-28 15:47:53,36658
763,BSCC_STU00763,0.0,0.0,0.0,0.0,2.0,0.0,2.0,0.0,1.0,,,,,BSCC,2025-10-28 15:47:53,36688
764,BSCC_STU00764,0.0,0.0,0.0,0.0,0.0,0.0,0.0,0.0,0.0,,,,,BSCC,2025-10-28 15:47:53,36635
765,BSCC_STU00765,0.0,0.0,0.0,0.0,0.0,0.0,0.0,0.0,-1.0,,,,,BSCC,2025-10-28 15:47:53,36646
766,BSCC_STU00766,0.0,0.0,0.0,0.0,0.0,0.0,0.0,0.0,-1.0,,,,,BSCC,2025-10-28 15:47:53,36671
767,BSCC_STU00767,0.0,0.0,0.0,0.0,0.0,0.0,0.0,0.0,-1.0,,,,,BSCC,2025-10-28 15:47:53,36604
768,BSCC_STU00768,0.0,0.0,0.0,0.0,0.0,0.0,0.0,0.0,0.0,,,,,BSCC,2025-10-28 15:47:53,36678
769,BSCC_STU00769,0.0,0.0,0.0,0.0,0.0,0.0,0.0,0.0,1.0,,,,,BSCC,2025-10-28 15:47:53,36634
770,BSCC_STU00770,0.0,0.0,0.0,0.0,0.0,0.0,0.0,0.0,1.0,,,,,BSCC,2025-10-28 15:47:53,36692
771,BSCC_STU00771,0.0,0.0,0.0,0.0,0.0,0.0,0.0,0.0,-1.0,,,,,BSCC,2025-10-28 15:47:53,36627
772,BSCC_STU00772,0.0,0.0,0.0,0.0,0.0,0.0,0.0,0.0,0.0,,,,,BSCC,2025-10-28 15:47:53,36695
773,BSCC_STU00773,0.0,0.0,0.0,0.0,0.0,0.0,0.0,0.0,-1.0,,,,,BSCC,2025-10-28 15:47:53,36642
774,BSCC_STU00774,0.0,0.0,0.0,0.0,0.0,0.0,0.0,0.0,-1.0,,,,,BSCC,2025-10-28 15:47:53,36657
775,BSCC_STU00775,0.0,0.0,0.0,0.0,0.0,0.0,0.0,0.0,0.0,,,,,BSCC,2025-10-28 15:47:53,36656
776,BSCC_STU00776,0.0,0.0,0.0,0.0,0.0,0.0,0.0,0.0,1.0,,,,,BSCC,2025-10-28 15:47:53,36667
777,BSCC_STU00777,0.0,0.0,0.0,0.0,0.0,0.0,0.0,0.0,1.0,,,,,BSCC,2025-10-28 15:47:53,36609
778,BSCC_STU00778,0.0,0.0,0.0,0.0,0.0,0.0,0.0,0.0,-1.0,,,,,BSCC,2025-10-28 15:47:53,36637
779,BSCC_STU00779,0.0,0.0,0.0,0.0,5.0,0.0,5.0,0.0,0.0,,,,,BSCC,2025-10-28 15:47:53,36676
780,BSCC_STU00780,0.0,0.0,0.0,0.0,0.0,0.0,0.0,0.0,0.0,,,,,BSCC,2025-10-28 15:47:53,36661
781,BSCC_STU00781,0.0,0.0,0.0,0.0,0.0,0.0,0.0,0.0,1.0,,,,,BSCC,2025-10-28 15:47:53,36646
782,BSCC_STU00782,0.0,0.0,0.0,0.0,0.0,0.0,0.0,0.0,0.0,,,,,BSCC,2025-10-28 15:47:53,36656
783,BSCC_STU00783,0.0,0.0,0.0,0.0,0.0,0.0,0.0,0.0,0.0,,,,,BSCC,2025-10-28 15:47:53,36694
784,BSCC_STU00784,0.0,0.0,0.0,0.0,0.0,0.0,0.0,0.0,-1.0,,,,,BSCC,2025-10-28 15:47:53,36640
785,BSCC_STU00785,0.0,0.0,0.0,0.0,0.0,0.0,0.0,0.0,1.0,,,,,BSCC,2025-10-28 15:47:53,36674
786,BSCC_STU00786,0.0,4.0,0.0,4.0,3.0,0.0,3.0,0.0,0.0,,,,,BSCC,2025-10-28 15:47:53,36648
787,BSCC_STU00787,0.0,0.0,0.0,0.0,0.0,0.0,0.0,0.0,0.0,,,,,BSCC,2025-10-28 15:47:53,36691
788,BSCC_STU00788,0.0,0.0,0.0,0.0,0.0,0.0,0.0,0.0,0.0,,,,,BSCC,2025-10-28 15:47:53,36678
789,BSCC_STU00789,0.0,0.0,0.0,0.0,2.0,0.0,2.0,0.0,0.0,,,,,BSCC,2025-10-28 15:47:53,36690
790,BSCC_STU00790,0.0,0.0,0.0,0.0,0.0,0.0,0.0,0.0,-1.0,,,,,BSCC,2025-10-28 15:47:53,36524
791,BSCC_STU00791,0.0,0.0,0.0,0.0,0.0,0.0,0.0,0.0,-1.0,,,,,BSCC,2025-10-28 15:47:53,36634
792,BSCC_STU00792,0.0,0.0,0.0,0.0,0.0,0.0,0.0,0.0,0.0,,,,,BSCC,2025-10-28 15:47:53,36650
793,BSCC_STU00793,0.0,0.0,0.0,0.0,0.0,0.0,0.0,0.0,0.0,,,,,BSCC,2025-10-28 15:47:53,36612
794,BSCC_STU00794,0.0,0.0,0.0,0.0,0.0,0.0,0.0,0.0,-1.0,,,,,BSCC,2025-10-28 15:47:53,36649
795,BSCC_STU00795,0.0,0.0,0.0,0.0,0.0,0.0,0.0,0.0,-1.0,,,,,BSCC,2025-10-28 15:47:53,36640
796,BSCC_STU00796,0.0,0.0,0.0,0.0,0.0,0.0,0.0,0.0,-1.0,,,,,BSCC,2025-10-28 15:47:53,36639
797,BSCC_STU00797,0.0,0.0,0.0,0.0,0.0,0.0,0.0,0.0,-1.0,,,,,BSCC,2025-10-28 15:47:53,36617
798,BSCC_STU00798,0.0,0.0,0.0,0.0,0.0,0.0,0.0,0.0,1.0,,,,,BSCC,2025-10-28 15:47:53,36627
799,BSCC_STU00799,0.0,0.0,0.0,0.0,0.0,0.0,0.0,0.0,1.0,,,,,BSCC,2025-10-28 15:47:53,36686
800,BSCC_STU00800,0.0,0.0,0.0,0.0,3.0,0.0,3.0,0.0,-1.0,,,,,BSCC,2025-10-28 15:47:53,36651
801,BSCC_STU00801,0.0,0.0,0.0,0.0,0.0,0.0,0.0,0.0,0.0,,,,,BSCC,2025-10-28 15:47:53,36639
802,BSCC_STU00802,0.0,0.0,0.0,0.0,0.0,0.0,0.0,0.0,0.0,,,,,BSCC,2025-10-28 15:47:53,36645
803,BSCC_STU00803,0.0,0.0,0.0,0.0,0.0,0.0,0.0,0.0,0.0,,,,,BSCC,2025-10-28 15:47:53,36655
804,BSCC_STU00804,0.0,0.0,0.0,0.0,0.0,3.0,0.0,3.0,1.0,GA,Master's Colleges and Universities,Master's Colleges and Universities,Urban,BSCC,2025-10-28 15:47:53,36692
805,BSCC_STU00805,0.0,0.0,0.0,0.0,3.0,0.0,3.0,0.0,0.0,,,,,BSCC,2025-10-28 15:47:53,36663
806,BSCC_STU00806,0.0,0.0,0.0,0.0,0.0,0.0,0.0,0.0,0.0,,,,,BSCC,2025-10-28 15:47:53,36646
807,BSCC_STU00807,0.0,0.0,0.0,0.0,0.0,0.0,0.0,0.0,0.0,,,,,BSCC,2025-10-28 15:47:53,36632
808,BSCC_STU00808,0.0,0.0,0.0,0.0,0.0,0.0,0.0,0.0,0.0,,,,,BSCC,2025-10-28 15:47:53,36693
809,BSCC_STU00809,0.0,0.0,0.0,0.0,0.0,0.0,0.0,0.0,0.0,,,,,BSCC,2025-10-28 15:47:53,36587
810,BSCC_STU00810,0.0,0.0,0.0,0.0,0.0,0.0,0.0,0.0,-1.0,,,,,BSCC,2025-10-28 15:47:53,36665
811,BSCC_STU00811,0.0,0.0,0.0,0.0,0.0,0.0,0.0,0.0,-1.0,,,,,BSCC,2025-10-28 15:47:53,36629
812,BSCC_STU00812,0.0,0.0,0.0,0.0,0.0,0.0,0.0,0.0,0.0,,,,,BSCC,2025-10-28 15:47:53,36524
813,BSCC_STU00813,0.0,0.0,0.0,0.0,0.0,0.0,0.0,0.0,1.0,,,,,BSCC,2025-10-28 15:47:53,36648
814,BSCC_STU00814,0.0,0.0,0.0,0.0,0.0,0.0,0.0,0.0,-1.0,,,,,BSCC,2025-10-28 15:47:53,36649
815,BSCC_STU00815,0.0,0.0,0.0,0.0,0.0,0.0,0.0,0.0,-1.0,,,,,BSCC,2025-10-28 15:47:53,36654
816,BSCC_STU00816,0.0,0.0,0.0,0.0,0.0,0.0,0.0,0.0,0.0,,,,,BSCC,2025-10-28 15:47:53,36621
817,BSCC_STU00817,0.0,0.0,0.0,0.0,0.0,0.0,0.0,0.0,0.0,,,,,BSCC,2025-10-28 15:47:53,36680
818,BSCC_STU00818,0.0,0.0,0.0,0.0,3.0,0.0,3.0,0.0,1.0,,,,,BSCC,2025-10-28 15:47:53,36524
819,BSCC_STU00819,0.0,0.0,0.0,0.0,0.0,0.0,0.0,0.0,-1.0,,,,,BSCC,2025-10-28 15:47:53,36627
820,BSCC_STU00820,0.0,0.0,0.0,0.0,2.0,0.0,2.0,0.0,0.0,,,,,BSCC,2025-10-28 15:47:53,36632
821,BSCC_STU00821,0.0,0.0,0.0,0.0,0.0,0.0,0.0,0.0,-1.0,,,,,BSCC,2025-10-28 15:47:53,36692
822,BSCC_STU00822,0.0,0.0,0.0,0.0,0.0,0.0,0.0,0.0,-1.0,,,,,BSCC,2025-10-28 15:47:53,36571
823,BSCC_STU00823,0.0,0.0,0.0,0.0,0.0,0.0,0.0,0.0,0.0,,,,,BSCC,2025-10-28 15:47:53,36643
824,BSCC_STU00824,0.0,0.0,0.0,0.0,0.0,0.0,0.0,0.0,0.0,,,,,BSCC,2025-10-28 15:47:53,36619
825,BSCC_STU00825,0.0,0.0,0.0,0.0,0.0,0.0,0.0,0.0,-1.0,,,,,BSCC,2025-10-28 15:47:53,36620
826,BSCC_STU00826,0.0,0.0,0.0,0.0,0.0,0.0,0.0,0.0,1.0,,,,,BSCC,2025-10-28 15:47:53,36622
827,BSCC_STU00827,0.0,0.0,0.0,0.0,0.0,0.0,0.0,0.0,0.0,,,,,BSCC,2025-10-28 15:47:53,36602
828,BSCC_STU00828,0.0,0.0,0.0,0.0,0.0,0.0,0.0,0.0,0.0,,,,,BSCC,2025-10-28 15:47:53,36630
829,BSCC_STU00829,0.0,0.0,0.0,0.0,0.0,0.0,0.0,0.0,1.0,,,,,BSCC,2025-10-28 15:47:53,36608
830,BSCC_STU00830,0.0,0.0,0.0,0.0,0.0,0.0,0.0,0.0,0.0,,,,,BSCC,2025-10-28 15:47:53,36694
831,BSCC_STU00831,0.0,0.0,0.0,0.0,0.0,0.0,0.0,0.0,-1.0,,,,,BSCC,2025-10-28 15:47:53,36626
832,BSCC_STU00832,0.0,0.0,0.0,0.0,0.0,0.0,0.0,0.0,0.0,,,,,BSCC,2025-10-28 15:47:53,36676
833,BSCC_STU00833,0.0,0.0,0.0,0.0,0.0,0.0,0.0,0.0,-1.0,,,,,BSCC,2025-10-28 15:47:53,36632
834,BSCC_STU00834,0.0,0.0,0.0,0.0,0.0,0.0,0.0,0.0,0.0,,,,,BSCC,2025-10-28 15:47:53,36609
835,BSCC_STU00835,0.0,0.0,0.0,0.0,0.0,0.0,0.0,0.0,0.0,,,,,BSCC,2025-10-28 15:47:53,36614
836,BSCC_STU00836,0.0,0.0,0.0,0.0,0.0,0.0,0.0,0.0,0.0,,,,,BSCC,2025-10-28 15:47:53,36571
837,BSCC_STU00837,0.0,0.0,0.0,0.0,0.0,0.0,0.0,0.0,0.0,,,,,BSCC,2025-10-28 15:47:53,36655
838,BSCC_STU00838,0.0,0.0,0.0,0.0,0.0,0.0,0.0,0.0,-1.0,,,,,BSCC,2025-10-28 15:47:53,36638
839,BSCC_STU00839,0.0,0.0,0.0,0.0,0.0,0.0,0.0,0.0,1.0,,,,,BSCC,2025-10-28 15:47:53,36636
840,BSCC_STU00840,0.0,0.0,0.0,0.0,0.0,0.0,0.0,0.0,0.0,,,,,BSCC,2025-10-28 15:47:53,36676
841,BSCC_STU00841,0.0,0.0,0.0,0.0,0.0,0.0,0.0,0.0,-1.0,,,,,BSCC,2025-10-28 15:47:53,36620
842,BSCC_STU00842,0.0,0.0,0.0,0.0,0.0,0.0,0.0,0.0,-1.0,,,,,BSCC,2025-10-28 15:47:53,36545
843,BSCC_STU00843,0.0,0.0,0.0,0.0,0.0,5.0,0.0,5.0,0.0,AL,Master's Colleges and Universities,Master's Colleges and Universities,Town/Rural,BSCC,2025-10-28 15:47:53,36524
844,BSCC_STU00844,0.0,0.0,0.0,0.0,0.0,0.0,0.0,0.0,-1.0,,,,,BSCC,2025-10-28 15:47:53,36637
845,BSCC_STU00845,0.0,4.0,0.0,4.0,3.0,0.0,3.0,0.0,0.0,,,,,BSCC,2025-10-28 15:47:53,36612
846,BSCC_STU00846,0.0,0.0,0.0,0.0,0.0,0.0,0.0,0.0,0.0,,,,,BSCC,2025-10-28 15:47:53,36674
847,BSCC_STU00847,0.0,0.0,0.0,0.0,0.0,0.0,0.0,0.0,1.0,,,,,BSCC,2025-10-28 15:47:53,36659
848,BSCC_STU00848,0.0,0.0,0.0,0.0,0.0,0.0,0.0,0.0,0.0,,,,,BSCC,2025-10-28 15:47:53,36669
849,BSCC_STU00849,0.0,0.0,0.0,0.0,0.0,0.0,0.0,0.0,0.0,,,,,BSCC,2025-10-28 15:47:53,36545
850,BSCC_STU00850,0.0,0.0,0.0,0.0,0.0,0.0,0.0,0.0,-1.0,,,,,BSCC,2025-10-28 15:47:53,36657
851,BSCC_STU00851,0.0,0.0,0.0,0.0,0.0,0.0,0.0,0.0,-1.0,,,,,BSCC,2025-10-28 15:47:53,36621
852,BSCC_STU00852,0.0,0.0,0.0,0.0,0.0,0.0,0.0,0.0,1.0,,,,,BSCC,2025-10-28 15:47:53,36662
853,BSCC_STU00853,0.0,0.0,0.0,0.0,0.0,0.0,0.0,0.0,-1.0,,,,,BSCC,2025-10-28 15:47:53,36630
854,BSCC_STU00854,0.0,0.0,0.0,0.0,0.0,0.0,0.0,0.0,1.0,,,,,BSCC,2025-10-28 15:47:53,36618
855,BSCC_STU00855,0.0,0.0,0.0,0.0,0.0,0.0,0.0,0.0,-1.0,,,,,BSCC,2025-10-28 15:47:53,36604
856,BSCC_STU00856,0.0,0.0,0.0,0.0,0.0,0.0,0.0,0.0,0.0,,,,,BSCC,2025-10-28 15:47:53,36622
857,BSCC_STU00857,0.0,0.0,0.0,0.0,0.0,0.0,0.0,0.0,1.0,,,,,BSCC,2025-10-28 15:47:53,36682
858,BSCC_STU00858,0.0,0.0,0.0,0.0,0.0,0.0,0.0,0.0,1.0,,,,,BSCC,2025-10-28 15:47:53,36524
859,BSCC_STU00859,0.0,0.0,0.0,0.0,0.0,0.0,0.0,0.0,-1.0,,,,,BSCC,2025-10-28 15:47:53,36648
860,BSCC_STU00860,0.0,0.0,0.0,0.0,0.0,0.0,0.0,0.0,0.0,,,,,BSCC,2025-10-28 15:47:53,36642
861,BSCC_STU00861,0.0,0.0,0.0,0.0,0.0,0.0,0.0,0.0,0.0,,,,,BSCC,2025-10-28 15:47:53,36616
862,BSCC_STU00862,0.0,0.0,0.0,0.0,0.0,0.0,0.0,0.0,1.0,,,,,BSCC,2025-10-28 15:47:53,36686
863,BSCC_STU00863,0.0,0.0,0.0,0.0,0.0,0.0,0.0,0.0,-1.0,,,,,BSCC,2025-10-28 15:47:53,36671
864,BSCC_STU00864,0.0,0.0,0.0,0.0,0.0,0.0,0.0,0.0,0.0,,,,,BSCC,2025-10-28 15:47:53,36560
865,BSCC_STU00865,0.0,0.0,0.0,0.0,0.0,0.0,0.0,0.0,0.0,,,,,BSCC,2025-10-28 15:47:53,36688
866,BSCC_STU00866,0.0,0.0,0.0,0.0,0.0,0.0,0.0,0.0,0.0,,,,,BSCC,2025-10-28 15:47:53,36638
867,BSCC_STU00867,0.0,0.0,0.0,0.0,0.0,0.0,0.0,0.0,1.0,,,,,BSCC,2025-10-28 15:47:53,36677
868,BSCC_STU00868,0.0,0.0,0.0,0.0,0.0,0.0,0.0,0.0,-1.0,,,,,BSCC,2025-10-28 15:47:53,36651
869,BSCC_STU00869,0.0,0.0,0.0,0.0,0.0,0.0,0.0,0.0,0.0,,,,,BSCC,2025-10-28 15:47:53,36616
870,BSCC_STU00870,0.0,0.0,0.0,0.0,0.0,0.0,0.0,0.0,-1.0,,,,,BSCC,2025-10-28 15:47:53,36639
871,BSCC_STU00871,0.0,0.0,0.0,0.0,0.0,0.0,0.0,0.0,1.0,,,,,BSCC,2025-10-28 15:47:53,36649
872,BSCC_STU00872,0.0,0.0,0.0,0.0,0.0,0.0,0.0,0.0,1.0,,,,,BSCC,2025-10-28 15:47:53,36686
873,BSCC_STU00873,0.0,0.0,0.0,0.0,2.0,0.0,2.0,0.0,-1.0,,,,,BSCC,2025-10-28 15:47:53,36646
874,BSCC_STU00874,0.0,0.0,0.0,0.0,0.0,0.0,0.0,0.0,1.0,,,,,BSCC,2025-10-28 15:47:53,36587
875,BSCC_STU00875,0.0,0.0,0.0,0.0,0.0,0.0,0.0,0.0,-1.0,,,,,BSCC,2025-10-28 15:47:53,36659
876,BSCC_STU00876,0.0,0.0,0.0,0.0,0.0,0.0,0.0,0.0,1.0,,,,,BSCC,2025-10-28 15:47:53,36613
877,BSCC_STU00877,0.0,0.0,0.0,0.0,0.0,0.0,0.0,0.0,0.0,,,,,BSCC,2025-10-28 15:47:53,36545
878,BSCC_STU00878,0.0,0.0,0.0,0.0,0.0,0.0,0.0,0.0,-1.0,,,,,BSCC,2025-10-28 15:47:53,36643
879,BSCC_STU00879,0.0,0.0,0.0,0.0,0.0,0.0,0.0,0.0,-1.0,,,,,BSCC,2025-10-28 15:47:53,36645
880,BSCC_STU00880,0.0,0.0,0.0,0.0,0.0,0.0,0.0,0.0,0.0,,,,,BSCC,2025-10-28 15:47:53,36669
881,BSCC_STU00881,0.0,0.0,0.0,0.0,0.0,0.0,0.0,0.0,0.0,,,,,BSCC,2025-10-28 15:47:53,36692
882,BSCC_STU00882,0.0,0.0,0.0,0.0,0.0,0.0,0.0,0.0,-1.0,,,,,BSCC,2025-10-28 15:47:53,36629
883,BSCC_STU00883,0.0,0.0,0.0,0.0,0.0,0.0,0.0,0.0,0.0,,,,,BSCC,2025-10-28 15:47:53,36657
884,BSCC_STU00884,0.0,0.0,0.0,0.0,0.0,0.0,0.0,0.0,0.0,,,,,BSCC,2025-10-28 15:47:53,36634
885,BSCC_STU00885,0.0,0.0,0.0,0.0,0.0,0.0,0.0,0.0,0.0,,,,,BSCC,2025-10-28 15:47:53,36691
886,BSCC_STU00886,0.0,0.0,0.0,0.0,0.0,0.0,0.0,0.0,0.0,,,,,BSCC,2025-10-28 15:47:53,36660
887,BSCC_STU00887,0.0,0.0,0.0,0.0,0.0,0.0,0.0,0.0,-1.0,,,,,BSCC,2025-10-28 15:47:53,36662
888,BSCC_STU00888,0.0,0.0,0.0,0.0,0.0,0.0,0.0,0.0,0.0,,,,,BSCC,2025-10-28 15:47:53,36663
889,BSCC_STU00889,0.0,0.0,0.0,0.0,0.0,0.0,0.0,0.0,-1.0,,,,,BSCC,2025-10-28 15:47:53,36688
890,BSCC_STU00890,0.0,0.0,0.0,0.0,0.0,0.0,0.0,0.0,0.0,,,,,BSCC,2025-10-28 15:47:53,36632
891,BSCC_STU00891,0.0,0.0,0.0,0.0,0.0,0.0,0.0,0.0,0.0,,,,,BSCC,2025-10-28 15:47:53,36649
892,BSCC_STU00892,0.0,0.0,0.0,0.0,0.0,0.0,0.0,0.0,-1.0,,,,,BSCC,2025-10-28 15:47:53,36668
893,BSCC_STU00893,0.0,0.0,0.0,0.0,0.0,0.0,0.0,0.0,1.0,,,,,BSCC,2025-10-28 15:47:53,36648
894,BSCC_STU00894,0.0,0.0,0.0,0.0,0.0,0.0,0.0,0.0,-1.0,,,,,BSCC,2025-10-28 15:47:53,36623
895,BSCC_STU00895,0.0,0.0,0.0,0.0,0.0,0.0,0.0,0.0,-1.0,,,,,BSCC,2025-10-28 15:47:53,36638
896,BSCC_STU00896,0.0,0.0,0.0,0.0,0.0,0.0,0.0,0.0,1.0,,,,,BSCC,2025-10-28 15:47:53,36609
897,BSCC_STU00897,0.0,0.0,0.0,0.0,0.0,0.0,0.0,0.0,0.0,,,,,BSCC,2025-10-28 15:47:53,36613
898,BSCC_STU00898,0.0,4.0,0.0,4.0,0.0,4.0,0.0,4.0,1.0,FL,Associate's Colleges,Associate's Colleges,Town/Rural,BSCC,2025-10-28 15:47:53,36611
899,BSCC_STU00899,0.0,0.0,0.0,0.0,0.0,0.0,0.0,0.0,-1.0,,,,,BSCC,2025-10-28 15:47:53,36625
900,BSCC_STU00900,0.0,0.0,0.0,0.0,0.0,0.0,0.0,0.0,-1.0,,,,,BSCC,2025-10-28 15:47:53,36610
901,BSCC_STU00901,0.0,0.0,0.0,0.0,0.0,0.0,0.0,0.0,-1.0,,,,,BSCC,2025-10-28 15:47:53,36623
902,BSCC_STU00902,0.0,0.0,0.0,0.0,0.0,0.0,0.0,0.0,1.0,,,,,BSCC,2025-10-28 15:47:53,36691
903,BSCC_STU00903,0.0,0.0,0.0,0.0,0.0,0.0,0.0,0.0,-1.0,,,,,BSCC,2025-10-28 15:47:53,36625
904,BSCC_STU00904,0.0,0.0,0.0,0.0,0.0,2.0,0.0,2.0,1.0,MS,Associate's Colleges,Associate's Colleges,Town/Rural,BSCC,2025-10-28 15:47:53,36642
905,BSCC_STU00905,0.0,0.0,0.0,0.0,0.0,0.0,0.0,0.0,-1.0,,,,,BSCC,2025-10-28 15:47:53,36626
906,BSCC_STU00906,0.0,0.0,0.0,0.0,0.0,0.0,0.0,0.0,-1.0,,,,,BSCC,2025-10-28 15:47:53,36545
907,BSCC_STU00907,0.0,0.0,0.0,0.0,0.0,0.0,0.0,0.0,0.0,,,,,BSCC,2025-10-28 15:47:53,36623
908,BSCC_STU00908,0.0,0.0,0.0,0.0,0.0,0.0,0.0,0.0,-1.0,,,,,BSCC,2025-10-28 15:47:53,36678
909,BSCC_STU00909,0.0,0.0,0.0,0.0,0.0,0.0,0.0,0.0,0.0,,,,,BSCC,2025-10-28 15:47:53,36688
910,BSCC_STU00910,0.0,0.0,0.0,0.0,0.0,0.0,0.0,0.0,-1.0,,,,,BSCC,2025-10-28 15:47:53,36674
911,BSCC_STU00911,0.0,0.0,0.0,0.0,0.0,0.0,0.0,0.0,0.0,,,,,BSCC,2025-10-28 15:47:53,36647
912,BSCC_STU00912,0.0,0.0,0.0,0.0,0.0,0.0,0.0,0.0,0.0,,,,,BSCC,2025-10-28 15:47:53,36681
913,BSCC_STU00913,0.0,0.0,0.0,0.0,1.0,0.0,1.0,0.0,0.0,,,,,BSCC,2025-10-28 15:47:53,36692
914,BSCC_STU00914,0.0,0.0,0.0,0.0,0.0,0.0,0.0,0.0,0.0,,,,,BSCC,2025-10-28 15:47:53,36607
915,BSCC_STU00915,0.0,0.0,0.0,0.0,0.0,0.0,0.0,0.0,0.0,,,,,BSCC,2025-10-28 15:47:53,36545
916,BSCC_STU00916,0.0,0.0,0.0,0.0,0.0,0.0,0.0,0.0,1.0,,,,,BSCC,2025-10-28 15:47:53,36668
917,BSCC_STU00917,0.0,0.0,0.0,0.0,0.0,0.0,0.0,0.0,-1.0,,,,,BSCC,2025-10-28 15:47:53,36524
918,BSCC_STU00918,0.0,0.0,0.0,0.0,0.0,0.0,0.0,0.0,1.0,,,,,BSCC,2025-10-28 15:47:53,36639
919,BSCC_STU00919,0.0,0.0,0.0,0.0,0.0,0.0,0.0,0.0,-1.0,,,,,BSCC,2025-10-28 15:47:53,36615
920,BSCC_STU00920,0.0,0.0,0.0,0.0,0.0,0.0,0.0,0.0,0.0,,,,,BSCC,2025-10-28 15:47:53,36658
921,BSCC_STU00921,0.0,0.0,0.0,0.0,0.0,0.0,0.0,0.0,0.0,,,,,BSCC,2025-10-28 15:47:53,36623
922,BSCC_STU00922,0.0,0.0,0.0,0.0,2.0,0.0,2.0,0.0,1.0,,,,,BSCC,2025-10-28 15:47:53,36646
923,BSCC_STU00923,0.0,0.0,0.0,0.0,0.0,0.0,0.0,0.0,-1.0,,,,,BSCC,2025-10-28 15:47:53,36641
924,BSCC_STU00924,0.0,0.0,0.0,0.0,0.0,0.0,0.0,0.0,-1.0,,,,,BSCC,2025-10-28 15:47:53,36602
925,BSCC_STU00925,0.0,0.0,0.0,0.0,0.0,0.0,0.0,0.0,0.0,,,,,BSCC,2025-10-28 15:47:53,36617
926,BSCC_STU00926,0.0,0.0,0.0,0.0,0.0,0.0,0.0,0.0,0.0,,,,,BSCC,2025-10-28 15:47:53,36540
927,BSCC_STU00927,0.0,0.0,0.0,0.0,0.0,0.0,0.0,0.0,0.0,,,,,BSCC,2025-10-28 15:47:53,36675
928,BSCC_STU00928,0.0,0.0,0.0,0.0,0.0,0.0,0.0,0.0,-1.0,,,,,BSCC,2025-10-28 15:47:53,36692
929,BSCC_STU00929,0.0,5.0,0.0,5.0,0.0,2.0,0.0,2.0,0.0,GA,Master's Colleges and Universities,Master's Colleges and Universities,Urban,BSCC,2025-10-28 15:47:53,36608
930,BSCC_STU00930,0.0,0.0,0.0,0.0,0.0,0.0,0.0,0.0,1.0,,,,,BSCC,2025-10-28 15:47:53,36633
931,BSCC_STU00931,0.0,0.0,0.0,0.0,0.0,0.0,0.0,0.0,0.0,,,,,BSCC,2025-10-28 15:47:53,36611
932,BSCC_STU00932,0.0,0.0,0.0,0.0,0.0,0.0,0.0,0.0,1.0,,,,,BSCC,2025-10-28 15:47:53,36687
933,BSCC_STU00933,0.0,0.0,0.0,0.0,0.0,0.0,0.0,0.0,0.0,,,,,BSCC,2025-10-28 15:47:53,36642
934,BSCC_STU00934,0.0,0.0,0.0,0.0,3.0,0.0,3.0,0.0,0.0,,,,,BSCC,2025-10-28 15:47:53,36647
935,BSCC_STU00935,0.0,0.0,0.0,0.0,0.0,0.0,0.0,0.0,0.0,,,,,BSCC,2025-10-28 15:47:53,36625
936,BSCC_STU00936,0.0,0.0,0.0,0.0,0.0,0.0,0.0,0.0,-1.0,,,,,BSCC,2025-10-28 15:47:53,36667
937,BSCC_STU00937,0.0,0.0,0.0,0.0,3.0,0.0,3.0,0.0,0.0,,,,,BSCC,2025-10-28 15:47:53,36677
938,BSCC_STU00938,0.0,0.0,0.0,0.0,0.0,0.0,0.0,0.0,0.0,,,,,BSCC,2025-10-28 15:47:53,36674
939,BSCC_STU00939,0.0,0.0,0.0,0.0,0.0,0.0,0.0,0.0,1.0,,,,,BSCC,2025-10-28 15:47:53,36650
940,BSCC_STU00940,0.0,0.0,0.0,0.0,0.0,0.0,0.0,0.0,-1.0,,,,,BSCC,2025-10-28 15:47:53,36692
941,BSCC_STU00941,0.0,0.0,0.0,0.0,0.0,0.0,0.0,0.0,0.0,,,,,BSCC,2025-10-28 15:47:53,36678
942,BSCC_STU00942,0.0,4.0,0.0,4.0,1.0,0.0,1.0,0.0,1.0,,,,,BSCC,2025-10-28 15:47:53,36634
943,BSCC_STU00943,0.0,0.0,0.0,0.0,2.0,0.0,2.0,0.0,1.0,,,,,BSCC,2025-10-28 15:47:53,36691
944,BSCC_STU00944,0.0,0.0,0.0,0.0,0.0,0.0,0.0,0.0,1.0,,,,,BSCC,2025-10-28 15:47:53,36642
945,BSCC_STU00945,0.0,0.0,0.0,0.0,0.0,2.0,0.0,2.0,-1.0,MS,Master's Colleges and Universities,Master's Colleges and Universities,Urban,BSCC,2025-10-28 15:47:53,36620
946,BSCC_STU00946,0.0,0.0,0.0,0.0,5.0,0.0,5.0,0.0,0.0,,,,,BSCC,2025-10-28 15:47:53,36540
947,BSCC_STU00947,0.0,0.0,0.0,0.0,0.0,0.0,0.0,0.0,0.0,,,,,BSCC,2025-10-28 15:47:53,36642
948,BSCC_STU00948,0.0,0.0,0.0,0.0,0.0,0.0,0.0,0.0,-1.0,,,,,BSCC,2025-10-28 15:47:53,36690
949,BSCC_STU00949,0.0,0.0,0.0,0.0,0.0,3.0,0.0,3.0,1.0,AL,Associate's Colleges,Associate's Colleges,Suburb,BSCC,2025-10-28 15:47:53,36666
950,BSCC_STU00950,0.0,0.0,0.0,0.0,0.0,0.0,0.0,0.0,-1.0,,,,,BSCC,2025-10-28 15:47:53,36524
951,BSCC_STU00951,0.0,0.0,0.0,0.0,0.0,0.0,0.0,0.0,0.0,,,,,BSCC,2025-10-28 15:47:53,36628
952,BSCC_STU00952,0.0,0.0,0.0,0.0,0.0,0.0,0.0,0.0,-1.0,,,,,BSCC,2025-10-28 15:47:53,36637
953,BSCC_STU00953,0.0,0.0,0.0,0.0,0.0,0.0,0.0,0.0,0.0,,,,,BSCC,2025-10-28 15:47:53,36649
954,BSCC_STU00954,0.0,0.0,0.0,0.0,0.0,0.0,0.0,0.0,-1.0,,,,,BSCC,2025-10-28 15:47:53,36654
955,BSCC_STU00955,0.0,0.0,0.0,0.0,0.0,0.0,0.0,0.0,-1.0,,,,,BSCC,2025-10-28 15:47:53,36615
956,BSCC_STU00956,0.0,0.0,0.0,0.0,0.0,0.0,0.0,0.0,-1.0,,,,,BSCC,2025-10-28 15:47:53,36628
957,BSCC_STU00957,0.0,4.0,0.0,4.0,2.0,0.0,2.0,0.0,-1.0,,,,,BSCC,2025-10-28 15:47:53,36685
958,BSCC_STU00958,0.0,0.0,0.0,0.0,0.0,0.0,0.0,0.0,1.0,,,,,BSCC,2025-10-28 15:47:53,36637
959,BSCC_STU00959,0.0,0.0,0.0,0.0,0.0,0.0,0.0,0.0,-1.0,,,,,BSCC,2025-10-28 15:47:53,36675
960,BSCC_STU00960,0.0,0.0,0.0,0.0,0.0,0.0,0.0,0.0,0.0,,,,,BSCC,2025-10-28 15:47:53,36683
961,BSCC_STU00961,0.0,0.0,0.0,0.0,0.0,0.0,0.0,0.0,0.0,,,,,BSCC,2025-10-28 15:47:53,36618
962,BSCC_STU00962,0.0,0.0,0.0,0.0,0.0,0.0,0.0,0.0,0.0,,,,,BSCC,2025-10-28 15:47:53,36686
963,BSCC_STU00963,0.0,0.0,0.0,0.0,0.0,0.0,0.0,0.0,1.0,,,,,BSCC,2025-10-28 15:47:53,36674
964,BSCC_STU00964,0.0,0.0,0.0,0.0,0.0,0.0,0.0,0.0,1.0,,,,,BSCC,2025-10-28 15:47:53,36692
965,BSCC_STU00965,0.0,0.0,0.0,0.0,0.0,3.0,0.0,3.0,0.0,FL,Associate's Colleges,Associate's Colleges,Suburb,BSCC,2025-10-28 15:47:53,36604
966,BSCC_STU00966,0.0,0.0,0.0,0.0,0.0,0.0,0.0,0.0,-1.0,,,,,BSCC,2025-10-28 15:47:53,36676
967,BSCC_STU00967,0.0,0.0,0.0,0.0,0.0,0.0,0.0,0.0,1.0,,,,,BSCC,2025-10-28 15:47:53,36649
968,BSCC_STU00968,0.0,0.0,0.0,0.0,0.0,0.0,0.0,0.0,0.0,,,,,BSCC,2025-10-28 15:47:53,36649
969,BSCC_STU00969,0.0,0.0,0.0,0.0,0.0,0.0,0.0,0.0,1.0,,,,,BSCC,2025-10-28 15:47:53,36624
970,BSCC_STU00970,0.0,0.0,0.0,0.0,0.0,0.0,0.0,0.0,1.0,,,,,BSCC,2025-10-28 15:47:53,36638
971,BSCC_STU00971,0.0,0.0,0.0,0.0,0.0,0.0,0.0,0.0,0.0,,,,,BSCC,2025-10-28 15:47:53,36606
972,BSCC_STU00972,0.0,0.0,0.0,0.0,0.0,0.0,0.0,0.0,-1.0,,,,,BSCC,2025-10-28 15:47:53,36647
973,BSCC_STU00973,0.0,0.0,0.0,0.0,0.0,0.0,0.0,0.0,-1.0,,,,,BSCC,2025-10-28 15:47:53,36634
974,BSCC_STU00974,0.0,0.0,0.0,0.0,0.0,0.0,0.0,0.0,-1.0,,,,,BSCC,2025-10-28 15:47:53,36609
975,BSCC_STU00975,0.0,0.0,0.0,0.0,0.0,0.0,0.0,0.0,0.0,,,,,BSCC,2025-10-28 15:47:53,36686
976,BSCC_STU00976,0.0,0.0,0.0,0.0,0.0,0.0,0.0,0.0,-1.0,,,,,BSCC,2025-10-28 15:47:53,36613
977,BSCC_STU00977,0.0,0.0,0.0,0.0,4.0,0.0,4.0,0.0,1.0,,,,,BSCC,2025-10-28 15:47:53,36653
978,BSCC_STU00978,0.0,0.0,0.0,0.0,0.0,0.0,0.0,0.0,1.0,,,,,BSCC,2025-10-28 15:47:53,36662
979,BSCC_STU00979,0.0,0.0,0.0,0.0,0.0,0.0,0.0,0.0,0.0,,,,,BSCC,2025-10-28 15:47:53,36654
980,BSCC_STU00980,0.0,0.0,0.0,0.0,0.0,0.0,0.0,0.0,0.0,,,,,BSCC,2025-10-28 15:47:53,36678
981,BSCC_STU00981,0.0,0.0,0.0,0.0,0.0,0.0,0.0,0.0,1.0,,,,,BSCC,2025-10-28 15:47:53,36644
982,BSCC_STU00982,0.0,0.0,0.0,0.0,0.0,0.0,0.0,0.0,0.0,,,,,BSCC,2025-10-28 15:47:53,36625
983,BSCC_STU00983,0.0,0.0,0.0,0.0,0.0,0.0,0.0,0.0,-1.0,,,,,BSCC,2025-10-28 15:47:53,36692
984,BSCC_STU00984,0.0,0.0,0.0,0.0,0.0,0.0,0.0,0.0,-1.0,,,,,BSCC,2025-10-28 15:47:53,36677
985,BSCC_STU00985,0.0,0.0,0.0,0.0,0.0,0.0,0.0,0.0,1.0,,,,,BSCC,2025-10-28 15:47:53,36633
986,BSCC_STU00986,0.0,0.0,0.0,0.0,0.0,0.0,0.0,0.0,-1.0,,,,,BSCC,2025-10-28 15:47:53,36675
987,BSCC_STU00987,0.0,0.0,0.0,0.0,0.0,0.0,0.0,0.0,0.0,,,,,BSCC,2025-10-28 15:47:53,36636
988,BSCC_STU00988,0.0,0.0,0.0,0.0,0.0,0.0,0.0,0.0,1.0,,,,,BSCC,2025-10-28 15:47:53,36630
989,BSCC_STU00989,0.0,0.0,0.0,0.0,0.0,0.0,0.0,0.0,-1.0,,,,,BSCC,2025-10-28 15:47:53,36627
990,BSCC_STU00990,0.0,0.0,0.0,0.0,0.0,0.0,0.0,0.0,-1.0,,,,,BSCC,2025-10-28 15:47:53,36659
991,BSCC_STU00991,0.0,0.0,0.0,0.0,0.0,0.0,0.0,0.0,1.0,,,,,BSCC,2025-10-28 15:47:53,36628
992,BSCC_STU00992,0.0,0.0,0.0,0.0,0.0,0.0,0.0,0.0,0.0,,,,,BSCC,2025-10-28 15:47:53,36656
993,BSCC_STU00993,0.0,0.0,0.0,0.0,0.0,0.0,0.0,0.0,-1.0,,,,,BSCC,2025-10-28 15:47:53,36622
994,BSCC_STU00994,0.0,0.0,0.0,0.0,3.0,0.0,3.0,0.0,-1.0,,,,,BSCC,2025-10-28 15:47:53,36650
995,BSCC_STU00995,0.0,0.0,0.0,0.0,0.0,0.0,0.0,0.0,1.0,,,,,BSCC,2025-10-28 15:47:53,36677
996,BSCC_STU00996,0.0,0.0,0.0,0.0,0.0,0.0,0.0,0.0,1.0,,,,,BSCC,2025-10-28 15:47:53,36633
997,BSCC_STU00997,0.0,0.0,0.0,0.0,0.0,0.0,0.0,0.0,-1.0,,,,,BSCC,2025-10-28 15:47:53,36680
998,BSCC_STU00998,0.0,0.0,0.0,0.0,0.0,0.0,0.0,0.0,1.0,,,,,BSCC,2025-10-28 15:47:53,36678
999,BSCC_STU00999,0.0,0.0,0.0,0.0,0.0,0.0,0.0,0.0,1.0,,,,,BSCC,2025-10-28 15:47:53,36632
1000,BSCC_STU01000,0.0,0.0,0.0,0.0,4.0,0.0,4.0,0.0,-1.0,,,,,BSCC,2025-10-28 15:47:53,36648
1001,BSCC_STU01001,0.0,0.0,0.0,0.0,0.0,0.0,0.0,0.0,0.0,,,,,BSCC,2025-10-28 15:47:53,36693
1002,BSCC_STU01002,0.0,0.0,0.0,0.0,0.0,0.0,0.0,0.0,1.0,,,,,BSCC,2025-10-28 15:47:53,36622
1003,BSCC_STU01003,0.0,4.0,0.0,4.0,4.0,0.0,4.0,0.0,1.0,,,,,BSCC,2025-10-28 15:47:53,36628
1004,BSCC_STU01004,0.0,0.0,0.0,0.0,0.0,0.0,0.0,0.0,-1.0,,,,,BSCC,2025-10-28 15:47:53,36617
1005,BSCC_STU01005,0.0,0.0,0.0,0.0,0.0,0.0,0.0,0.0,0.0,,,,,BSCC,2025-10-28 15:47:53,36671
1006,BSCC_STU01006,0.0,0.0,0.0,0.0,0.0,0.0,0.0,0.0,0.0,,,,,BSCC,2025-10-28 15:47:53,36681
1007,BSCC_STU01007,0.0,0.0,0.0,0.0,0.0,0.0,0.0,0.0,-1.0,,,,,BSCC,2025-10-28 15:47:53,36686
1008,BSCC_STU01008,0.0,0.0,0.0,0.0,0.0,0.0,0.0,0.0,1.0,,,,,BSCC,2025-10-28 15:47:53,36612
1009,BSCC_STU01009,0.0,0.0,0.0,0.0,0.0,0.0,0.0,0.0,0.0,,,,,BSCC,2025-10-28 15:47:53,36633
1010,BSCC_STU01010,0.0,0.0,0.0,0.0,0.0,0.0,0.0,0.0,-1.0,,,,,BSCC,2025-10-28 15:47:53,36661
1011,BSCC_STU01011,0.0,0.0,0.0,0.0,0.0,0.0,0.0,0.0,0.0,,,,,BSCC,2025-10-28 15:47:53,36667
1012,BSCC_STU01012,0.0,0.0,0.0,0.0,0.0,0.0,0.0,0.0,0.0,,,,,BSCC,2025-10-28 15:47:53,36639
1013,BSCC_STU01013,0.0,3.0,0.0,3.0,0.0,3.0,0.0,3.0,0.0,MS,Master's Colleges and Universities,Master's Colleges and Universities,Suburb,BSCC,2025-10-28 15:47:53,36690
1014,BSCC_STU01014,0.0,0.0,0.0,0.0,0.0,0.0,0.0,0.0,0.0,,,,,BSCC,2025-10-28 15:47:53,36676
1015,BSCC_STU01015,0.0,0.0,0.0,0.0,2.0,0.0,2.0,0.0,-1.0,,,,,BSCC,2025-10-28 15:47:53,36587
1016,BSCC_STU01016,0.0,0.0,0.0,0.0,0.0,0.0,0.0,0.0,1.0,,,,,BSCC,2025-10-28 15:47:53,36686
1017,BSCC_STU01017,0.0,0.0,0.0,0.0,0.0,4.0,0.0,4.0,0.0,MS,Master's Colleges and Universities,Master's Colleges and Universities,Urban,BSCC,2025-10-28 15:47:53,36676
1018,BSCC_STU01018,0.0,0.0,0.0,0.0,0.0,0.0,0.0,0.0,0.0,,,,,BSCC,2025-10-28 15:47:53,36644
1019,BSCC_STU01019,0.0,0.0,0.0,0.0,0.0,0.0,0.0,0.0,-1.0,,,,,BSCC,2025-10-28 15:47:53,36660
1020,BSCC_STU01020,0.0,0.0,0.0,0.0,0.0,0.0,0.0,0.0,0.0,,,,,BSCC,2025-10-28 15:47:53,36656
1021,BSCC_STU01021,0.0,0.0,0.0,0.0,0.0,0.0,0.0,0.0,-1.0,,,,,BSCC,2025-10-28 15:47:53,36621
1022,BSCC_STU01022,0.0,0.0,0.0,0.0,0.0,0.0,0.0,0.0,0.0,,,,,BSCC,2025-10-28 15:47:53,36524
1023,BSCC_STU01023,0.0,0.0,0.0,0.0,0.0,0.0,0.0,0.0,-1.0,,,,,BSCC,2025-10-28 15:47:53,36631
1024,BSCC_STU01024,0.0,0.0,0.0,0.0,4.0,0.0,4.0,0.0,0.0,,,,,BSCC,2025-10-28 15:47:53,36648
1025,BSCC_STU01025,0.0,0.0,0.0,0.0,0.0,0.0,0.0,0.0,-1.0,,,,,BSCC,2025-10-28 15:47:53,36659
1026,BSCC_STU01026,0.0,0.0,0.0,0.0,0.0,0.0,0.0,0.0,-1.0,,,,,BSCC,2025-10-28 15:47:53,36630
1027,BSCC_STU01027,0.0,0.0,0.0,0.0,0.0,0.0,0.0,0.0,1.0,,,,,BSCC,2025-10-28 15:47:53,36634
1028,BSCC_STU01028,0.0,0.0,0.0,0.0,0.0,0.0,0.0,0.0,1.0,,,,,BSCC,2025-10-28 15:47:53,36694
1029,BSCC_STU01029,0.0,0.0,0.0,0.0,0.0,0.0,0.0,0.0,1.0,,,,,BSCC,2025-10-28 15:47:53,36602
1030,BSCC_STU01030,0.0,0.0,0.0,0.0,0.0,0.0,0.0,0.0,0.0,,,,,BSCC,2025-10-28 15:47:53,36627
1031,BSCC_STU01031,0.0,0.0,0.0,0.0,4.0,0.0,4.0,0.0,1.0,,,,,BSCC,2025-10-28 15:47:53,36623
1032,BSCC_STU01032,0.0,5.0,0.0,5.0,4.0,0.0,4.0,0.0,1.0,,,,,BSCC,2025-10-28 15:47:53,36625
1033,BSCC_STU01033,0.0,0.0,0.0,0.0,0.0,0.0,0.0,0.0,-1.0,,,,,BSCC,2025-10-28 15:47:53,36587
1034,BSCC_STU01034,0.0,0.0,0.0,0.0,0.0,0.0,0.0,0.0,1.0,,,,,BSCC,2025-10-28 15:47:53,36672
1035,BSCC_STU01035,0.0,0.0,0.0,0.0,0.0,0.0,0.0,0.0,1.0,,,,,BSCC,2025-10-28 15:47:53,36524
1036,BSCC_STU01036,0.0,0.0,0.0,0.0,0.0,0.0,0.0,0.0,-1.0,,,,,BSCC,2025-10-28 15:47:53,36676
1037,BSCC_STU01037,0.0,0.0,0.0,0.0,0.0,0.0,0.0,0.0,0.0,,,,,BSCC,2025-10-28 15:47:53,36608
1038,BSCC_STU01038,0.0,0.0,0.0,0.0,0.0,0.0,0.0,0.0,-1.0,,,,,BSCC,2025-10-28 15:47:53,36610
1039,BSCC_STU01039,0.0,0.0,0.0,0.0,0.0,0.0,0.0,0.0,0.0,,,,,BSCC,2025-10-28 15:47:53,36613
1040,BSCC_STU01040,0.0,0.0,0.0,0.0,0.0,0.0,0.0,0.0,1.0,,,,,BSCC,2025-10-28 15:47:53,36692
1041,BSCC_STU01041,0.0,0.0,0.0,0.0,0.0,5.0,0.0,5.0,0.0,MS,Associate's Colleges,Associate's Colleges,Town/Rural,BSCC,2025-10-28 15:47:53,36635
1042,BSCC_STU01042,0.0,0.0,0.0,0.0,0.0,0.0,0.0,0.0,1.0,,,,,BSCC,2025-10-28 15:47:53,36622
1043,BSCC_STU01043,0.0,0.0,0.0,0.0,4.0,0.0,4.0,0.0,1.0,,,,,BSCC,2025-10-28 15:47:53,36664
1044,BSCC_STU01044,0.0,0.0,0.0,0.0,0.0,0.0,0.0,0.0,-1.0,,,,,BSCC,2025-10-28 15:47:53,36652
1045,BSCC_STU01045,0.0,0.0,0.0,0.0,0.0,0.0,0.0,0.0,-1.0,,,,,BSCC,2025-10-28 15:47:53,36618
1046,BSCC_STU01046,0.0,0.0,0.0,0.0,0.0,0.0,0.0,0.0,-1.0,,,,,BSCC,2025-10-28 15:47:53,36648
1047,BSCC_STU01047,0.0,4.0,0.0,4.0,0.0,3.0,0.0,3.0,-1.0,AL,Master's Colleges and Universities,Master's Colleges and Universities,Suburb,BSCC,2025-10-28 15:47:53,36656
1048,BSCC_STU01048,0.0,0.0,0.0,0.0,2.0,0.0,2.0,0.0,-1.0,,,,,BSCC,2025-10-28 15:47:53,36683
1049,BSCC_STU01049,0.0,0.0,0.0,0.0,0.0,0.0,0.0,0.0,0.0,,,,,BSCC,2025-10-28 15:47:53,36666
1050,BSCC_STU01050,0.0,0.0,0.0,0.0,0.0,0.0,0.0,0.0,0.0,,,,,BSCC,2025-10-28 15:47:53,36631
1051,BSCC_STU01051,0.0,0.0,0.0,0.0,0.0,0.0,0.0,0.0,-1.0,,,,,BSCC,2025-10-28 15:47:53,36601
1052,BSCC_STU01052,0.0,0.0,0.0,0.0,2.0,0.0,2.0,0.0,-1.0,,,,,BSCC,2025-10-28 15:47:53,36676
1053,BSCC_STU01053,0.0,0.0,0.0,0.0,0.0,3.0,0.0,3.0,1.0,MS,Associate's Colleges,Associate's Colleges,Suburb,BSCC,2025-10-28 15:47:53,36664
1054,BSCC_STU01054,0.0,0.0,0.0,0.0,0.0,2.0,0.0,2.0,-1.0,FL,Associate's Colleges,Associate's Colleges,Urban,BSCC,2025-10-28 15:47:53,36605
1055,BSCC_STU01055,0.0,0.0,0.0,0.0,0.0,0.0,0.0,0.0,0.0,,,,,BSCC,2025-10-28 15:47:53,36685
1056,BSCC_STU01056,0.0,0.0,0.0,0.0,0.0,0.0,0.0,0.0,-1.0,,,,,BSCC,2025-10-28 15:47:53,36601
1057,BSCC_STU01057,0.0,0.0,0.0,0.0,0.0,0.0,0.0,0.0,0.0,,,,,BSCC,2025-10-28 15:47:53,36626
1058,BSCC_STU01058,0.0,0.0,0.0,0.0,0.0,0.0,0.0,0.0,-1.0,,,,,BSCC,2025-10-28 15:47:53,36620
1059,BSCC_STU01059,0.0,0.0,0.0,0.0,0.0,0.0,0.0,0.0,1.0,,,,,BSCC,2025-10-28 15:47:53,36690
1060,BSCC_STU01060,0.0,0.0,0.0,0.0,0.0,0.0,0.0,0.0,-1.0,,,,,BSCC,2025-10-28 15:47:53,36643
1061,BSCC_STU01061,0.0,0.0,0.0,0.0,0.0,0.0,0.0,0.0,0.0,,,,,BSCC,2025-10-28 15:47:53,36694
1062,BSCC_STU01062,0.0,0.0,0.0,0.0,0.0,0.0,0.0,0.0,0.0,,,,,BSCC,2025-10-28 15:47:53,36615
1063,BSCC_STU01063,0.0,0.0,0.0,0.0,0.0,0.0,0.0,0.0,1.0,,,,,BSCC,2025-10-28 15:47:53,36607
1064,BSCC_STU01064,0.0,0.0,0.0,0.0,0.0,0.0,0.0,0.0,-1.0,,,,,BSCC,2025-10-28 15:47:53,36690
1065,BSCC_STU01065,0.0,0.0,0.0,0.0,0.0,0.0,0.0,0.0,0.0,,,,,BSCC,2025-10-28 15:47:53,36688
1066,BSCC_STU01066,0.0,0.0,0.0,0.0,0.0,0.0,0.0,0.0,0.0,,,,,BSCC,2025-10-28 15:47:53,36611
1067,BSCC_STU01067,0.0,0.0,0.0,0.0,0.0,0.0,0.0,0.0,0.0,,,,,BSCC,2025-10-28 15:47:53,36641
1068,BSCC_STU01068,0.0,0.0,0.0,0.0,0.0,0.0,0.0,0.0,0.0,,,,,BSCC,2025-10-28 15:47:53,36637
1069,BSCC_STU01069,0.0,4.0,0.0,4.0,2.0,0.0,2.0,0.0,-1.0,,,,,BSCC,2025-10-28 15:47:53,36677
1070,BSCC_STU01070,0.0,0.0,0.0,0.0,0.0,0.0,0.0,0.0,0.0,,,,,BSCC,2025-10-28 15:47:53,36647
1071,BSCC_STU01071,0.0,0.0,0.0,0.0,0.0,0.0,0.0,0.0,0.0,,,,,BSCC,2025-10-28 15:47:53,36545
1072,BSCC_STU01072,0.0,0.0,0.0,0.0,2.0,0.0,2.0,0.0,0.0,,,,,BSCC,2025-10-28 15:47:53,36668
1073,BSCC_STU01073,0.0,0.0,0.0,0.0,0.0,0.0,0.0,0.0,1.0,,,,,BSCC,2025-10-28 15:47:53,36693
1074,BSCC_STU01074,0.0,0.0,0.0,0.0,0.0,0.0,0.0,0.0,-1.0,,,,,BSCC,2025-10-28 15:47:53,36656
1075,BSCC_STU01075,0.0,0.0,0.0,0.0,0.0,0.0,0.0,0.0,-1.0,,,,,BSCC,2025-10-28 15:47:53,36571
1076,BSCC_STU01076,0.0,0.0,0.0,0.0,0.0,0.0,0.0,0.0,0.0,,,,,BSCC,2025-10-28 15:47:53,36653
1077,BSCC_STU01077,0.0,0.0,0.0,0.0,0.0,0.0,0.0,0.0,0.0,,,,,BSCC,2025-10-28 15:47:53,36643
1078,BSCC_STU01078,0.0,0.0,0.0,0.0,0.0,0.0,0.0,0.0,1.0,,,,,BSCC,2025-10-28 15:47:53,36627
1079,BSCC_STU01079,0.0,0.0,0.0,0.0,0.0,0.0,0.0,0.0,0.0,,,,,BSCC,2025-10-28 15:47:53,36613
1080,BSCC_STU01080,0.0,0.0,0.0,0.0,0.0,0.0,0.0,0.0,0.0,,,,,BSCC,2025-10-28 15:47:53,36618
1081,BSCC_STU01081,0.0,0.0,0.0,0.0,0.0,0.0,0.0,0.0,1.0,,,,,BSCC,2025-10-28 15:47:53,36650
1082,BSCC_STU01082,0.0,0.0,0.0,0.0,0.0,0.0,0.0,0.0,0.0,,,,,BSCC,2025-10-28 15:47:53,36643
1083,BSCC_STU01083,0.0,0.0,0.0,0.0,0.0,0.0,0.0,0.0,-1.0,,,,,BSCC,2025-10-28 15:47:53,36601
1084,BSCC_STU01084,0.0,3.0,0.0,3.0,0.0,3.0,0.0,3.0,-1.0,MS,Master's Colleges and Universities,Master's Colleges and Universities,Suburb,BSCC,2025-10-28 15:47:53,36637
1085,BSCC_STU01085,0.0,0.0,0.0,0.0,0.0,1.0,0.0,1.0,-1.0,AL,Associate's Colleges,Associate's Colleges,Urban,BSCC,2025-10-28 15:47:53,36612
1086,BSCC_STU01086,0.0,5.0,0.0,5.0,0.0,2.0,0.0,2.0,0.0,MS,Associate's Colleges,Associate's Colleges,Urban,BSCC,2025-10-28 15:47:53,36655
1087,BSCC_STU01087,0.0,0.0,0.0,0.0,0.0,0.0,0.0,0.0,1.0,,,,,BSCC,2025-10-28 15:47:53,36607
1088,BSCC_STU01088,0.0,0.0,0.0,0.0,3.0,0.0,3.0,0.0,0.0,,,,,BSCC,2025-10-28 15:47:53,36638
1089,BSCC_STU01089,0.0,0.0,0.0,0.0,0.0,0.0,0.0,0.0,0.0,,,,,BSCC,2025-10-28 15:47:53,36628
1090,BSCC_STU01090,0.0,0.0,0.0,0.0,0.0,0.0,0.0,0.0,0.0,,,,,BSCC,2025-10-28 15:47:53,36674
1091,BSCC_STU01091,0.0,0.0,0.0,0.0,0.0,0.0,0.0,0.0,-1.0,,,,,BSCC,2025-10-28 15:47:53,36545
1092,BSCC_STU01092,0.0,0.0,0.0,0.0,0.0,0.0,0.0,0.0,-1.0,,,,,BSCC,2025-10-28 15:47:53,36612
1093,BSCC_STU01093,0.0,0.0,0.0,0.0,0.0,0.0,0.0,0.0,-1.0,,,,,BSCC,2025-10-28 15:47:53,36614
1094,BSCC_STU01094,0.0,0.0,0.0,0.0,2.0,0.0,2.0,0.0,0.0,,,,,BSCC,2025-10-28 15:47:53,36682
1095,BSCC_STU01095,0.0,0.0,0.0,0.0,0.0,0.0,0.0,0.0,0.0,,,,,BSCC,2025-10-28 15:47:53,36618
1096,BSCC_STU01096,0.0,0.0,0.0,0.0,0.0,0.0,0.0,0.0,1.0,,,,,BSCC,2025-10-28 15:47:53,36679
1097,BSCC_STU01097,0.0,0.0,0.0,0.0,0.0,0.0,0.0,0.0,0.0,,,,,BSCC,2025-10-28 15:47:53,36628
1098,BSCC_STU01098,0.0,0.0,0.0,0.0,0.0,0.0,0.0,0.0,-1.0,,,,,BSCC,2025-10-28 15:47:53,36560
1099,BSCC_STU01099,0.0,0.0,0.0,0.0,0.0,0.0,0.0,0.0,-1.0,,,,,BSCC,2025-10-28 15:47:53,36686
1100,BSCC_STU01100,0.0,0.0,0.0,0.0,0.0,0.0,0.0,0.0,1.0,,,,,BSCC,2025-10-28 15:47:53,36611
1101,BSCC_STU01101,0.0,0.0,0.0,0.0,0.0,0.0,0.0,0.0,-1.0,,,,,BSCC,2025-10-28 15:47:53,36681
1102,BSCC_STU01102,0.0,0.0,0.0,0.0,0.0,0.0,0.0,0.0,-1.0,,,,,BSCC,2025-10-28 15:47:53,36694
1103,BSCC_STU01103,0.0,0.0,0.0,0.0,0.0,0.0,0.0,0.0,-1.0,,,,,BSCC,2025-10-28 15:47:53,36540
1104,BSCC_STU01104,0.0,0.0,0.0,0.0,0.0,0.0,0.0,0.0,-1.0,,,,,BSCC,2025-10-28 15:47:53,36673
1105,BSCC_STU01105,0.0,0.0,0.0,0.0,0.0,0.0,0.0,0.0,1.0,,,,,BSCC,2025-10-28 15:47:53,36626
1106,BSCC_STU01106,0.0,0.0,0.0,0.0,3.0,0.0,3.0,0.0,0.0,,,,,BSCC,2025-10-28 15:47:53,36611
1107,BSCC_STU01107,0.0,0.0,0.0,0.0,3.0,0.0,3.0,0.0,0.0,,,,,BSCC,2025-10-28 15:47:53,36675
1108,BSCC_STU01108,0.0,0.0,0.0,0.0,0.0,0.0,0.0,0.0,1.0,,,,,BSCC,2025-10-28 15:47:53,36686
1109,BSCC_STU01109,0.0,0.0,0.0,0.0,0.0,0.0,0.0,0.0,1.0,,,,,BSCC,2025-10-28 15:47:53,36614
1110,BSCC_STU01110,0.0,0.0,0.0,0.0,0.0,0.0,0.0,0.0,1.0,,,,,BSCC,2025-10-28 15:47:53,36630
1111,BSCC_STU01111,0.0,0.0,0.0,0.0,0.0,0.0,0.0,0.0,0.0,,,,,BSCC,2025-10-28 15:47:53,36630
1112,BSCC_STU01112,0.0,0.0,0.0,0.0,0.0,0.0,0.0,0.0,0.0,,,,,BSCC,2025-10-28 15:47:53,36631
1113,BSCC_STU01113,0.0,0.0,0.0,0.0,0.0,0.0,0.0,0.0,1.0,,,,,BSCC,2025-10-28 15:47:53,36681
1114,BSCC_STU01114,0.0,0.0,0.0,0.0,0.0,0.0,0.0,0.0,-1.0,,,,,BSCC,2025-10-28 15:47:53,36610
1115,BSCC_STU01115,0.0,0.0,0.0,0.0,0.0,0.0,0.0,0.0,0.0,,,,,BSCC,2025-10-28 15:47:53,36631
1116,BSCC_STU01116,0.0,0.0,0.0,0.0,0.0,0.0,0.0,0.0,0.0,,,,,BSCC,2025-10-28 15:47:53,36692
1117,BSCC_STU01117,0.0,0.0,0.0,0.0,0.0,0.0,0.0,0.0,0.0,,,,,BSCC,2025-10-28 15:47:53,36681
1118,BSCC_STU01118,0.0,0.0,0.0,0.0,0.0,0.0,0.0,0.0,0.0,,,,,BSCC,2025-10-28 15:47:53,36670
1119,BSCC_STU01119,0.0,0.0,0.0,0.0,2.0,0.0,2.0,0.0,0.0,,,,,BSCC,2025-10-28 15:47:53,36664
1120,BSCC_STU01120,0.0,0.0,0.0,0.0,0.0,0.0,0.0,0.0,-1.0,,,,,BSCC,2025-10-28 15:47:53,36641
1121,BSCC_STU01121,0.0,0.0,0.0,0.0,0.0,0.0,0.0,0.0,0.0,,,,,BSCC,2025-10-28 15:47:53,36525
1122,BSCC_STU01122,0.0,0.0,0.0,0.0,0.0,0.0,0.0,0.0,0.0,,,,,BSCC,2025-10-28 15:47:53,36635
1123,BSCC_STU01123,0.0,0.0,0.0,0.0,0.0,0.0,0.0,0.0,-1.0,,,,,BSCC,2025-10-28 15:47:53,36670
1124,BSCC_STU01124,0.0,0.0,0.0,0.0,0.0,0.0,0.0,0.0,1.0,,,,,BSCC,2025-10-28 15:47:53,36650
1125,BSCC_STU01125,0.0,0.0,0.0,0.0,0.0,0.0,0.0,0.0,1.0,,,,,BSCC,2025-10-28 15:47:53,36665
1126,BSCC_STU01126,0.0,0.0,0.0,0.0,0.0,0.0,0.0,0.0,0.0,,,,,BSCC,2025-10-28 15:47:53,36642
1127,BSCC_STU01127,0.0,0.0,0.0,0.0,0.0,0.0,0.0,0.0,0.0,,,,,BSCC,2025-10-28 15:47:53,36674
1128,BSCC_STU01128,0.0,3.0,0.0,3.0,3.0,0.0,3.0,0.0,1.0,,,,,BSCC,2025-10-28 15:47:53,36635
1129,BSCC_STU01129,0.0,0.0,0.0,0.0,0.0,3.0,0.0,3.0,-1.0,GA,Master's Colleges and Universities,Master's Colleges and Universities,Town/Rural,BSCC,2025-10-28 15:47:53,36613
1130,BSCC_STU01130,0.0,4.0,0.0,4.0,1.0,0.0,1.0,0.0,0.0,,,,,BSCC,2025-10-28 15:47:53,36668
1131,BSCC_STU01131,0.0,0.0,0.0,0.0,0.0,0.0,0.0,0.0,-1.0,,,,,BSCC,2025-10-28 15:47:53,36545
1132,BSCC_STU01132,0.0,0.0,0.0,0.0,0.0,0.0,0.0,0.0,1.0,,,,,BSCC,2025-10-28 15:47:53,36670
1133,BSCC_STU01133,0.0,4.0,0.0,4.0,1.0,0.0,1.0,0.0,-1.0,,,,,BSCC,2025-10-28 15:47:53,36617
1134,BSCC_STU01134,0.0,0.0,0.0,0.0,0.0,0.0,0.0,0.0,-1.0,,,,,BSCC,2025-10-28 15:47:53,36617
1135,BSCC_STU01135,0.0,0.0,0.0,0.0,0.0,0.0,0.0,0.0,-1.0,,,,,BSCC,2025-10-28 15:47:53,36639
1136,BSCC_STU01136,0.0,0.0,0.0,0.0,0.0,0.0,0.0,0.0,0.0,,,,,BSCC,2025-10-28 15:47:53,36658
1137,BSCC_STU01137,0.0,0.0,0.0,0.0,2.0,0.0,2.0,0.0,1.0,,,,,BSCC,2025-10-28 15:47:53,36648
1138,BSCC_STU01138,0.0,0.0,0.0,0.0,0.0,0.0,0.0,0.0,1.0,,,,,BSCC,2025-10-28 15:47:53,36681
1139,BSCC_STU01139,0.0,0.0,0.0,0.0,0.0,0.0,0.0,0.0,-1.0,,,,,BSCC,2025-10-28 15:47:53,36623
1140,BSCC_STU01140,0.0,0.0,0.0,0.0,0.0,0.0,0.0,0.0,1.0,,,,,BSCC,2025-10-28 15:47:53,36619
1141,BSCC_STU01141,0.0,0.0,0.0,0.0,0.0,0.0,0.0,0.0,1.0,,,,,BSCC,2025-10-28 15:47:53,36659
1142,BSCC_STU01142,0.0,0.0,0.0,0.0,0.0,0.0,0.0,0.0,0.0,,,,,BSCC,2025-10-28 15:47:53,36624
1143,BSCC_STU01143,0.0,0.0,0.0,0.0,3.0,0.0,3.0,0.0,1.0,,,,,BSCC,2025-10-28 15:47:53,36610
1144,BSCC_STU01144,0.0,0.0,0.0,0.0,0.0,0.0,0.0,0.0,0.0,,,,,BSCC,2025-10-28 15:47:53,36693
1145,BSCC_STU01145,0.0,0.0,0.0,0.0,0.0,0.0,0.0,0.0,0.0,,,,,BSCC,2025-10-28 15:47:53,36692
1146,BSCC_STU01146,0.0,0.0,0.0,0.0,0.0,0.0,0.0,0.0,-1.0,,,,,BSCC,2025-10-28 15:47:53,36693
1147,BSCC_STU01147,0.0,0.0,0.0,0.0,0.0,0.0,0.0,0.0,0.0,,,,,BSCC,2025-10-28 15:47:53,36651
1148,BSCC_STU01148,0.0,0.0,0.0,0.0,0.0,0.0,0.0,0.0,1.0,,,,,BSCC,2025-10-28 15:47:53,36665
1149,BSCC_STU01149,0.0,0.0,0.0,0.0,0.0,0.0,0.0,0.0,0.0,,,,,BSCC,2025-10-28 15:47:53,36624
1150,BSCC_STU01150,0.0,0.0,0.0,0.0,0.0,0.0,0.0,0.0,0.0,,,,,BSCC,2025-10-28 15:47:53,36626
1151,BSCC_STU01151,0.0,0.0,0.0,0.0,0.0,0.0,0.0,0.0,1.0,,,,,BSCC,2025-10-28 15:47:53,36612
1152,BSCC_STU01152,0.0,0.0,0.0,0.0,0.0,0.0,0.0,0.0,1.0,,,,,BSCC,2025-10-28 15:47:53,36627
1153,BSCC_STU01153,0.0,0.0,0.0,0.0,0.0,0.0,0.0,0.0,0.0,,,,,BSCC,2025-10-28 15:47:53,36660
1154,BSCC_STU01154,0.0,0.0,0.0,0.0,0.0,0.0,0.0,0.0,1.0,,,,,BSCC,2025-10-28 15:47:53,36693
1155,BSCC_STU01155,0.0,0.0,0.0,0.0,4.0,0.0,4.0,0.0,1.0,,,,,BSCC,2025-10-28 15:47:53,36623
1156,BSCC_STU01156,0.0,0.0,0.0,0.0,0.0,0.0,0.0,0.0,0.0,,,,,BSCC,2025-10-28 15:47:53,36690
1157,BSCC_STU01157,0.0,0.0,0.0,0.0,0.0,0.0,0.0,0.0,0.0,,,,,BSCC,2025-10-28 15:47:53,36617
1158,BSCC_STU01158,0.0,0.0,0.0,0.0,0.0,0.0,0.0,0.0,0.0,,,,,BSCC,2025-10-28 15:47:53,36540
1159,BSCC_STU01159,0.0,0.0,0.0,0.0,0.0,0.0,0.0,0.0,1.0,,,,,BSCC,2025-10-28 15:47:53,36662
1160,BSCC_STU01160,0.0,0.0,0.0,0.0,0.0,0.0,0.0,0.0,-1.0,,,,,BSCC,2025-10-28 15:47:53,36644
1161,BSCC_STU01161,0.0,0.0,0.0,0.0,0.0,0.0,0.0,0.0,-1.0,,,,,BSCC,2025-10-28 15:47:53,36673
1162,BSCC_STU01162,0.0,0.0,0.0,0.0,0.0,0.0,0.0,0.0,-1.0,,,,,BSCC,2025-10-28 15:47:53,36623
1163,BSCC_STU01163,0.0,0.0,0.0,0.0,0.0,4.0,0.0,4.0,1.0,AL,Master's Colleges and Universities,Master's Colleges and Universities,Town/Rural,BSCC,2025-10-28 15:47:53,36671
1164,BSCC_STU01164,0.0,0.0,0.0,0.0,0.0,0.0,0.0,0.0,1.0,,,,,BSCC,2025-10-28 15:47:53,36666
1165,BSCC_STU01165,0.0,0.0,0.0,0.0,4.0,0.0,4.0,0.0,0.0,,,,,BSCC,2025-10-28 15:47:53,36604
1166,BSCC_STU01166,0.0,0.0,0.0,0.0,0.0,0.0,0.0,0.0,0.0,,,,,BSCC,2025-10-28 15:47:53,36652
1167,BSCC_STU01167,0.0,0.0,0.0,0.0,0.0,0.0,0.0,0.0,1.0,,,,,BSCC,2025-10-28 15:47:53,36618
1168,BSCC_STU01168,0.0,0.0,0.0,0.0,0.0,0.0,0.0,0.0,-1.0,,,,,BSCC,2025-10-28 15:47:53,36663
1169,BSCC_STU01169,0.0,0.0,0.0,0.0,0.0,0.0,0.0,0.0,1.0,,,,,BSCC,2025-10-28 15:47:53,36525
1170,BSCC_STU01170,0.0,0.0,0.0,0.0,0.0,0.0,0.0,0.0,1.0,,,,,BSCC,2025-10-28 15:47:53,36571
1171,BSCC_STU01171,0.0,0.0,0.0,0.0,0.0,0.0,0.0,0.0,-1.0,,,,,BSCC,2025-10-28 15:47:53,36651
1172,BSCC_STU01172,0.0,0.0,0.0,0.0,0.0,0.0,0.0,0.0,0.0,,,,,BSCC,2025-10-28 15:47:53,36613
1173,BSCC_STU01173,0.0,0.0,0.0,0.0,0.0,0.0,0.0,0.0,-1.0,,,,,BSCC,2025-10-28 15:47:53,36675
1174,BSCC_STU01174,0.0,0.0,0.0,0.0,0.0,0.0,0.0,0.0,0.0,,,,,BSCC,2025-10-28 15:47:53,36660
1175,BSCC_STU01175,0.0,0.0,0.0,0.0,0.0,0.0,0.0,0.0,0.0,,,,,BSCC,2025-10-28 15:47:53,36611
1176,BSCC_STU01176,0.0,0.0,0.0,0.0,0.0,0.0,0.0,0.0,-1.0,,,,,BSCC,2025-10-28 15:47:53,36604
1177,BSCC_STU01177,0.0,0.0,0.0,0.0,0.0,0.0,0.0,0.0,-1.0,,,,,BSCC,2025-10-28 15:47:53,36667
1178,BSCC_STU01178,0.0,0.0,0.0,0.0,0.0,0.0,0.0,0.0,-1.0,,,,,BSCC,2025-10-28 15:47:53,36641
1179,BSCC_STU01179,0.0,0.0,0.0,0.0,0.0,0.0,0.0,0.0,1.0,,,,,BSCC,2025-10-28 15:47:53,36666
1180,BSCC_STU01180,0.0,0.0,0.0,0.0,0.0,0.0,0.0,0.0,1.0,,,,,BSCC,2025-10-28 15:47:53,36686
1181,BSCC_STU01181,0.0,0.0,0.0,0.0,4.0,0.0,4.0,0.0,0.0,,,,,BSCC,2025-10-28 15:47:53,36655
1182,BSCC_STU01182,0.0,0.0,0.0,0.0,0.0,0.0,0.0,0.0,0.0,,,,,BSCC,2025-10-28 15:47:53,36624
1183,BSCC_STU01183,0.0,0.0,0.0,0.0,0.0,0.0,0.0,0.0,0.0,,,,,BSCC,2025-10-28 15:47:53,36658
1184,BSCC_STU01184,0.0,0.0,0.0,0.0,4.0,0.0,4.0,0.0,0.0,,,,,BSCC,2025-10-28 15:47:53,36617
1185,BSCC_STU01185,0.0,0.0,0.0,0.0,3.0,0.0,3.0,0.0,1.0,,,,,BSCC,2025-10-28 15:47:53,36657
1186,BSCC_STU01186,0.0,0.0,0.0,0.0,0.0,0.0,0.0,0.0,-1.0,,,,,BSCC,2025-10-28 15:47:53,36627
1187,BSCC_STU01187,0.0,0.0,0.0,0.0,0.0,0.0,0.0,0.0,1.0,,,,,BSCC,2025-10-28 15:47:53,36525
1188,BSCC_STU01188,0.0,0.0,0.0,0.0,0.0,0.0,0.0,0.0,1.0,,,,,BSCC,2025-10-28 15:47:53,36524
1189,BSCC_STU01189,0.0,0.0,0.0,0.0,0.0,0.0,0.0,0.0,-1.0,,,,,BSCC,2025-10-28 15:47:53,36613
1190,BSCC_STU01190,0.0,0.0,0.0,0.0,0.0,0.0,0.0,0.0,1.0,,,,,BSCC,2025-10-28 15:47:53,36680
1191,BSCC_STU01191,0.0,0.0,0.0,0.0,0.0,0.0,0.0,0.0,-1.0,,,,,BSCC,2025-10-28 15:47:53,36689
1192,BSCC_STU01192,0.0,0.0,0.0,0.0,0.0,0.0,0.0,0.0,-1.0,,,,,BSCC,2025-10-28 15:47:53,36647
1193,BSCC_STU01193,0.0,0.0,0.0,0.0,0.0,0.0,0.0,0.0,1.0,,,,,BSCC,2025-10-28 15:47:53,36641
1194,BSCC_STU01194,0.0,0.0,0.0,0.0,0.0,0.0,0.0,0.0,-1.0,,,,,BSCC,2025-10-28 15:47:53,36677
1195,BSCC_STU01195,0.0,0.0,0.0,0.0,0.0,0.0,0.0,0.0,-1.0,,,,,BSCC,2025-10-28 15:47:53,36571
1196,BSCC_STU01196,0.0,0.0,0.0,0.0,0.0,0.0,0.0,0.0,-1.0,,,,,BSCC,2025-10-28 15:47:53,36663
1197,BSCC_STU01197,0.0,0.0,0.0,0.0,0.0,0.0,0.0,0.0,0.0,,,,,BSCC,2025-10-28 15:47:53,36571
1198,BSCC_STU01198,0.0,0.0,0.0,0.0,0.0,0.0,0.0,0.0,0.0,,,,,BSCC,2025-10-28 15:47:53,36602
1199,BSCC_STU01199,0.0,0.0,0.0,0.0,0.0,0.0,0.0,0.0,0.0,,,,,BSCC,2025-10-28 15:47:53,36618
1200,BSCC_STU01200,0.0,0.0,0.0,0.0,0.0,0.0,0.0,0.0,0.0,,,,,BSCC,2025-10-28 15:47:53,36682
1201,BSCC_STU01201,0.0,0.0,0.0,0.0,0.0,3.0,0.0,3.0,0.0,GA,Associate's Colleges,Associate's Colleges,Urban,BSCC,2025-10-28 15:47:53,36626
1202,BSCC_STU01202,0.0,0.0,0.0,0.0,1.0,0.0,1.0,0.0,-1.0,,,,,BSCC,2025-10-28 15:47:53,36622
1203,BSCC_STU01203,0.0,0.0,0.0,0.0,0.0,0.0,0.0,0.0,0.0,,,,,BSCC,2025-10-28 15:47:53,36666
1204,BSCC_STU01204,0.0,0.0,0.0,0.0,0.0,3.0,0.0,3.0,0.0,TN,Associate's Colleges,Associate's Colleges,Suburb,BSCC,2025-10-28 15:47:53,36637
1205,BSCC_STU01205,0.0,0.0,0.0,0.0,0.0,0.0,0.0,0.0,0.0,,,,,BSCC,2025-10-28 15:47:53,36560
1206,BSCC_STU01206,0.0,0.0,0.0,0.0,0.0,0.0,0.0,0.0,-1.0,,,,,BSCC,2025-10-28 15:47:53,36684
1207,BSCC_STU01207,0.0,0.0,0.0,0.0,0.0,0.0,0.0,0.0,1.0,,,,,BSCC,2025-10-28 15:47:53,36605
1208,BSCC_STU01208,0.0,0.0,0.0,0.0,0.0,0.0,0.0,0.0,-1.0,,,,,BSCC,2025-10-28 15:47:53,36640
1209,BSCC_STU01209,0.0,0.0,0.0,0.0,0.0,0.0,0.0,0.0,0.0,,,,,BSCC,2025-10-28 15:47:53,36623
1210,BSCC_STU01210,0.0,0.0,0.0,0.0,0.0,0.0,0.0,0.0,1.0,,,,,BSCC,2025-10-28 15:47:53,36678
1211,BSCC_STU01211,0.0,0.0,0.0,0.0,0.0,0.0,0.0,0.0,0.0,,,,,BSCC,2025-10-28 15:47:53,36631
1212,BSCC_STU01212,0.0,0.0,0.0,0.0,0.0,0.0,0.0,0.0,0.0,,,,,BSCC,2025-10-28 15:47:53,36608
1213,BSCC_STU01213,0.0,0.0,0.0,0.0,0.0,0.0,0.0,0.0,1.0,,,,,BSCC,2025-10-28 15:47:53,36605
1214,BSCC_STU01214,0.0,0.0,0.0,0.0,0.0,0.0,0.0,0.0,0.0,,,,,BSCC,2025-10-28 15:47:53,36676
1215,BSCC_STU01215,0.0,3.0,0.0,3.0,1.0,0.0,1.0,0.0,-1.0,,,,,BSCC,2025-10-28 15:47:53,36651
1216,BSCC_STU01216,0.0,0.0,0.0,0.0,0.0,0.0,0.0,0.0,-1.0,,,,,BSCC,2025-10-28 15:47:53,36649
1217,BSCC_STU01217,0.0,0.0,0.0,0.0,0.0,0.0,0.0,0.0,-1.0,,,,,BSCC,2025-10-28 15:47:53,36587
1218,BSCC_STU01218,0.0,0.0,0.0,0.0,0.0,0.0,0.0,0.0,0.0,,,,,BSCC,2025-10-28 15:47:53,36683
1219,BSCC_STU01219,0.0,0.0,0.0,0.0,0.0,0.0,0.0,0.0,0.0,,,,,BSCC,2025-10-28 15:47:53,36649
1220,BSCC_STU01220,0.0,0.0,0.0,0.0,0.0,0.0,0.0,0.0,0.0,,,,,BSCC,2025-10-28 15:47:53,36610
1221,BSCC_STU01221,0.0,0.0,0.0,0.0,0.0,0.0,0.0,0.0,-1.0,,,,,BSCC,2025-10-28 15:47:53,36642
1222,BSCC_STU01222,0.0,0.0,0.0,0.0,0.0,0.0,0.0,0.0,0.0,,,,,BSCC,2025-10-28 15:47:53,36626
1223,BSCC_STU01223,0.0,0.0,0.0,0.0,0.0,0.0,0.0,0.0,-1.0,,,,,BSCC,2025-10-28 15:47:53,36672
1224,BSCC_STU01224,0.0,0.0,0.0,0.0,0.0,0.0,0.0,0.0,-1.0,,,,,BSCC,2025-10-28 15:47:53,36624
1225,BSCC_STU01225,0.0,0.0,0.0,0.0,0.0,0.0,0.0,0.0,-1.0,,,,,BSCC,2025-10-28 15:47:53,36674
1226,BSCC_STU01226,0.0,0.0,0.0,0.0,0.0,0.0,0.0,0.0,1.0,,,,,BSCC,2025-10-28 15:47:53,36643
1227,BSCC_STU01227,0.0,0.0,0.0,0.0,0.0,0.0,0.0,0.0,-1.0,,,,,BSCC,2025-10-28 15:47:53,36678
1228,BSCC_STU01228,0.0,0.0,0.0,0.0,0.0,0.0,0.0,0.0,0.0,,,,,BSCC,2025-10-28 15:47:53,36635
1229,BSCC_STU01229,0.0,0.0,0.0,0.0,0.0,0.0,0.0,0.0,0.0,,,,,BSCC,2025-10-28 15:47:53,36664
1230,BSCC_STU01230,0.0,0.0,0.0,0.0,0.0,0.0,0.0,0.0,-1.0,,,,,BSCC,2025-10-28 15:47:53,36659
1231,BSCC_STU01231,0.0,0.0,0.0,0.0,0.0,0.0,0.0,0.0,1.0,,,,,BSCC,2025-10-28 15:47:53,36601
1232,BSCC_STU01232,0.0,0.0,0.0,0.0,3.0,0.0,3.0,0.0,1.0,,,,,BSCC,2025-10-28 15:47:53,36587
1233,BSCC_STU01233,0.0,3.0,0.0,3.0,3.0,0.0,3.0,0.0,1.0,,,,,BSCC,2025-10-28 15:47:53,36641
1234,BSCC_STU01234,0.0,0.0,0.0,0.0,0.0,0.0,0.0,0.0,-1.0,,,,,BSCC,2025-10-28 15:47:53,36633
1235,BSCC_STU01235,0.0,0.0,0.0,0.0,0.0,0.0,0.0,0.0,-1.0,,,,,BSCC,2025-10-28 15:47:53,36673
1236,BSCC_STU01236,0.0,0.0,0.0,0.0,0.0,0.0,0.0,0.0,-1.0,,,,,BSCC,2025-10-28 15:47:53,36640
1237,BSCC_STU01237,0.0,0.0,0.0,0.0,0.0,0.0,0.0,0.0,-1.0,,,,,BSCC,2025-10-28 15:47:53,36609
1238,BSCC_STU01238,0.0,0.0,0.0,0.0,0.0,0.0,0.0,0.0,0.0,,,,,BSCC,2025-10-28 15:47:53,36670
1239,BSCC_STU01239,0.0,0.0,0.0,0.0,2.0,0.0,2.0,0.0,1.0,,,,,BSCC,2025-10-28 15:47:53,36670
1240,BSCC_STU01240,0.0,0.0,0.0,0.0,0.0,0.0,0.0,0.0,0.0,,,,,BSCC,2025-10-28 15:47:53,36651
1241,BSCC_STU01241,0.0,0.0,0.0,0.0,0.0,0.0,0.0,0.0,1.0,,,,,BSCC,2025-10-28 15:47:53,36643
1242,BSCC_STU01242,0.0,0.0,0.0,0.0,0.0,0.0,0.0,0.0,-1.0,,,,,BSCC,2025-10-28 15:47:53,36650
1243,BSCC_STU01243,0.0,0.0,0.0,0.0,0.0,0.0,0.0,0.0,1.0,,,,,BSCC,2025-10-28 15:47:53,36690
1244,BSCC_STU01244,0.0,0.0,0.0,0.0,0.0,0.0,0.0,0.0,0.0,,,,,BSCC,2025-10-28 15:47:53,36621
1245,BSCC_STU01245,0.0,0.0,0.0,0.0,0.0,0.0,0.0,0.0,0.0,,,,,BSCC,2025-10-28 15:47:53,36634
1246,BSCC_STU01246,0.0,0.0,0.0,0.0,0.0,0.0,0.0,0.0,-1.0,,,,,BSCC,2025-10-28 15:47:53,36630
1247,BSCC_STU01247,0.0,0.0,0.0,0.0,0.0,0.0,0.0,0.0,-1.0,,,,,BSCC,2025-10-28 15:47:53,36617
1248,BSCC_STU01248,0.0,0.0,0.0,0.0,3.0,0.0,3.0,0.0,0.0,,,,,BSCC,2025-10-28 15:47:53,36679
1249,BSCC_STU01249,0.0,0.0,0.0,0.0,0.0,0.0,0.0,0.0,0.0,,,,,BSCC,2025-10-28 15:47:53,36651
1250,BSCC_STU01250,0.0,0.0,0.0,0.0,0.0,0.0,0.0,0.0,0.0,,,,,BSCC,2025-10-28 15:47:53,36692
1251,BSCC_STU01251,0.0,0.0,0.0,0.0,5.0,0.0,5.0,0.0,0.0,,,,,BSCC,2025-10-28 15:47:53,36601
1252,BSCC_STU01252,0.0,0.0,0.0,0.0,0.0,0.0,0.0,0.0,1.0,,,,,BSCC,2025-10-28 15:47:53,36624
1253,BSCC_STU01253,0.0,0.0,0.0,0.0,0.0,0.0,0.0,0.0,0.0,,,,,BSCC,2025-10-28 15:47:53,36609
1254,BSCC_STU01254,0.0,0.0,0.0,0.0,0.0,0.0,0.0,0.0,1.0,,,,,BSCC,2025-10-28 15:47:53,36666
1255,BSCC_STU01255,0.0,0.0,0.0,0.0,0.0,0.0,0.0,0.0,-1.0,,,,,BSCC,2025-10-28 15:47:53,36659
1256,BSCC_STU01256,0.0,0.0,0.0,0.0,0.0,0.0,0.0,0.0,1.0,,,,,BSCC,2025-10-28 15:47:53,36630
1257,BSCC_STU01257,0.0,0.0,0.0,0.0,0.0,0.0,0.0,0.0,0.0,,,,,BSCC,2025-10-28 15:47:53,36660
1258,BSCC_STU01258,0.0,0.0,0.0,0.0,0.0,0.0,0.0,0.0,-1.0,,,,,BSCC,2025-10-28 15:47:53,36693
1259,BSCC_STU01259,0.0,0.0,0.0,0.0,2.0,0.0,2.0,0.0,-1.0,,,,,BSCC,2025-10-28 15:47:53,36648
1260,BSCC_STU01260,0.0,0.0,0.0,0.0,0.0,0.0,0.0,0.0,0.0,,,,,BSCC,2025-10-28 15:47:53,36669
1261,BSCC_STU01261,0.0,0.0,0.0,0.0,0.0,0.0,0.0,0.0,-1.0,,,,,BSCC,2025-10-28 15:47:53,36607
1262,BSCC_STU01262,0.0,0.0,0.0,0.0,0.0,0.0,0.0,0.0,0.0,,,,,BSCC,2025-10-28 15:47:53,36608
1263,BSCC_STU01263,0.0,0.0,0.0,0.0,0.0,0.0,0.0,0.0,-1.0,,,,,BSCC,2025-10-28 15:47:53,36691
1264,BSCC_STU01264,0.0,0.0,0.0,0.0,0.0,0.0,0.0,0.0,0.0,,,,,BSCC,2025-10-28 15:47:53,36617
1265,BSCC_STU01265,0.0,0.0,0.0,0.0,0.0,0.0,0.0,0.0,0.0,,,,,BSCC,2025-10-28 15:47:53,36654
1266,BSCC_STU01266,0.0,0.0,0.0,0.0,0.0,0.0,0.0,0.0,-1.0,,,,,BSCC,2025-10-28 15:47:53,36675
1267,BSCC_STU01267,0.0,0.0,0.0,0.0,0.0,0.0,0.0,0.0,1.0,,,,,BSCC,2025-10-28 15:47:53,36639
1268,BSCC_STU01268,0.0,0.0,0.0,0.0,0.0,0.0,0.0,0.0,0.0,,,,,BSCC,2025-10-28 15:47:53,36636
1269,BSCC_STU01269,0.0,0.0,0.0,0.0,0.0,0.0,0.0,0.0,1.0,,,,,BSCC,2025-10-28 15:47:53,36651
1270,BSCC_STU01270,0.0,0.0,0.0,0.0,0.0,0.0,0.0,0.0,0.0,,,,,BSCC,2025-10-28 15:47:53,36675
1271,BSCC_STU01271,0.0,0.0,0.0,0.0,0.0,3.0,0.0,3.0,0.0,TN,Master's Colleges and Universities,Master's Colleges and Universities,Suburb,BSCC,2025-10-28 15:47:53,36683
1272,BSCC_STU01272,0.0,0.0,0.0,0.0,0.0,0.0,0.0,0.0,1.0,,,,,BSCC,2025-10-28 15:47:53,36613
1273,BSCC_STU01273,0.0,0.0,0.0,0.0,0.0,0.0,0.0,0.0,-1.0,,,,,BSCC,2025-10-28 15:47:53,36653
1274,BSCC_STU01274,0.0,0.0,0.0,0.0,3.0,0.0,3.0,0.0,-1.0,,,,,BSCC,2025-10-28 15:47:53,36659
1275,BSCC_STU01275,0.0,0.0,0.0,0.0,0.0,0.0,0.0,0.0,-1.0,,,,,BSCC,2025-10-28 15:47:53,36664
1276,BSCC_STU01276,0.0,0.0,0.0,0.0,0.0,0.0,0.0,0.0,-1.0,,,,,BSCC,2025-10-28 15:47:53,36693
1277,BSCC_STU01277,0.0,0.0,0.0,0.0,0.0,0.0,0.0,0.0,0.0,,,,,BSCC,2025-10-28 15:47:53,36560
1278,BSCC_STU01278,0.0,0.0,0.0,0.0,0.0,0.0,0.0,0.0,0.0,,,,,BSCC,2025-10-28 15:47:53,36640
1279,BSCC_STU01279,0.0,0.0,0.0,0.0,0.0,0.0,0.0,0.0,0.0,,,,,BSCC,2025-10-28 15:47:53,36616
1280,BSCC_STU01280,0.0,0.0,0.0,0.0,0.0,0.0,0.0,0.0,1.0,,,,,BSCC,2025-10-28 15:47:53,36628
1281,BSCC_STU01281,0.0,0.0,0.0,0.0,0.0,0.0,0.0,0.0,1.0,,,,,BSCC,2025-10-28 15:47:53,36646
1282,BSCC_STU01282,0.0,0.0,0.0,0.0,0.0,0.0,0.0,0.0,-1.0,,,,,BSCC,2025-10-28 15:47:53,36656
1283,BSCC_STU01283,0.0,0.0,0.0,0.0,4.0,0.0,4.0,0.0,-1.0,,,,,BSCC,2025-10-28 15:47:53,36629
1284,BSCC_STU01284,0.0,0.0,0.0,0.0,0.0,0.0,0.0,0.0,1.0,,,,,BSCC,2025-10-28 15:47:53,36657
1285,BSCC_STU01285,0.0,0.0,0.0,0.0,0.0,0.0,0.0,0.0,-1.0,,,,,BSCC,2025-10-28 15:47:53,36685
1286,BSCC_STU01286,0.0,0.0,0.0,0.0,0.0,0.0,0.0,0.0,-1.0,,,,,BSCC,2025-10-28 15:47:53,36605
1287,BSCC_STU01287,0.0,0.0,0.0,0.0,0.0,0.0,0.0,0.0,1.0,,,,,BSCC,2025-10-28 15:47:53,36679
1288,BSCC_STU01288,0.0,0.0,0.0,0.0,0.0,0.0,0.0,0.0,-1.0,,,,,BSCC,2025-10-28 15:47:53,36689
1289,BSCC_STU01289,0.0,3.0,0.0,3.0,4.0,0.0,4.0,0.0,1.0,,,,,BSCC,2025-10-28 15:47:53,36607
1290,BSCC_STU01290,0.0,0.0,0.0,0.0,0.0,0.0,0.0,0.0,0.0,,,,,BSCC,2025-10-28 15:47:53,36681
1291,BSCC_STU01291,0.0,0.0,0.0,0.0,0.0,0.0,0.0,0.0,0.0,,,,,BSCC,2025-10-28 15:47:53,36634
1292,BSCC_STU01292,0.0,0.0,0.0,0.0,0.0,0.0,0.0,0.0,0.0,,,,,BSCC,2025-10-28 15:47:53,36603
1293,BSCC_STU01293,0.0,0.0,0.0,0.0,0.0,0.0,0.0,0.0,-1.0,,,,,BSCC,2025-10-28 15:47:53,36623
1294,BSCC_STU01294,0.0,0.0,0.0,0.0,0.0,0.0,0.0,0.0,1.0,,,,,BSCC,2025-10-28 15:47:53,36609
1295,BSCC_STU01295,0.0,0.0,0.0,0.0,0.0,0.0,0.0,0.0,-1.0,,,,,BSCC,2025-10-28 15:47:53,36545
1296,BSCC_STU01296,0.0,0.0,0.0,0.0,0.0,0.0,0.0,0.0,1.0,,,,,BSCC,2025-10-28 15:47:53,36693
1297,BSCC_STU01297,0.0,0.0,0.0,0.0,0.0,0.0,0.0,0.0,0.0,,,,,BSCC,2025-10-28 15:47:53,36648
1298,BSCC_STU01298,0.0,0.0,0.0,0.0,0.0,0.0,0.0,0.0,-1.0,,,,,BSCC,2025-10-28 15:47:53,36676
1299,BSCC_STU01299,0.0,0.0,0.0,0.0,0.0,0.0,0.0,0.0,-1.0,,,,,BSCC,2025-10-28 15:47:53,36610
1300,BSCC_STU01300,0.0,0.0,0.0,0.0,0.0,0.0,0.0,0.0,0.0,,,,,BSCC,2025-10-28 15:47:53,36680
1301,BSCC_STU01301,0.0,0.0,0.0,0.0,0.0,0.0,0.0,0.0,1.0,,,,,BSCC,2025-10-28 15:47:53,36545
1302,BSCC_STU01302,0.0,0.0,0.0,0.0,0.0,0.0,0.0,0.0,0.0,,,,,BSCC,2025-10-28 15:47:53,36682
1303,BSCC_STU01303,0.0,0.0,0.0,0.0,3.0,0.0,3.0,0.0,1.0,,,,,BSCC,2025-10-28 15:47:53,36624
1304,BSCC_STU01304,0.0,0.0,0.0,0.0,2.0,0.0,2.0,0.0,-1.0,,,,,BSCC,2025-10-28 15:47:53,36692
1305,BSCC_STU01305,0.0,0.0,0.0,0.0,0.0,0.0,0.0,0.0,0.0,,,,,BSCC,2025-10-28 15:47:53,36650
1306,BSCC_STU01306,0.0,0.0,0.0,0.0,4.0,0.0,4.0,0.0,0.0,,,,,BSCC,2025-10-28 15:47:53,36679
1307,BSCC_STU01307,0.0,0.0,0.0,0.0,0.0,0.0,0.0,0.0,0.0,,,,,BSCC,2025-10-28 15:47:53,36645
1308,BSCC_STU01308,0.0,0.0,0.0,0.0,0.0,0.0,0.0,0.0,-1.0,,,,,BSCC,2025-10-28 15:47:53,36651
1309,BSCC_STU01309,0.0,0.0,0.0,0.0,0.0,0.0,0.0,0.0,-1.0,,,,,BSCC,2025-10-28 15:47:53,36640
1310,BSCC_STU01310,0.0,0.0,0.0,0.0,3.0,0.0,3.0,0.0,0.0,,,,,BSCC,2025-10-28 15:47:53,36658
1311,BSCC_STU01311,0.0,0.0,0.0,0.0,3.0,0.0,3.0,0.0,0.0,,,,,BSCC,2025-10-28 15:47:53,36621
1312,BSCC_STU01312,0.0,0.0,0.0,0.0,5.0,0.0,5.0,0.0,0.0,,,,,BSCC,2025-10-28 15:47:53,36648
1313,BSCC_STU01313,0.0,0.0,0.0,0.0,0.0,0.0,0.0,0.0,0.0,,,,,BSCC,2025-10-28 15:47:53,36614
1314,BSCC_STU01314,0.0,0.0,0.0,0.0,0.0,0.0,0.0,0.0,0.0,,,,,BSCC,2025-10-28 15:47:53,36611
1315,BSCC_STU01315,0.0,0.0,0.0,0.0,0.0,0.0,0.0,0.0,-1.0,,,,,BSCC,2025-10-28 15:47:53,36638
1316,BSCC_STU01316,0.0,0.0,0.0,0.0,0.0,0.0,0.0,0.0,0.0,,,,,BSCC,2025-10-28 15:47:53,36653
1317,BSCC_STU01317,0.0,0.0,0.0,0.0,0.0,0.0,0.0,0.0,1.0,,,,,BSCC,2025-10-28 15:47:53,36587
1318,BSCC_STU01318,0.0,0.0,0.0,0.0,0.0,0.0,0.0,0.0,1.0,,,,,BSCC,2025-10-28 15:47:53,36657
1319,BSCC_STU01319,0.0,0.0,0.0,0.0,0.0,0.0,0.0,0.0,-1.0,,,,,BSCC,2025-10-28 15:47:53,36621
1320,BSCC_STU01320,0.0,0.0,0.0,0.0,0.0,0.0,0.0,0.0,-1.0,,,,,BSCC,2025-10-28 15:47:53,36680
1321,BSCC_STU01321,0.0,0.0,0.0,0.0,0.0,0.0,0.0,0.0,1.0,,,,,BSCC,2025-10-28 15:47:53,36657
1322,BSCC_STU01322,0.0,0.0,0.0,0.0,0.0,0.0,0.0,0.0,0.0,,,,,BSCC,2025-10-28 15:47:53,36623
1323,BSCC_STU01323,0.0,0.0,0.0,0.0,0.0,0.0,0.0,0.0,1.0,,,,,BSCC,2025-10-28 15:47:53,36628
1324,BSCC_STU01324,0.0,0.0,0.0,0.0,0.0,0.0,0.0,0.0,1.0,,,,,BSCC,2025-10-28 15:47:53,36612
1325,BSCC_STU01325,0.0,0.0,0.0,0.0,0.0,0.0,0.0,0.0,1.0,,,,,BSCC,2025-10-28 15:47:53,36660
1326,BSCC_STU01326,0.0,0.0,0.0,0.0,0.0,0.0,0.0,0.0,1.0,,,,,BSCC,2025-10-28 15:47:53,36607
1327,BSCC_STU01327,0.0,0.0,0.0,0.0,0.0,0.0,0.0,0.0,-1.0,,,,,BSCC,2025-10-28 15:47:53,36644
1328,BSCC_STU01328,0.0,0.0,0.0,0.0,0.0,0.0,0.0,0.0,1.0,,,,,BSCC,2025-10-28 15:47:53,36632
1329,BSCC_STU01329,0.0,0.0,0.0,0.0,0.0,0.0,0.0,0.0,1.0,,,,,BSCC,2025-10-28 15:47:53,36689
1330,BSCC_STU01330,0.0,0.0,0.0,0.0,0.0,0.0,0.0,0.0,0.0,,,,,BSCC,2025-10-28 15:47:53,36681
1331,BSCC_STU01331,0.0,5.0,0.0,5.0,1.0,0.0,1.0,0.0,1.0,,,,,BSCC,2025-10-28 15:47:53,36664
1332,BSCC_STU01332,0.0,0.0,0.0,0.0,0.0,0.0,0.0,0.0,0.0,,,,,BSCC,2025-10-28 15:47:53,36695
1333,BSCC_STU01333,0.0,0.0,0.0,0.0,0.0,0.0,0.0,0.0,1.0,,,,,BSCC,2025-10-28 15:47:53,36664
1334,BSCC_STU01334,0.0,0.0,0.0,0.0,0.0,3.0,0.0,3.0,1.0,MS,Master's Colleges and Universities,Master's Colleges and Universities,Suburb,BSCC,2025-10-28 15:47:53,36688
1335,BSCC_STU01335,0.0,0.0,0.0,0.0,0.0,0.0,0.0,0.0,1.0,,,,,BSCC,2025-10-28 15:47:53,36641
1336,BSCC_STU01336,0.0,0.0,0.0,0.0,0.0,0.0,0.0,0.0,0.0,,,,,BSCC,2025-10-28 15:47:53,36615
1337,BSCC_STU01337,0.0,0.0,0.0,0.0,0.0,0.0,0.0,0.0,0.0,,,,,BSCC,2025-10-28 15:47:53,36623
1338,BSCC_STU01338,0.0,0.0,0.0,0.0,0.0,0.0,0.0,0.0,0.0,,,,,BSCC,2025-10-28 15:47:53,36693
1339,BSCC_STU01339,0.0,0.0,0.0,0.0,0.0,0.0,0.0,0.0,0.0,,,,,BSCC,2025-10-28 15:47:53,36666
1340,BSCC_STU01340,0.0,0.0,0.0,0.0,0.0,0.0,0.0,0.0,1.0,,,,,BSCC,2025-10-28 15:47:53,36615
1341,BSCC_STU01341,0.0,0.0,0.0,0.0,0.0,0.0,0.0,0.0,0.0,,,,,BSCC,2025-10-28 15:47:53,36587
1342,BSCC_STU01342,0.0,0.0,0.0,0.0,0.0,0.0,0.0,0.0,1.0,,,,,BSCC,2025-10-28 15:47:53,36637
1343,BSCC_STU01343,0.0,0.0,0.0,0.0,0.0,0.0,0.0,0.0,1.0,,,,,BSCC,2025-10-28 15:47:53,36625
1344,BSCC_STU01344,0.0,0.0,0.0,0.0,0.0,0.0,0.0,0.0,-1.0,,,,,BSCC,2025-10-28 15:47:53,36612
1345,BSCC_STU01345,0.0,0.0,0.0,0.0,2.0,0.0,2.0,0.0,0.0,,,,,BSCC,2025-10-28 15:47:53,36615
1346,BSCC_STU01346,0.0,0.0,0.0,0.0,0.0,0.0,0.0,0.0,0.0,,,,,BSCC,2025-10-28 15:47:53,36601
1347,BSCC_STU01347,0.0,0.0,0.0,0.0,0.0,0.0,0.0,0.0,1.0,,,,,BSCC,2025-10-28 15:47:53,36545
1348,BSCC_STU01348,0.0,0.0,0.0,0.0,0.0,0.0,0.0,0.0,-1.0,,,,,BSCC,2025-10-28 15:47:53,36679
1349,BSCC_STU01349,0.0,0.0,0.0,0.0,0.0,0.0,0.0,0.0,0.0,,,,,BSCC,2025-10-28 15:47:53,36681
1350,BSCC_STU01350,0.0,0.0,0.0,0.0,0.0,0.0,0.0,0.0,-1.0,,,,,BSCC,2025-10-28 15:47:53,36587
1351,BSCC_STU01351,0.0,0.0,0.0,0.0,0.0,0.0,0.0,0.0,1.0,,,,,BSCC,2025-10-28 15:47:53,36668
1352,BSCC_STU01352,0.0,0.0,0.0,0.0,0.0,0.0,0.0,0.0,-1.0,,,,,BSCC,2025-10-28 15:47:53,36622
1353,BSCC_STU01353,0.0,4.0,0.0,4.0,4.0,0.0,4.0,0.0,-1.0,,,,,BSCC,2025-10-28 15:47:53,36678
1354,BSCC_STU01354,0.0,0.0,0.0,0.0,0.0,0.0,0.0,0.0,1.0,,,,,BSCC,2025-10-28 15:47:53,36690
1355,BSCC_STU01355,0.0,0.0,0.0,0.0,0.0,0.0,0.0,0.0,1.0,,,,,BSCC,2025-10-28 15:47:53,36679
1356,BSCC_STU01356,0.0,0.0,0.0,0.0,0.0,0.0,0.0,0.0,-1.0,,,,,BSCC,2025-10-28 15:47:53,36678
1357,BSCC_STU01357,0.0,0.0,0.0,0.0,0.0,0.0,0.0,0.0,-1.0,,,,,BSCC,2025-10-28 15:47:53,36601
1358,BSCC_STU01358,0.0,0.0,0.0,0.0,0.0,0.0,0.0,0.0,0.0,,,,,BSCC,2025-10-28 15:47:53,36625
1359,BSCC_STU01359,0.0,0.0,0.0,0.0,5.0,0.0,5.0,0.0,0.0,,,,,BSCC,2025-10-28 15:47:53,36694
1360,BSCC_STU01360,0.0,0.0,0.0,0.0,2.0,0.0,2.0,0.0,0.0,,,,,BSCC,2025-10-28 15:47:53,36622
1361,BSCC_STU01361,0.0,0.0,0.0,0.0,0.0,0.0,0.0,0.0,0.0,,,,,BSCC,2025-10-28 15:47:53,36667
1362,BSCC_STU01362,0.0,0.0,0.0,0.0,0.0,0.0,0.0,0.0,1.0,,,,,BSCC,2025-10-28 15:47:53,36524
1363,BSCC_STU01363,0.0,0.0,0.0,0.0,0.0,0.0,0.0,0.0,0.0,,,,,BSCC,2025-10-28 15:47:53,36560
1364,BSCC_STU01364,0.0,0.0,0.0,0.0,0.0,0.0,0.0,0.0,-1.0,,,,,BSCC,2025-10-28 15:47:53,36607
1365,BSCC_STU01365,0.0,0.0,0.0,0.0,0.0,0.0,0.0,0.0,1.0,,,,,BSCC,2025-10-28 15:47:53,36638
1366,BSCC_STU01366,0.0,0.0,0.0,0.0,0.0,0.0,0.0,0.0,-1.0,,,,,BSCC,2025-10-28 15:47:53,36605
1367,BSCC_STU01367,0.0,0.0,0.0,0.0,0.0,0.0,0.0,0.0,0.0,,,,,BSCC,2025-10-28 15:47:53,36628
1368,BSCC_STU01368,0.0,0.0,0.0,0.0,0.0,0.0,0.0,0.0,-1.0,,,,,BSCC,2025-10-28 15:47:53,36688
1369,BSCC_STU01369,0.0,0.0,0.0,0.0,0.0,0.0,0.0,0.0,1.0,,,,,BSCC,2025-10-28 15:47:53,36601
1370,BSCC_STU01370,0.0,0.0,0.0,0.0,0.0,0.0,0.0,0.0,-1.0,,,,,BSCC,2025-10-28 15:47:53,36612
1371,BSCC_STU01371,0.0,0.0,0.0,0.0,0.0,0.0,0.0,0.0,1.0,,,,,BSCC,2025-10-28 15:47:53,36672
1372,BSCC_STU01372,0.0,0.0,0.0,0.0,2.0,0.0,2.0,0.0,-1.0,,,,,BSCC,2025-10-28 15:47:53,36679
1373,BSCC_STU01373,0.0,0.0,0.0,0.0,0.0,0.0,0.0,0.0,-1.0,,,,,BSCC,2025-10-28 15:47:53,36639
1374,BSCC_STU01374,0.0,0.0,0.0,0.0,0.0,3.0,0.0,3.0,1.0,MS,Master's Colleges and Universities,Master's Colleges and Universities,Urban,BSCC,2025-10-28 15:47:53,36634
1375,BSCC_STU01375,0.0,0.0,0.0,0.0,0.0,0.0,0.0,0.0,-1.0,,,,,BSCC,2025-10-28 15:47:53,36623
1376,BSCC_STU01376,0.0,0.0,0.0,0.0,0.0,0.0,0.0,0.0,0.0,,,,,BSCC,2025-10-28 15:47:53,36662
1377,BSCC_STU01377,0.0,3.0,0.0,3.0,0.0,5.0,0.0,5.0,-1.0,GA,Master's Colleges and Universities,Master's Colleges and Universities,Suburb,BSCC,2025-10-28 15:47:53,36695
1378,BSCC_STU01378,0.0,0.0,0.0,0.0,0.0,0.0,0.0,0.0,-1.0,,,,,BSCC,2025-10-28 15:47:53,36679
1379,BSCC_STU01379,0.0,0.0,0.0,0.0,0.0,0.0,0.0,0.0,-1.0,,,,,BSCC,2025-10-28 15:47:53,36638
1380,BSCC_STU01380,0.0,0.0,0.0,0.0,0.0,0.0,0.0,0.0,-1.0,,,,,BSCC,2025-10-28 15:47:53,36648
1381,BSCC_STU01381,0.0,0.0,0.0,0.0,0.0,0.0,0.0,0.0,0.0,,,,,BSCC,2025-10-28 15:47:53,36623
1382,BSCC_STU01382,0.0,0.0,0.0,0.0,0.0,0.0,0.0,0.0,-1.0,,,,,BSCC,2025-10-28 15:47:53,36639
1383,BSCC_STU01383,0.0,0.0,0.0,0.0,0.0,0.0,0.0,0.0,0.0,,,,,BSCC,2025-10-28 15:47:53,36587
1384,BSCC_STU01384,0.0,0.0,0.0,0.0,0.0,0.0,0.0,0.0,0.0,,,,,BSCC,2025-10-28 15:47:53,36615
1385,BSCC_STU01385,0.0,0.0,0.0,0.0,0.0,0.0,0.0,0.0,0.0,,,,,BSCC,2025-10-28 15:47:53,36681
1386,BSCC_STU01386,0.0,0.0,0.0,0.0,0.0,2.0,0.0,2.0,0.0,AL,Associate's Colleges,Associate's Colleges,Town/Rural,BSCC,2025-10-28 15:47:53,36587
1387,BSCC_STU01387,0.0,0.0,0.0,0.0,0.0,0.0,0.0,0.0,0.0,,,,,BSCC,2025-10-28 15:47:53,36669
1388,BSCC_STU01388,0.0,0.0,0.0,0.0,0.0,0.0,0.0,0.0,0.0,,,,,BSCC,2025-10-28 15:47:53,36613
1389,BSCC_STU01389,0.0,0.0,0.0,0.0,5.0,0.0,5.0,0.0,-1.0,,,,,BSCC,2025-10-28 15:47:53,36525
1390,BSCC_STU01390,0.0,0.0,0.0,0.0,0.0,0.0,0.0,0.0,-1.0,,,,,BSCC,2025-10-28 15:47:53,36612
1391,BSCC_STU01391,0.0,0.0,0.0,0.0,0.0,0.0,0.0,0.0,-1.0,,,,,BSCC,2025-10-28 15:47:53,36632
1392,BSCC_STU01392,0.0,0.0,0.0,0.0,0.0,0.0,0.0,0.0,0.0,,,,,BSCC,2025-10-28 15:47:53,36638
1393,BSCC_STU01393,0.0,0.0,0.0,0.0,0.0,0.0,0.0,0.0,1.0,,,,,BSCC,2025-10-28 15:47:53,36643
1394,BSCC_STU01394,0.0,0.0,0.0,0.0,0.0,0.0,0.0,0.0,-1.0,,,,,BSCC,2025-10-28 15:47:53,36663
1395,BSCC_STU01395,0.0,0.0,0.0,0.0,0.0,0.0,0.0,0.0,0.0,,,,,BSCC,2025-10-28 15:47:53,36615
1396,BSCC_STU01396,0.0,0.0,0.0,0.0,0.0,0.0,0.0,0.0,1.0,,,,,BSCC,2025-10-28 15:47:53,36623
1397,BSCC_STU01397,0.0,0.0,0.0,0.0,0.0,0.0,0.0,0.0,1.0,,,,,BSCC,2025-10-28 15:47:53,36616
1398,BSCC_STU01398,0.0,0.0,0.0,0.0,0.0,0.0,0.0,0.0,0.0,,,,,BSCC,2025-10-28 15:47:53,36525
1399,BSCC_STU01399,0.0,0.0,0.0,0.0,0.0,0.0,0.0,0.0,0.0,,,,,BSCC,2025-10-28 15:47:53,36665
1400,BSCC_STU01400,0.0,0.0,0.0,0.0,0.0,0.0,0.0,0.0,-1.0,,,,,BSCC,2025-10-28 15:47:53,36613
1401,BSCC_STU01401,0.0,4.0,0.0,4.0,2.0,0.0,2.0,0.0,0.0,,,,,BSCC,2025-10-28 15:47:53,36617
1402,BSCC_STU01402,0.0,0.0,0.0,0.0,0.0,0.0,0.0,0.0,-1.0,,,,,BSCC,2025-10-28 15:47:53,36635
1403,BSCC_STU01403,0.0,0.0,0.0,0.0,1.0,0.0,1.0,0.0,-1.0,,,,,BSCC,2025-10-28 15:47:53,36662
1404,BSCC_STU01404,0.0,0.0,0.0,0.0,0.0,0.0,0.0,0.0,0.0,,,,,BSCC,2025-10-28 15:47:53,36611
1405,BSCC_STU01405,0.0,0.0,0.0,0.0,0.0,0.0,0.0,0.0,-1.0,,,,,BSCC,2025-10-28 15:47:53,36607
1406,BSCC_STU01406,0.0,0.0,0.0,0.0,0.0,3.0,0.0,3.0,-1.0,TN,Master's Colleges and Universities,Master's Colleges and Universities,Urban,BSCC,2025-10-28 15:47:53,36560
1407,BSCC_STU01407,0.0,0.0,0.0,0.0,0.0,0.0,0.0,0.0,0.0,,,,,BSCC,2025-10-28 15:47:53,36618
1408,BSCC_STU01408,0.0,0.0,0.0,0.0,0.0,0.0,0.0,0.0,0.0,,,,,BSCC,2025-10-28 15:47:53,36614
1409,BSCC_STU01409,0.0,0.0,0.0,0.0,0.0,0.0,0.0,0.0,0.0,,,,,BSCC,2025-10-28 15:47:53,36615
1410,BSCC_STU01410,0.0,0.0,0.0,0.0,0.0,0.0,0.0,0.0,0.0,,,,,BSCC,2025-10-28 15:47:53,36540
1411,BSCC_STU01411,0.0,0.0,0.0,0.0,0.0,0.0,0.0,0.0,-1.0,,,,,BSCC,2025-10-28 15:47:53,36619
1412,BSCC_STU01412,0.0,0.0,0.0,0.0,0.0,0.0,0.0,0.0,-1.0,,,,,BSCC,2025-10-28 15:47:53,36627
1413,BSCC_STU01413,0.0,0.0,0.0,0.0,0.0,0.0,0.0,0.0,0.0,,,,,BSCC,2025-10-28 15:47:53,36689
1414,BSCC_STU01414,0.0,0.0,0.0,0.0,0.0,0.0,0.0,0.0,-1.0,,,,,BSCC,2025-10-28 15:47:53,36622
1415,BSCC_STU01415,0.0,0.0,0.0,0.0,0.0,0.0,0.0,0.0,0.0,,,,,BSCC,2025-10-28 15:47:53,36628
1416,BSCC_STU01416,0.0,0.0,0.0,0.0,0.0,0.0,0.0,0.0,0.0,,,,,BSCC,2025-10-28 15:47:53,36612
1417,BSCC_STU01417,0.0,0.0,0.0,0.0,0.0,0.0,0.0,0.0,0.0,,,,,BSCC,2025-10-28 15:47:53,36651
1418,BSCC_STU01418,0.0,0.0,0.0,0.0,0.0,0.0,0.0,0.0,1.0,,,,,BSCC,2025-10-28 15:47:53,36668
1419,BSCC_STU01419,0.0,0.0,0.0,0.0,0.0,0.0,0.0,0.0,1.0,,,,,BSCC,2025-10-28 15:47:53,36646
1420,BSCC_STU01420,0.0,0.0,0.0,0.0,4.0,0.0,4.0,0.0,1.0,,,,,BSCC,2025-10-28 15:47:53,36676
1421,BSCC_STU01421,0.0,0.0,0.0,0.0,0.0,0.0,0.0,0.0,1.0,,,,,BSCC,2025-10-28 15:47:53,36631
1422,BSCC_STU01422,0.0,0.0,0.0,0.0,0.0,0.0,0.0,0.0,1.0,,,,,BSCC,2025-10-28 15:47:53,36606
1423,BSCC_STU01423,0.0,3.0,0.0,3.0,3.0,0.0,3.0,0.0,-1.0,,,,,BSCC,2025-10-28 15:47:53,36655
1424,BSCC_STU01424,0.0,0.0,0.0,0.0,0.0,0.0,0.0,0.0,-1.0,,,,,BSCC,2025-10-28 15:47:53,36685
1425,BSCC_STU01425,0.0,0.0,0.0,0.0,0.0,0.0,0.0,0.0,1.0,,,,,BSCC,2025-10-28 15:47:53,36604
1426,BSCC_STU01426,0.0,0.0,0.0,0.0,0.0,3.0,0.0,3.0,0.0,AL,Master's Colleges and Universities,Master's Colleges and Universities,Town/Rural,BSCC,2025-10-28 15:47:53,36618
1427,BSCC_STU01427,0.0,0.0,0.0,0.0,4.0,0.0,4.0,0.0,1.0,,,,,BSCC,2025-10-28 15:47:53,36618
1428,BSCC_STU01428,0.0,0.0,0.0,0.0,0.0,0.0,0.0,0.0,-1.0,,,,,BSCC,2025-10-28 15:47:53,36614
1429,BSCC_STU01429,0.0,0.0,0.0,0.0,0.0,0.0,0.0,0.0,-1.0,,,,,BSCC,2025-10-28 15:47:53,36637
1430,BSCC_STU01430,0.0,0.0,0.0,0.0,0.0,0.0,0.0,0.0,0.0,,,,,BSCC,2025-10-28 15:47:53,36693
1431,BSCC_STU01431,0.0,0.0,0.0,0.0,0.0,0.0,0.0,0.0,0.0,,,,,BSCC,2025-10-28 15:47:53,36664
1432,BSCC_STU01432,0.0,0.0,0.0,0.0,0.0,0.0,0.0,0.0,-1.0,,,,,BSCC,2025-10-28 15:47:53,36682
1433,BSCC_STU01433,0.0,0.0,0.0,0.0,0.0,0.0,0.0,0.0,1.0,,,,,BSCC,2025-10-28 15:47:53,36645
1434,BSCC_STU01434,0.0,0.0,0.0,0.0,0.0,0.0,0.0,0.0,-1.0,,,,,BSCC,2025-10-28 15:47:53,36666
1435,BSCC_STU01435,0.0,0.0,0.0,0.0,0.0,0.0,0.0,0.0,1.0,,,,,BSCC,2025-10-28 15:47:53,36610
1436,BSCC_STU01436,0.0,0.0,0.0,0.0,0.0,0.0,0.0,0.0,-1.0,,,,,BSCC,2025-10-28 15:47:53,36660
1437,BSCC_STU01437,0.0,0.0,0.0,0.0,0.0,0.0,0.0,0.0,-1.0,,,,,BSCC,2025-10-28 15:47:53,36619
1438,BSCC_STU01438,0.0,0.0,0.0,0.0,0.0,0.0,0.0,0.0,-1.0,,,,,BSCC,2025-10-28 15:47:53,36612
1439,BSCC_STU01439,0.0,0.0,0.0,0.0,0.0,0.0,0.0,0.0,0.0,,,,,BSCC,2025-10-28 15:47:53,36545
1440,BSCC_STU01440,0.0,0.0,0.0,0.0,0.0,0.0,0.0,0.0,-1.0,,,,,BSCC,2025-10-28 15:47:53,36571
1441,BSCC_STU01441,0.0,5.0,0.0,5.0,0.0,2.0,0.0,2.0,-1.0,MS,Master's Colleges and Universities,Master's Colleges and Universities,Urban,BSCC,2025-10-28 15:47:53,36613
1442,BSCC_STU01442,0.0,0.0,0.0,0.0,0.0,0.0,0.0,0.0,0.0,,,,,BSCC,2025-10-28 15:47:53,36692
1443,BSCC_STU01443,0.0,0.0,0.0,0.0,0.0,0.0,0.0,0.0,1.0,,,,,BSCC,2025-10-28 15:47:53,36611
1444,BSCC_STU01444,0.0,4.0,0.0,4.0,4.0,0.0,4.0,0.0,0.0,,,,,BSCC,2025-10-28 15:47:53,36606
1445,BSCC_STU01445,0.0,0.0,0.0,0.0,0.0,0.0,0.0,0.0,1.0,,,,,BSCC,2025-10-28 15:47:53,36681
1446,BSCC_STU01446,0.0,0.0,0.0,0.0,0.0,0.0,0.0,0.0,0.0,,,,,BSCC,2025-10-28 15:47:53,36560
1447,BSCC_STU01447,0.0,0.0,0.0,0.0,0.0,0.0,0.0,0.0,0.0,,,,,BSCC,2025-10-28 15:47:53,36540
1448,BSCC_STU01448,0.0,0.0,0.0,0.0,0.0,2.0,0.0,2.0,0.0,AL,Master's Colleges and Universities,Master's Colleges and Universities,Town/Rural,BSCC,2025-10-28 15:47:53,36671
1449,BSCC_STU01449,0.0,0.0,0.0,0.0,0.0,0.0,0.0,0.0,-1.0,,,,,BSCC,2025-10-28 15:47:53,36587
1450,BSCC_STU01450,0.0,4.0,0.0,4.0,2.0,0.0,2.0,0.0,1.0,,,,,BSCC,2025-10-28 15:47:53,36689
1451,BSCC_STU01451,0.0,0.0,0.0,0.0,0.0,0.0,0.0,0.0,1.0,,,,,BSCC,2025-10-28 15:47:53,36601
1452,BSCC_STU01452,0.0,0.0,0.0,0.0,0.0,0.0,0.0,0.0,0.0,,,,,BSCC,2025-10-28 15:47:53,36680
1453,BSCC_STU01453,0.0,0.0,0.0,0.0,0.0,0.0,0.0,0.0,0.0,,,,,BSCC,2025-10-28 15:47:53,36677
1454,BSCC_STU01454,0.0,0.0,0.0,0.0,0.0,0.0,0.0,0.0,0.0,,,,,BSCC,2025-10-28 15:47:53,36540
1455,BSCC_STU01455,0.0,0.0,0.0,0.0,0.0,0.0,0.0,0.0,1.0,,,,,BSCC,2025-10-28 15:47:53,36612
1456,BSCC_STU01456,0.0,0.0,0.0,0.0,0.0,0.0,0.0,0.0,-1.0,,,,,BSCC,2025-10-28 15:47:53,36661
1457,BSCC_STU01457,0.0,0.0,0.0,0.0,0.0,0.0,0.0,0.0,0.0,,,,,BSCC,2025-10-28 15:47:53,36648
1458,BSCC_STU01458,0.0,4.0,0.0,4.0,3.0,0.0,3.0,0.0,0.0,,,,,BSCC,2025-10-28 15:47:53,36694
1459,BSCC_STU01459,0.0,0.0,0.0,0.0,0.0,0.0,0.0,0.0,0.0,,,,,BSCC,2025-10-28 15:47:53,36627
1460,BSCC_STU01460,0.0,0.0,0.0,0.0,0.0,0.0,0.0,0.0,1.0,,,,,BSCC,2025-10-28 15:47:53,36663
1461,BSCC_STU01461,0.0,0.0,0.0,0.0,0.0,0.0,0.0,0.0,1.0,,,,,BSCC,2025-10-28 15:47:53,36673
1462,BSCC_STU01462,0.0,0.0,0.0,0.0,0.0,0.0,0.0,0.0,-1.0,,,,,BSCC,2025-10-28 15:47:53,36633
1463,BSCC_STU01463,0.0,0.0,0.0,0.0,0.0,0.0,0.0,0.0,0.0,,,,,BSCC,2025-10-28 15:47:53,36627
1464,BSCC_STU01464,0.0,0.0,0.0,0.0,0.0,0.0,0.0,0.0,0.0,,,,,BSCC,2025-10-28 15:47:53,36686
1465,BSCC_STU01465,0.0,0.0,0.0,0.0,5.0,0.0,5.0,0.0,-1.0,,,,,BSCC,2025-10-28 15:47:53,36674
1466,BSCC_STU01466,0.0,0.0,0.0,0.0,0.0,0.0,0.0,0.0,1.0,,,,,BSCC,2025-10-28 15:47:53,36695
1467,BSCC_STU01467,0.0,0.0,0.0,0.0,0.0,0.0,0.0,0.0,-1.0,,,,,BSCC,2025-10-28 15:47:53,36627
1468,BSCC_STU01468,0.0,0.0,0.0,0.0,0.0,0.0,0.0,0.0,-1.0,,,,,BSCC,2025-10-28 15:47:53,36655
1469,BSCC_STU01469,0.0,0.0,0.0,0.0,0.0,0.0,0.0,0.0,0.0,,,,,BSCC,2025-10-28 15:47:53,36614
1470,BSCC_STU01470,0.0,0.0,0.0,0.0,0.0,0.0,0.0,0.0,1.0,,,,,BSCC,2025-10-28 15:47:53,36602
1471,BSCC_STU01471,0.0,0.0,0.0,0.0,0.0,0.0,0.0,0.0,1.0,,,,,BSCC,2025-10-28 15:47:53,36628
1472,BSCC_STU01472,0.0,0.0,0.0,0.0,0.0,0.0,0.0,0.0,0.0,,,,,BSCC,2025-10-28 15:47:53,36615
1473,BSCC_STU01473,0.0,0.0,0.0,0.0,0.0,0.0,0.0,0.0,-1.0,,,,,BSCC,2025-10-28 15:47:53,36525
1474,BSCC_STU01474,0.0,0.0,0.0,0.0,2.0,0.0,2.0,0.0,0.0,,,,,BSCC,2025-10-28 15:47:53,36690
1475,BSCC_STU01475,0.0,0.0,0.0,0.0,0.0,0.0,0.0,0.0,-1.0,,,,,BSCC,2025-10-28 15:47:53,36608
1476,BSCC_STU01476,0.0,0.0,0.0,0.0,0.0,0.0,0.0,0.0,0.0,,,,,BSCC,2025-10-28 15:47:53,36648
1477,BSCC_STU01477,0.0,0.0,0.0,0.0,0.0,0.0,0.0,0.0,-1.0,,,,,BSCC,2025-10-28 15:47:53,36622
1478,BSCC_STU01478,0.0,0.0,0.0,0.0,0.0,0.0,0.0,0.0,1.0,,,,,BSCC,2025-10-28 15:47:53,36680
1479,BSCC_STU01479,0.0,0.0,0.0,0.0,0.0,0.0,0.0,0.0,-1.0,,,,,BSCC,2025-10-28 15:47:53,36606
1480,BSCC_STU01480,0.0,0.0,0.0,0.0,0.0,0.0,0.0,0.0,0.0,,,,,BSCC,2025-10-28 15:47:53,36637
1481,BSCC_STU01481,0.0,0.0,0.0,0.0,3.0,0.0,3.0,0.0,1.0,,,,,BSCC,2025-10-28 15:47:53,36655
1482,BSCC_STU01482,0.0,0.0,0.0,0.0,0.0,0.0,0.0,0.0,0.0,,,,,BSCC,2025-10-28 15:47:53,36612
1483,BSCC_STU01483,0.0,0.0,0.0,0.0,0.0,0.0,0.0,0.0,-1.0,,,,,BSCC,2025-10-28 15:47:53,36616
1484,BSCC_STU01484,0.0,0.0,0.0,0.0,0.0,2.0,0.0,2.0,-1.0,TN,Master's Colleges and Universities,Master's Colleges and Universities,Suburb,BSCC,2025-10-28 15:47:53,36658
1485,BSCC_STU01485,0.0,0.0,0.0,0.0,0.0,0.0,0.0,0.0,1.0,,,,,BSCC,2025-10-28 15:47:53,36614
1486,BSCC_STU01486,0.0,3.0,0.0,3.0,0.0,3.0,0.0,3.0,0.0,GA,Master's Colleges and Universities,Master's Colleges and Universities,Town/Rural,BSCC,2025-10-28 15:47:53,36641
1487,BSCC_STU01487,0.0,0.0,0.0,0.0,0.0,0.0,0.0,0.0,-1.0,,,,,BSCC,2025-10-28 15:47:53,36682
1488,BSCC_STU01488,0.0,0.0,0.0,0.0,0.0,0.0,0.0,0.0,0.0,,,,,BSCC,2025-10-28 15:47:53,36690
1489,BSCC_STU01489,0.0,0.0,0.0,0.0,5.0,0.0,5.0,0.0,-1.0,,,,,BSCC,2025-10-28 15:47:53,36674
1490,BSCC_STU01490,0.0,0.0,0.0,0.0,0.0,0.0,0.0,0.0,0.0,,,,,BSCC,2025-10-28 15:47:53,36643
1491,BSCC_STU01491,0.0,0.0,0.0,0.0,0.0,0.0,0.0,0.0,-1.0,,,,,BSCC,2025-10-28 15:47:53,36618
1492,BSCC_STU01492,0.0,0.0,0.0,0.0,0.0,0.0,0.0,0.0,1.0,,,,,BSCC,2025-10-28 15:47:53,36695
1493,BSCC_STU01493,0.0,0.0,0.0,0.0,3.0,0.0,3.0,0.0,-1.0,,,,,BSCC,2025-10-28 15:47:53,36525
1494,BSCC_STU01494,0.0,0.0,0.0,0.0,0.0,0.0,0.0,0.0,0.0,,,,,BSCC,2025-10-28 15:47:53,36690
1495,BSCC_STU01495,0.0,0.0,0.0,0.0,4.0,0.0,4.0,0.0,1.0,,,,,BSCC,2025-10-28 15:47:53,36656
1496,BSCC_STU01496,0.0,0.0,0.0,0.0,0.0,3.0,0.0,3.0,0.0,GA,Associate's Colleges,Associate's Colleges,Suburb,BSCC,2025-10-28 15:47:53,36629
1497,BSCC_STU01497,0.0,0.0,0.0,0.0,0.0,0.0,0.0,0.0,1.0,,,,,BSCC,2025-10-28 15:47:53,36628
1498,BSCC_STU01498,0.0,0.0,0.0,0.0,0.0,0.0,0.0,0.0,0.0,,,,,BSCC,2025-10-28 15:47:53,36687
1499,BSCC_STU01499,0.0,0.0,0.0,0.0,0.0,0.0,0.0,0.0,0.0,,,,,BSCC,2025-10-28 15:47:53,36692
1500,BSCC_STU01500,0.0,0.0,0.0,0.0,0.0,0.0,0.0,0.0,0.0,,,,,BSCC,2025-10-28 15:47:53,36654
1501,BSCC_STU01501,0.0,3.0,0.0,3.0,4.0,0.0,4.0,0.0,1.0,,,,,BSCC,2025-10-28 15:47:53,36661
1502,BSCC_STU01502,0.0,0.0,0.0,0.0,0.0,0.0,0.0,0.0,0.0,,,,,BSCC,2025-10-28 15:47:53,36545
1503,BSCC_STU01503,0.0,0.0,0.0,0.0,0.0,0.0,0.0,0.0,1.0,,,,,BSCC,2025-10-28 15:47:53,36673
1504,BSCC_STU01504,0.0,0.0,0.0,0.0,0.0,0.0,0.0,0.0,0.0,,,,,BSCC,2025-10-28 15:47:53,36606
1505,BSCC_STU01505,0.0,0.0,0.0,0.0,0.0,0.0,0.0,0.0,1.0,,,,,BSCC,2025-10-28 15:47:53,36623
1506,BSCC_STU01506,0.0,0.0,0.0,0.0,3.0,0.0,3.0,0.0,0.0,,,,,BSCC,2025-10-28 15:47:53,36659
1507,BSCC_STU01507,0.0,0.0,0.0,0.0,0.0,0.0,0.0,0.0,0.0,,,,,BSCC,2025-10-28 15:47:53,36525
1508,BSCC_STU01508,0.0,0.0,0.0,0.0,0.0,0.0,0.0,0.0,-1.0,,,,,BSCC,2025-10-28 15:47:53,36620
1509,BSCC_STU01509,0.0,0.0,0.0,0.0,0.0,0.0,0.0,0.0,-1.0,,,,,BSCC,2025-10-28 15:47:53,36631
1510,BSCC_STU01510,0.0,0.0,0.0,0.0,0.0,0.0,0.0,0.0,1.0,,,,,BSCC,2025-10-28 15:47:53,36661
1511,BSCC_STU01511,0.0,0.0,0.0,0.0,0.0,0.0,0.0,0.0,1.0,,,,,BSCC,2025-10-28 15:47:53,36679
1512,BSCC_STU01512,0.0,0.0,0.0,0.0,0.0,0.0,0.0,0.0,1.0,,,,,BSCC,2025-10-28 15:47:53,36654
1513,BSCC_STU01513,0.0,0.0,0.0,0.0,0.0,0.0,0.0,0.0,0.0,,,,,BSCC,2025-10-28 15:47:53,36674
1514,BSCC_STU01514,0.0,0.0,0.0,0.0,0.0,0.0,0.0,0.0,-1.0,,,,,BSCC,2025-10-28 15:47:53,36604
1515,BSCC_STU01515,0.0,0.0,0.0,0.0,0.0,0.0,0.0,0.0,-1.0,,,,,BSCC,2025-10-28 15:47:53,36669
1516,BSCC_STU01516,0.0,0.0,0.0,0.0,0.0,0.0,0.0,0.0,-1.0,,,,,BSCC,2025-10-28 15:47:53,36695
1517,BSCC_STU01517,0.0,0.0,0.0,0.0,0.0,0.0,0.0,0.0,0.0,,,,,BSCC,2025-10-28 15:47:53,36612
1518,BSCC_STU01518,0.0,0.0,0.0,0.0,0.0,0.0,0.0,0.0,0.0,,,,,BSCC,2025-10-28 15:47:53,36677
1519,BSCC_STU01519,0.0,0.0,0.0,0.0,0.0,0.0,0.0,0.0,-1.0,,,,,BSCC,2025-10-28 15:47:53,36571
1520,BSCC_STU01520,0.0,0.0,0.0,0.0,0.0,0.0,0.0,0.0,-1.0,,,,,BSCC,2025-10-28 15:47:53,36683
1521,BSCC_STU01521,0.0,0.0,0.0,0.0,0.0,0.0,0.0,0.0,1.0,,,,,BSCC,2025-10-28 15:47:53,36612
1522,BSCC_STU01522,0.0,0.0,0.0,0.0,0.0,0.0,0.0,0.0,-1.0,,,,,BSCC,2025-10-28 15:47:53,36666
1523,BSCC_STU01523,0.0,0.0,0.0,0.0,0.0,0.0,0.0,0.0,0.0,,,,,BSCC,2025-10-28 15:47:53,36642
1524,BSCC_STU01524,0.0,0.0,0.0,0.0,0.0,0.0,0.0,0.0,1.0,,,,,BSCC,2025-10-28 15:47:53,36688
1525,BSCC_STU01525,0.0,0.0,0.0,0.0,0.0,0.0,0.0,0.0,0.0,,,,,BSCC,2025-10-28 15:47:53,36682
1526,BSCC_STU01526,0.0,0.0,0.0,0.0,0.0,0.0,0.0,0.0,-1.0,,,,,BSCC,2025-10-28 15:47:53,36643
1527,BSCC_STU01527,0.0,0.0,0.0,0.0,0.0,0.0,0.0,0.0,0.0,,,,,BSCC,2025-10-28 15:47:53,36639
1528,BSCC_STU01528,0.0,0.0,0.0,0.0,0.0,0.0,0.0,0.0,0.0,,,,,BSCC,2025-10-28 15:47:53,36632
1529,BSCC_STU01529,0.0,0.0,0.0,0.0,0.0,0.0,0.0,0.0,-1.0,,,,,BSCC,2025-10-28 15:47:53,36606
1530,BSCC_STU01530,0.0,0.0,0.0,0.0,0.0,0.0,0.0,0.0,0.0,,,,,BSCC,2025-10-28 15:47:53,36687
1531,BSCC_STU01531,0.0,0.0,0.0,0.0,0.0,0.0,0.0,0.0,0.0,,,,,BSCC,2025-10-28 15:47:53,36667
1532,BSCC_STU01532,0.0,0.0,0.0,0.0,0.0,0.0,0.0,0.0,0.0,,,,,BSCC,2025-10-28 15:47:53,36653
1533,BSCC_STU01533,0.0,0.0,0.0,0.0,0.0,0.0,0.0,0.0,-1.0,,,,,BSCC,2025-10-28 15:47:53,36650
1534,BSCC_STU01534,0.0,0.0,0.0,0.0,0.0,0.0,0.0,0.0,0.0,,,,,BSCC,2025-10-28 15:47:53,36623
1535,BSCC_STU01535,0.0,4.0,0.0,4.0,3.0,0.0,3.0,0.0,0.0,,,,,BSCC,2025-10-28 15:47:53,36525
1536,BSCC_STU01536,0.0,0.0,0.0,0.0,0.0,0.0,0.0,0.0,-1.0,,,,,BSCC,2025-10-28 15:47:53,36626
1537,BSCC_STU01537,0.0,0.0,0.0,0.0,0.0,0.0,0.0,0.0,0.0,,,,,BSCC,2025-10-28 15:47:53,36693
1538,BSCC_STU01538,0.0,0.0,0.0,0.0,0.0,0.0,0.0,0.0,-1.0,,,,,BSCC,2025-10-28 15:47:53,36639
1539,BSCC_STU01539,0.0,0.0,0.0,0.0,0.0,0.0,0.0,0.0,0.0,,,,,BSCC,2025-10-28 15:47:53,36524
1540,BSCC_STU01540,0.0,0.0,0.0,0.0,0.0,0.0,0.0,0.0,0.0,,,,,BSCC,2025-10-28 15:47:53,36604
1541,BSCC_STU01541,0.0,0.0,0.0,0.0,0.0,0.0,0.0,0.0,0.0,,,,,BSCC,2025-10-28 15:47:53,36560
1542,BSCC_STU01542,0.0,0.0,0.0,0.0,0.0,0.0,0.0,0.0,1.0,,,,,BSCC,2025-10-28 15:47:53,36658
1543,BSCC_STU01543,0.0,0.0,0.0,0.0,0.0,0.0,0.0,0.0,0.0,,,,,BSCC,2025-10-28 15:47:53,36663
1544,BSCC_STU01544,0.0,0.0,0.0,0.0,3.0,0.0,3.0,0.0,1.0,,,,,BSCC,2025-10-28 15:47:53,36626
1545,BSCC_STU01545,0.0,0.0,0.0,0.0,0.0,0.0,0.0,0.0,1.0,,,,,BSCC,2025-10-28 15:47:53,36676
1546,BSCC_STU01546,0.0,0.0,0.0,0.0,0.0,0.0,0.0,0.0,-1.0,,,,,BSCC,2025-10-28 15:47:53,36637
1547,BSCC_STU01547,0.0,0.0,0.0,0.0,0.0,0.0,0.0,0.0,-1.0,,,,,BSCC,2025-10-28 15:47:53,36653
1548,BSCC_STU01548,0.0,0.0,0.0,0.0,0.0,0.0,0.0,0.0,1.0,,,,,BSCC,2025-10-28 15:47:53,36685
1549,BSCC_STU01549,0.0,0.0,0.0,0.0,0.0,0.0,0.0,0.0,0.0,,,,,BSCC,2025-10-28 15:47:53,36666
1550,BSCC_STU01550,0.0,0.0,0.0,0.0,0.0,0.0,0.0,0.0,-1.0,,,,,BSCC,2025-10-28 15:47:53,36651
1551,BSCC_STU01551,0.0,0.0,0.0,0.0,0.0,0.0,0.0,0.0,0.0,,,,,BSCC,2025-10-28 15:47:53,36611
1552,BSCC_STU01552,0.0,0.0,0.0,0.0,0.0,0.0,0.0,0.0,1.0,,,,,BSCC,2025-10-28 15:47:53,36652
1553,BSCC_STU01553,0.0,0.0,0.0,0.0,0.0,0.0,0.0,0.0,1.0,,,,,BSCC,2025-10-28 15:47:53,36690
1554,BSCC_STU01554,0.0,0.0,0.0,0.0,0.0,0.0,0.0,0.0,0.0,,,,,BSCC,2025-10-28 15:47:53,36603
1555,BSCC_STU01555,0.0,0.0,0.0,0.0,0.0,0.0,0.0,0.0,0.0,,,,,BSCC,2025-10-28 15:47:53,36677
1556,BSCC_STU01556,0.0,0.0,0.0,0.0,0.0,0.0,0.0,0.0,-1.0,,,,,BSCC,2025-10-28 15:47:53,36613
1557,BSCC_STU01557,0.0,0.0,0.0,0.0,0.0,0.0,0.0,0.0,0.0,,,,,BSCC,2025-10-28 15:47:53,36629
1558,BSCC_STU01558,0.0,0.0,0.0,0.0,0.0,0.0,0.0,0.0,0.0,,,,,BSCC,2025-10-28 15:47:53,36611
1559,BSCC_STU01559,0.0,0.0,0.0,0.0,0.0,0.0,0.0,0.0,0.0,,,,,BSCC,2025-10-28 15:47:53,36617
1560,BSCC_STU01560,0.0,0.0,0.0,0.0,0.0,0.0,0.0,0.0,-1.0,,,,,BSCC,2025-10-28 15:47:53,36601
1561,BSCC_STU01561,0.0,0.0,0.0,0.0,4.0,0.0,4.0,0.0,0.0,,,,,BSCC,2025-10-28 15:47:53,36680
1562,BSCC_STU01562,0.0,0.0,0.0,0.0,0.0,0.0,0.0,0.0,1.0,,,,,BSCC,2025-10-28 15:47:53,36673
1563,BSCC_STU01563,0.0,0.0,0.0,0.0,0.0,0.0,0.0,0.0,1.0,,,,,BSCC,2025-10-28 15:47:53,36633
1564,BSCC_STU01564,0.0,0.0,0.0,0.0,4.0,0.0,4.0,0.0,1.0,,,,,BSCC,2025-10-28 15:47:53,36677
1565,BSCC_STU01565,0.0,0.0,0.0,0.0,0.0,0.0,0.0,0.0,0.0,,,,,BSCC,2025-10-28 15:47:53,36664
1566,BSCC_STU01566,0.0,0.0,0.0,0.0,0.0,0.0,0.0,0.0,1.0,,,,,BSCC,2025-10-28 15:47:53,36617
1567,BSCC_STU01567,0.0,0.0,0.0,0.0,0.0,0.0,0.0,0.0,1.0,,,,,BSCC,2025-10-28 15:47:53,36613
1568,BSCC_STU01568,0.0,0.0,0.0,0.0,0.0,0.0,0.0,0.0,0.0,,,,,BSCC,2025-10-28 15:47:53,36688
1569,BSCC_STU01569,0.0,0.0,0.0,0.0,0.0,0.0,0.0,0.0,0.0,,,,,BSCC,2025-10-28 15:47:53,36692
1570,BSCC_STU01570,0.0,0.0,0.0,0.0,0.0,0.0,0.0,0.0,0.0,,,,,BSCC,2025-10-28 15:47:53,36607
1571,BSCC_STU01571,0.0,0.0,0.0,0.0,0.0,0.0,0.0,0.0,1.0,,,,,BSCC,2025-10-28 15:47:53,36621
1572,BSCC_STU01572,0.0,0.0,0.0,0.0,0.0,0.0,0.0,0.0,0.0,,,,,BSCC,2025-10-28 15:47:53,36624
1573,BSCC_STU01573,0.0,4.0,0.0,4.0,3.0,0.0,3.0,0.0,-1.0,,,,,BSCC,2025-10-28 15:47:53,36649
1574,BSCC_STU01574,0.0,0.0,0.0,0.0,0.0,0.0,0.0,0.0,-1.0,,,,,BSCC,2025-10-28 15:47:53,36625
1575,BSCC_STU01575,0.0,0.0,0.0,0.0,0.0,0.0,0.0,0.0,-1.0,,,,,BSCC,2025-10-28 15:47:53,36643
1576,BSCC_STU01576,0.0,0.0,0.0,0.0,0.0,0.0,0.0,0.0,0.0,,,,,BSCC,2025-10-28 15:47:53,36616
1577,BSCC_STU01577,0.0,0.0,0.0,0.0,0.0,0.0,0.0,0.0,-1.0,,,,,BSCC,2025-10-28 15:47:53,36617
1578,BSCC_STU01578,0.0,0.0,0.0,0.0,0.0,3.0,0.0,3.0,-1.0,FL,Associate's Colleges,Associate's Colleges,Urban,BSCC,2025-10-28 15:47:53,36657
1579,BSCC_STU01579,0.0,0.0,0.0,0.0,0.0,0.0,0.0,0.0,1.0,,,,,BSCC,2025-10-28 15:47:53,36635
1580,BSCC_STU01580,0.0,0.0,0.0,0.0,0.0,0.0,0.0,0.0,-1.0,,,,,BSCC,2025-10-28 15:47:53,36606
1581,BSCC_STU01581,0.0,0.0,0.0,0.0,0.0,0.0,0.0,0.0,0.0,,,,,BSCC,2025-10-28 15:47:53,36627
1582,BSCC_STU01582,0.0,0.0,0.0,0.0,0.0,0.0,0.0,0.0,0.0,,,,,BSCC,2025-10-28 15:47:53,36677
1583,BSCC_STU01583,0.0,0.0,0.0,0.0,0.0,0.0,0.0,0.0,-1.0,,,,,BSCC,2025-10-28 15:47:53,36560
1584,BSCC_STU01584,0.0,0.0,0.0,0.0,0.0,0.0,0.0,0.0,-1.0,,,,,BSCC,2025-10-28 15:47:53,36643
1585,BSCC_STU01585,0.0,0.0,0.0,0.0,0.0,0.0,0.0,0.0,0.0,,,,,BSCC,2025-10-28 15:47:53,36618
1586,BSCC_STU01586,0.0,0.0,0.0,0.0,0.0,0.0,0.0,0.0,1.0,,,,,BSCC,2025-10-28 15:47:53,36666
1587,BSCC_STU01587,0.0,0.0,0.0,0.0,0.0,0.0,0.0,0.0,0.0,,,,,BSCC,2025-10-28 15:47:53,36667
1588,BSCC_STU01588,0.0,0.0,0.0,0.0,0.0,0.0,0.0,0.0,-1.0,,,,,BSCC,2025-10-28 15:47:53,36651
1589,BSCC_STU01589,0.0,0.0,0.0,0.0,0.0,0.0,0.0,0.0,1.0,,,,,BSCC,2025-10-28 15:47:53,36620
1590,BSCC_STU01590,0.0,0.0,0.0,0.0,0.0,0.0,0.0,0.0,1.0,,,,,BSCC,2025-10-28 15:47:53,36694
1591,BSCC_STU01591,0.0,3.0,0.0,3.0,1.0,0.0,1.0,0.0,0.0,,,,,BSCC,2025-10-28 15:47:53,36633
1592,BSCC_STU01592,0.0,0.0,0.0,0.0,0.0,0.0,0.0,0.0,1.0,,,,,BSCC,2025-10-28 15:47:53,36623
1593,BSCC_STU01593,0.0,0.0,0.0,0.0,0.0,0.0,0.0,0.0,0.0,,,,,BSCC,2025-10-28 15:47:53,36653
1594,BSCC_STU01594,0.0,0.0,0.0,0.0,4.0,0.0,4.0,0.0,0.0,,,,,BSCC,2025-10-28 15:47:53,36658
1595,BSCC_STU01595,0.0,0.0,0.0,0.0,0.0,0.0,0.0,0.0,-1.0,,,,,BSCC,2025-10-28 15:47:53,36560
1596,BSCC_STU01596,0.0,0.0,0.0,0.0,0.0,2.0,0.0,2.0,-1.0,GA,Master's Colleges and Universities,Master's Colleges and Universities,Town/Rural,BSCC,2025-10-28 15:47:53,36663
1597,BSCC_STU01597,0.0,0.0,0.0,0.0,0.0,0.0,0.0,0.0,-1.0,,,,,BSCC,2025-10-28 15:47:53,36674
1598,BSCC_STU01598,0.0,0.0,0.0,0.0,0.0,0.0,0.0,0.0,0.0,,,,,BSCC,2025-10-28 15:47:53,36606
1599,BSCC_STU01599,0.0,0.0,0.0,0.0,0.0,0.0,0.0,0.0,0.0,,,,,BSCC,2025-10-28 15:47:53,36646
1600,BSCC_STU01600,0.0,0.0,0.0,0.0,0.0,0.0,0.0,0.0,0.0,,,,,BSCC,2025-10-28 15:47:53,36669
1601,BSCC_STU01601,0.0,0.0,0.0,0.0,0.0,0.0,0.0,0.0,1.0,,,,,BSCC,2025-10-28 15:47:53,36693
1602,BSCC_STU01602,0.0,0.0,0.0,0.0,0.0,0.0,0.0,0.0,-1.0,,,,,BSCC,2025-10-28 15:47:53,36654
1603,BSCC_STU01603,0.0,0.0,0.0,0.0,0.0,0.0,0.0,0.0,0.0,,,,,BSCC,2025-10-28 15:47:53,36649
1604,BSCC_STU01604,0.0,0.0,0.0,0.0,0.0,0.0,0.0,0.0,0.0,,,,,BSCC,2025-10-28 15:47:53,36650
1605,BSCC_STU01605,0.0,0.0,0.0,0.0,0.0,0.0,0.0,0.0,-1.0,,,,,BSCC,2025-10-28 15:47:53,36649
1606,BSCC_STU01606,0.0,0.0,0.0,0.0,1.0,0.0,1.0,0.0,1.0,,,,,BSCC,2025-10-28 15:47:53,36630
1607,BSCC_STU01607,0.0,0.0,0.0,0.0,0.0,0.0,0.0,0.0,0.0,,,,,BSCC,2025-10-28 15:47:53,36608
1608,BSCC_STU01608,0.0,0.0,0.0,0.0,0.0,0.0,0.0,0.0,0.0,,,,,BSCC,2025-10-28 15:47:53,36676
1609,BSCC_STU01609,0.0,0.0,0.0,0.0,0.0,0.0,0.0,0.0,0.0,,,,,BSCC,2025-10-28 15:47:53,36671
1610,BSCC_STU01610,0.0,0.0,0.0,0.0,0.0,0.0,0.0,0.0,-1.0,,,,,BSCC,2025-10-28 15:47:53,36652
1611,BSCC_STU01611,0.0,0.0,0.0,0.0,0.0,0.0,0.0,0.0,-1.0,,,,,BSCC,2025-10-28 15:47:53,36620
1612,BSCC_STU01612,0.0,0.0,0.0,0.0,0.0,0.0,0.0,0.0,-1.0,,,,,BSCC,2025-10-28 15:47:53,36601
1613,BSCC_STU01613,0.0,0.0,0.0,0.0,0.0,0.0,0.0,0.0,0.0,,,,,BSCC,2025-10-28 15:47:53,36630
1614,BSCC_STU01614,0.0,0.0,0.0,0.0,0.0,0.0,0.0,0.0,-1.0,,,,,BSCC,2025-10-28 15:47:53,36692
1615,BSCC_STU01615,0.0,0.0,0.0,0.0,4.0,0.0,4.0,0.0,-1.0,,,,,BSCC,2025-10-28 15:47:53,36613
1616,BSCC_STU01616,0.0,0.0,0.0,0.0,0.0,0.0,0.0,0.0,-1.0,,,,,BSCC,2025-10-28 15:47:53,36691
1617,BSCC_STU01617,0.0,0.0,0.0,0.0,0.0,0.0,0.0,0.0,0.0,,,,,BSCC,2025-10-28 15:47:53,36525
1618,BSCC_STU01618,0.0,0.0,0.0,0.0,0.0,0.0,0.0,0.0,1.0,,,,,BSCC,2025-10-28 15:47:53,36524
1619,BSCC_STU01619,0.0,0.0,0.0,0.0,0.0,0.0,0.0,0.0,0.0,,,,,BSCC,2025-10-28 15:47:53,36674
1620,BSCC_STU01620,0.0,0.0,0.0,0.0,0.0,0.0,0.0,0.0,1.0,,,,,BSCC,2025-10-28 15:47:53,36665
1621,BSCC_STU01621,0.0,0.0,0.0,0.0,0.0,0.0,0.0,0.0,-1.0,,,,,BSCC,2025-10-28 15:47:53,36614
1622,BSCC_STU01622,0.0,0.0,0.0,0.0,0.0,0.0,0.0,0.0,-1.0,,,,,BSCC,2025-10-28 15:47:53,36630
1623,BSCC_STU01623,0.0,0.0,0.0,0.0,0.0,0.0,0.0,0.0,-1.0,,,,,BSCC,2025-10-28 15:47:53,36604
1624,BSCC_STU01624,0.0,4.0,0.0,4.0,3.0,0.0,3.0,0.0,0.0,,,,,BSCC,2025-10-28 15:47:53,36670
1625,BSCC_STU01625,0.0,0.0,0.0,0.0,0.0,0.0,0.0,0.0,-1.0,,,,,BSCC,2025-10-28 15:47:53,36636
1626,BSCC_STU01626,0.0,0.0,0.0,0.0,0.0,0.0,0.0,0.0,0.0,,,,,BSCC,2025-10-28 15:47:53,36676
1627,BSCC_STU01627,0.0,0.0,0.0,0.0,3.0,0.0,3.0,0.0,1.0,,,,,BSCC,2025-10-28 15:47:53,36524
1628,BSCC_STU01628,0.0,0.0,0.0,0.0,0.0,0.0,0.0,0.0,0.0,,,,,BSCC,2025-10-28 15:47:53,36623
1629,BSCC_STU01629,0.0,0.0,0.0,0.0,0.0,0.0,0.0,0.0,1.0,,,,,BSCC,2025-10-28 15:47:53,36670
1630,BSCC_STU01630,0.0,0.0,0.0,0.0,0.0,0.0,0.0,0.0,1.0,,,,,BSCC,2025-10-28 15:47:53,36636
1631,BSCC_STU01631,0.0,0.0,0.0,0.0,0.0,0.0,0.0,0.0,-1.0,,,,,BSCC,2025-10-28 15:47:53,36640
1632,BSCC_STU01632,0.0,0.0,0.0,0.0,0.0,0.0,0.0,0.0,1.0,,,,,BSCC,2025-10-28 15:47:53,36682
1633,BSCC_STU01633,0.0,0.0,0.0,0.0,0.0,0.0,0.0,0.0,0.0,,,,,BSCC,2025-10-28 15:47:53,36678
1634,BSCC_STU01634,0.0,0.0,0.0,0.0,0.0,0.0,0.0,0.0,-1.0,,,,,BSCC,2025-10-28 15:47:53,36571
1635,BSCC_STU01635,0.0,0.0,0.0,0.0,2.0,0.0,2.0,0.0,0.0,,,,,BSCC,2025-10-28 15:47:53,36609
1636,BSCC_STU01636,0.0,0.0,0.0,0.0,0.0,0.0,0.0,0.0,0.0,,,,,BSCC,2025-10-28 15:47:53,36660
1637,BSCC_STU01637,0.0,0.0,0.0,0.0,0.0,0.0,0.0,0.0,0.0,,,,,BSCC,2025-10-28 15:47:53,36607
1638,BSCC_STU01638,0.0,3.0,0.0,3.0,0.0,2.0,0.0,2.0,-1.0,FL,Associate's Colleges,Associate's Colleges,Suburb,BSCC,2025-10-28 15:47:53,36640
1639,BSCC_STU01639,0.0,0.0,0.0,0.0,5.0,0.0,5.0,0.0,1.0,,,,,BSCC,2025-10-28 15:47:53,36607
1640,BSCC_STU01640,0.0,0.0,0.0,0.0,4.0,0.0,4.0,0.0,0.0,,,,,BSCC,2025-10-28 15:47:53,36625
1641,BSCC_STU01641,0.0,0.0,0.0,0.0,0.0,0.0,0.0,0.0,0.0,,,,,BSCC,2025-10-28 15:47:53,36604
1642,BSCC_STU01642,0.0,0.0,0.0,0.0,0.0,0.0,0.0,0.0,1.0,,,,,BSCC,2025-10-28 15:47:53,36630
1643,BSCC_STU01643,0.0,0.0,0.0,0.0,3.0,0.0,3.0,0.0,0.0,,,,,BSCC,2025-10-28 15:47:53,36610
1644,BSCC_STU01644,0.0,4.0,0.0,4.0,4.0,0.0,4.0,0.0,0.0,,,,,BSCC,2025-10-28 15:47:53,36653
1645,BSCC_STU01645,0.0,0.0,0.0,0.0,0.0,0.0,0.0,0.0,0.0,,,,,BSCC,2025-10-28 15:47:53,36636
1646,BSCC_STU01646,0.0,0.0,0.0,0.0,3.0,0.0,3.0,0.0,-1.0,,,,,BSCC,2025-10-28 15:47:53,36673
1647,BSCC_STU01647,0.0,0.0,0.0,0.0,0.0,0.0,0.0,0.0,-1.0,,,,,BSCC,2025-10-28 15:47:53,36652
1648,BSCC_STU01648,0.0,0.0,0.0,0.0,0.0,0.0,0.0,0.0,0.0,,,,,BSCC,2025-10-28 15:47:53,36656
1649,BSCC_STU01649,0.0,0.0,0.0,0.0,0.0,0.0,0.0,0.0,-1.0,,,,,BSCC,2025-10-28 15:47:53,36671
1650,BSCC_STU01650,0.0,0.0,0.0,0.0,0.0,0.0,0.0,0.0,0.0,,,,,BSCC,2025-10-28 15:47:53,36683
1651,BSCC_STU01651,0.0,0.0,0.0,0.0,2.0,0.0,2.0,0.0,-1.0,,,,,BSCC,2025-10-28 15:47:53,36604
1652,BSCC_STU01652,0.0,0.0,0.0,0.0,0.0,0.0,0.0,0.0,1.0,,,,,BSCC,2025-10-28 15:47:53,36612
1653,BSCC_STU01653,0.0,0.0,0.0,0.0,4.0,0.0,4.0,0.0,1.0,,,,,BSCC,2025-10-28 15:47:53,36618
1654,BSCC_STU01654,0.0,0.0,0.0,0.0,0.0,0.0,0.0,0.0,1.0,,,,,BSCC,2025-10-28 15:47:53,36645
1655,BSCC_STU01655,0.0,0.0,0.0,0.0,4.0,0.0,4.0,0.0,-1.0,,,,,BSCC,2025-10-28 15:47:53,36651
1656,BSCC_STU01656,0.0,0.0,0.0,0.0,0.0,0.0,0.0,0.0,0.0,,,,,BSCC,2025-10-28 15:47:53,36615
1657,BSCC_STU01657,0.0,0.0,0.0,0.0,0.0,0.0,0.0,0.0,1.0,,,,,BSCC,2025-10-28 15:47:53,36630
1658,BSCC_STU01658,0.0,0.0,0.0,0.0,0.0,0.0,0.0,0.0,0.0,,,,,BSCC,2025-10-28 15:47:53,36673
1659,BSCC_STU01659,0.0,0.0,0.0,0.0,0.0,0.0,0.0,0.0,1.0,,,,,BSCC,2025-10-28 15:47:53,36602
1660,BSCC_STU01660,0.0,0.0,0.0,0.0,0.0,0.0,0.0,0.0,1.0,,,,,BSCC,2025-10-28 15:47:53,36620
1661,BSCC_STU01661,0.0,0.0,0.0,0.0,0.0,0.0,0.0,0.0,0.0,,,,,BSCC,2025-10-28 15:47:53,36619
1662,BSCC_STU01662,0.0,0.0,0.0,0.0,0.0,0.0,0.0,0.0,1.0,,,,,BSCC,2025-10-28 15:47:53,36610
1663,BSCC_STU01663,0.0,0.0,0.0,0.0,0.0,0.0,0.0,0.0,-1.0,,,,,BSCC,2025-10-28 15:47:53,36587
1664,BSCC_STU01664,0.0,0.0,0.0,0.0,0.0,0.0,0.0,0.0,-1.0,,,,,BSCC,2025-10-28 15:47:53,36616
1665,BSCC_STU01665,0.0,0.0,0.0,0.0,0.0,0.0,0.0,0.0,0.0,,,,,BSCC,2025-10-28 15:47:53,36649
1666,BSCC_STU01666,0.0,0.0,0.0,0.0,2.0,0.0,2.0,0.0,-1.0,,,,,BSCC,2025-10-28 15:47:53,36683
1667,BSCC_STU01667,0.0,0.0,0.0,0.0,0.0,0.0,0.0,0.0,-1.0,,,,,BSCC,2025-10-28 15:47:53,36644
1668,BSCC_STU01668,0.0,0.0,0.0,0.0,0.0,0.0,0.0,0.0,-1.0,,,,,BSCC,2025-10-28 15:47:53,36675
1669,BSCC_STU01669,0.0,0.0,0.0,0.0,0.0,0.0,0.0,0.0,-1.0,,,,,BSCC,2025-10-28 15:47:53,36648
1670,BSCC_STU01670,0.0,0.0,0.0,0.0,0.0,0.0,0.0,0.0,0.0,,,,,BSCC,2025-10-28 15:47:53,36659
1671,BSCC_STU01671,0.0,0.0,0.0,0.0,0.0,0.0,0.0,0.0,1.0,,,,,BSCC,2025-10-28 15:47:53,36666
1672,BSCC_STU01672,0.0,4.0,0.0,4.0,4.0,0.0,4.0,0.0,0.0,,,,,BSCC,2025-10-28 15:47:53,36653
1673,BSCC_STU01673,0.0,0.0,0.0,0.0,0.0,0.0,0.0,0.0,1.0,,,,,BSCC,2025-10-28 15:47:53,36671
1674,BSCC_STU01674,0.0,0.0,0.0,0.0,3.0,0.0,3.0,0.0,0.0,,,,,BSCC,2025-10-28 15:47:53,36635
1675,BSCC_STU01675,0.0,0.0,0.0,0.0,0.0,0.0,0.0,0.0,0.0,,,,,BSCC,2025-10-28 15:47:53,36560
1676,BSCC_STU01676,0.0,0.0,0.0,0.0,0.0,0.0,0.0,0.0,0.0,,,,,BSCC,2025-10-28 15:47:53,36663
1677,BSCC_STU01677,0.0,0.0,0.0,0.0,0.0,0.0,0.0,0.0,-1.0,,,,,BSCC,2025-10-28 15:47:53,36679
1678,BSCC_STU01678,0.0,0.0,0.0,0.0,0.0,0.0,0.0,0.0,-1.0,,,,,BSCC,2025-10-28 15:47:53,36605
1679,BSCC_STU01679,0.0,0.0,0.0,0.0,0.0,0.0,0.0,0.0,0.0,,,,,BSCC,2025-10-28 15:47:53,36660
1680,BSCC_STU01680,0.0,0.0,0.0,0.0,0.0,0.0,0.0,0.0,1.0,,,,,BSCC,2025-10-28 15:47:53,36693
1681,BSCC_STU01681,0.0,0.0,0.0,0.0,0.0,0.0,0.0,0.0,0.0,,,,,BSCC,2025-10-28 15:47:53,36689
1682,BSCC_STU01682,0.0,0.0,0.0,0.0,0.0,0.0,0.0,0.0,1.0,,,,,BSCC,2025-10-28 15:47:53,36611
1683,BSCC_STU01683,0.0,0.0,0.0,0.0,0.0,0.0,0.0,0.0,-1.0,,,,,BSCC,2025-10-28 15:47:53,36639
1684,BSCC_STU01684,0.0,0.0,0.0,0.0,1.0,0.0,1.0,0.0,0.0,,,,,BSCC,2025-10-28 15:47:53,36666
1685,BSCC_STU01685,0.0,0.0,0.0,0.0,0.0,0.0,0.0,0.0,0.0,,,,,BSCC,2025-10-28 15:47:53,36604
1686,BSCC_STU01686,0.0,0.0,0.0,0.0,0.0,0.0,0.0,0.0,0.0,,,,,BSCC,2025-10-28 15:47:53,36629
1687,BSCC_STU01687,0.0,0.0,0.0,0.0,0.0,0.0,0.0,0.0,1.0,,,,,BSCC,2025-10-28 15:47:53,36677
1688,BSCC_STU01688,0.0,0.0,0.0,0.0,0.0,0.0,0.0,0.0,0.0,,,,,BSCC,2025-10-28 15:47:53,36545
1689,BSCC_STU01689,0.0,0.0,0.0,0.0,0.0,0.0,0.0,0.0,1.0,,,,,BSCC,2025-10-28 15:47:53,36646
1690,BSCC_STU01690,0.0,0.0,0.0,0.0,0.0,0.0,0.0,0.0,0.0,,,,,BSCC,2025-10-28 15:47:53,36683
1691,BSCC_STU01691,0.0,0.0,0.0,0.0,0.0,2.0,0.0,2.0,-1.0,AL,Master's Colleges and Universities,Master's Colleges and Universities,Town/Rural,BSCC,2025-10-28 15:47:53,36613
1692,BSCC_STU01692,0.0,0.0,0.0,0.0,0.0,0.0,0.0,0.0,0.0,,,,,BSCC,2025-10-28 15:47:53,36619
1693,BSCC_STU01693,0.0,0.0,0.0,0.0,0.0,0.0,0.0,0.0,1.0,,,,,BSCC,2025-10-28 15:47:53,36545
1694,BSCC_STU01694,0.0,0.0,0.0,0.0,0.0,0.0,0.0,0.0,1.0,,,,,BSCC,2025-10-28 15:47:53,36690
1695,BSCC_STU01695,0.0,0.0,0.0,0.0,0.0,0.0,0.0,0.0,-1.0,,,,,BSCC,2025-10-28 15:47:53,36604
1696,BSCC_STU01696,0.0,0.0,0.0,0.0,2.0,0.0,2.0,0.0,-1.0,,,,,BSCC,2025-10-28 15:47:53,36681
1697,BSCC_STU01697,0.0,0.0,0.0,0.0,0.0,0.0,0.0,0.0,0.0,,,,,BSCC,2025-10-28 15:47:53,36649
1698,BSCC_STU01698,0.0,0.0,0.0,0.0,2.0,0.0,2.0,0.0,0.0,,,,,BSCC,2025-10-28 15:47:53,36524
1699,BSCC_STU01699,0.0,0.0,0.0,0.0,0.0,0.0,0.0,0.0,-1.0,,,,,BSCC,2025-10-28 15:47:53,36649
1700,BSCC_STU01700,0.0,0.0,0.0,0.0,0.0,0.0,0.0,0.0,1.0,,,,,BSCC,2025-10-28 15:47:53,36673
1701,BSCC_STU01701,0.0,0.0,0.0,0.0,0.0,0.0,0.0,0.0,-1.0,,,,,BSCC,2025-10-28 15:47:53,36656
1702,BSCC_STU01702,0.0,0.0,0.0,0.0,0.0,0.0,0.0,0.0,1.0,,,,,BSCC,2025-10-28 15:47:53,36679
1703,BSCC_STU01703,0.0,4.0,0.0,4.0,3.0,0.0,3.0,0.0,-1.0,,,,,BSCC,2025-10-28 15:47:53,36654
1704,BSCC_STU01704,0.0,0.0,0.0,0.0,0.0,0.0,0.0,0.0,1.0,,,,,BSCC,2025-10-28 15:47:53,36674
1705,BSCC_STU01705,0.0,0.0,0.0,0.0,0.0,0.0,0.0,0.0,1.0,,,,,BSCC,2025-10-28 15:47:53,36637
1706,BSCC_STU01706,0.0,0.0,0.0,0.0,3.0,0.0,3.0,0.0,0.0,,,,,BSCC,2025-10-28 15:47:53,36668
1707,BSCC_STU01707,0.0,0.0,0.0,0.0,0.0,0.0,0.0,0.0,1.0,,,,,BSCC,2025-10-28 15:47:53,36690
1708,BSCC_STU01708,0.0,0.0,0.0,0.0,0.0,0.0,0.0,0.0,-1.0,,,,,BSCC,2025-10-28 15:47:53,36626
1709,BSCC_STU01709,0.0,0.0,0.0,0.0,3.0,0.0,3.0,0.0,-1.0,,,,,BSCC,2025-10-28 15:47:53,36638
1710,BSCC_STU01710,0.0,0.0,0.0,0.0,0.0,0.0,0.0,0.0,1.0,,,,,BSCC,2025-10-28 15:47:53,36690
1711,BSCC_STU01711,0.0,0.0,0.0,0.0,0.0,0.0,0.0,0.0,1.0,,,,,BSCC,2025-10-28 15:47:53,36615
1712,BSCC_STU01712,0.0,0.0,0.0,0.0,0.0,0.0,0.0,0.0,0.0,,,,,BSCC,2025-10-28 15:47:53,36643
1713,BSCC_STU01713,0.0,0.0,0.0,0.0,0.0,0.0,0.0,0.0,-1.0,,,,,BSCC,2025-10-28 15:47:53,36607
1714,BSCC_STU01714,0.0,4.0,0.0,4.0,5.0,0.0,5.0,0.0,-1.0,,,,,BSCC,2025-10-28 15:47:53,36652
1715,BSCC_STU01715,0.0,0.0,0.0,0.0,0.0,0.0,0.0,0.0,1.0,,,,,BSCC,2025-10-28 15:47:53,36658
1716,BSCC_STU01716,0.0,0.0,0.0,0.0,0.0,0.0,0.0,0.0,0.0,,,,,BSCC,2025-10-28 15:47:53,36652
1717,BSCC_STU01717,0.0,0.0,0.0,0.0,0.0,0.0,0.0,0.0,0.0,,,,,BSCC,2025-10-28 15:47:53,36655
1718,BSCC_STU01718,0.0,0.0,0.0,0.0,0.0,0.0,0.0,0.0,1.0,,,,,BSCC,2025-10-28 15:47:53,36661
1719,BSCC_STU01719,0.0,0.0,0.0,0.0,0.0,3.0,0.0,3.0,1.0,FL,Master's Colleges and Universities,Master's Colleges and Universities,Suburb,BSCC,2025-10-28 15:47:53,36670
1720,BSCC_STU01720,0.0,0.0,0.0,0.0,0.0,0.0,0.0,0.0,-1.0,,,,,BSCC,2025-10-28 15:47:53,36671
1721,BSCC_STU01721,0.0,0.0,0.0,0.0,0.0,0.0,0.0,0.0,0.0,,,,,BSCC,2025-10-28 15:47:53,36609
1722,BSCC_STU01722,0.0,0.0,0.0,0.0,0.0,0.0,0.0,0.0,-1.0,,,,,BSCC,2025-10-28 15:47:53,36661
1723,BSCC_STU01723,0.0,0.0,0.0,0.0,2.0,0.0,2.0,0.0,-1.0,,,,,BSCC,2025-10-28 15:47:53,36540
1724,BSCC_STU01724,0.0,0.0,0.0,0.0,0.0,0.0,0.0,0.0,-1.0,,,,,BSCC,2025-10-28 15:47:53,36638
1725,BSCC_STU01725,0.0,0.0,0.0,0.0,0.0,0.0,0.0,0.0,0.0,,,,,BSCC,2025-10-28 15:47:53,36613
1726,BSCC_STU01726,0.0,0.0,0.0,0.0,0.0,0.0,0.0,0.0,0.0,,,,,BSCC,2025-10-28 15:47:53,36652
1727,BSCC_STU01727,0.0,0.0,0.0,0.0,0.0,0.0,0.0,0.0,0.0,,,,,BSCC,2025-10-28 15:47:53,36679
1728,BSCC_STU01728,0.0,0.0,0.0,0.0,0.0,0.0,0.0,0.0,1.0,,,,,BSCC,2025-10-28 15:47:53,36626
1729,BSCC_STU01729,0.0,0.0,0.0,0.0,0.0,0.0,0.0,0.0,1.0,,,,,BSCC,2025-10-28 15:47:53,36647
1730,BSCC_STU01730,0.0,0.0,0.0,0.0,0.0,0.0,0.0,0.0,1.0,,,,,BSCC,2025-10-28 15:47:53,36691
1731,BSCC_STU01731,0.0,0.0,0.0,0.0,0.0,0.0,0.0,0.0,0.0,,,,,BSCC,2025-10-28 15:47:53,36627
1732,BSCC_STU01732,0.0,0.0,0.0,0.0,0.0,0.0,0.0,0.0,0.0,,,,,BSCC,2025-10-28 15:47:53,36653
1733,BSCC_STU01733,0.0,0.0,0.0,0.0,0.0,0.0,0.0,0.0,-1.0,,,,,BSCC,2025-10-28 15:47:53,36619
1734,BSCC_STU01734,0.0,0.0,0.0,0.0,0.0,0.0,0.0,0.0,1.0,,,,,BSCC,2025-10-28 15:47:53,36638
1735,BSCC_STU01735,0.0,0.0,0.0,0.0,0.0,0.0,0.0,0.0,-1.0,,,,,BSCC,2025-10-28 15:47:53,36612
1736,BSCC_STU01736,0.0,0.0,0.0,0.0,0.0,0.0,0.0,0.0,-1.0,,,,,BSCC,2025-10-28 15:47:53,36694
1737,BSCC_STU01737,0.0,0.0,0.0,0.0,0.0,3.0,0.0,3.0,0.0,TN,Associate's Colleges,Associate's Colleges,Suburb,BSCC,2025-10-28 15:47:53,36608
1738,BSCC_STU01738,0.0,0.0,0.0,0.0,0.0,0.0,0.0,0.0,0.0,,,,,BSCC,2025-10-28 15:47:53,36609
1739,BSCC_STU01739,0.0,0.0,0.0,0.0,0.0,0.0,0.0,0.0,-1.0,,,,,BSCC,2025-10-28 15:47:53,36655
1740,BSCC_STU01740,0.0,0.0,0.0,0.0,0.0,0.0,0.0,0.0,0.0,,,,,BSCC,2025-10-28 15:47:53,36545
1741,BSCC_STU01741,0.0,0.0,0.0,0.0,0.0,0.0,0.0,0.0,1.0,,,,,BSCC,2025-10-28 15:47:53,36678
1742,BSCC_STU01742,0.0,0.0,0.0,0.0,0.0,0.0,0.0,0.0,1.0,,,,,BSCC,2025-10-28 15:47:53,36653
1743,BSCC_STU01743,0.0,0.0,0.0,0.0,0.0,0.0,0.0,0.0,0.0,,,,,BSCC,2025-10-28 15:47:53,36670
1744,BSCC_STU01744,0.0,0.0,0.0,0.0,0.0,0.0,0.0,0.0,0.0,,,,,BSCC,2025-10-28 15:47:53,36624
1745,BSCC_STU01745,0.0,0.0,0.0,0.0,0.0,0.0,0.0,0.0,1.0,,,,,BSCC,2025-10-28 15:47:53,36675
1746,BSCC_STU01746,0.0,0.0,0.0,0.0,0.0,0.0,0.0,0.0,-1.0,,,,,BSCC,2025-10-28 15:47:53,36604
1747,BSCC_STU01747,0.0,0.0,0.0,0.0,0.0,3.0,0.0,3.0,1.0,FL,Associate's Colleges,Associate's Colleges,Town/Rural,BSCC,2025-10-28 15:47:53,36616
1748,BSCC_STU01748,0.0,0.0,0.0,0.0,3.0,0.0,3.0,0.0,-1.0,,,,,BSCC,2025-10-28 15:47:53,36657
1749,BSCC_STU01749,0.0,0.0,0.0,0.0,0.0,0.0,0.0,0.0,0.0,,,,,BSCC,2025-10-28 15:47:53,36607
1750,BSCC_STU01750,0.0,0.0,0.0,0.0,0.0,0.0,0.0,0.0,0.0,,,,,BSCC,2025-10-28 15:47:53,36609
1751,BSCC_STU01751,0.0,0.0,0.0,0.0,0.0,0.0,0.0,0.0,0.0,,,,,BSCC,2025-10-28 15:47:53,36627
1752,BSCC_STU01752,0.0,0.0,0.0,0.0,0.0,0.0,0.0,0.0,0.0,,,,,BSCC,2025-10-28 15:47:53,36658
1753,BSCC_STU01753,0.0,0.0,0.0,0.0,0.0,0.0,0.0,0.0,-1.0,,,,,BSCC,2025-10-28 15:47:53,36651
1754,BSCC_STU01754,0.0,0.0,0.0,0.0,0.0,0.0,0.0,0.0,-1.0,,,,,BSCC,2025-10-28 15:47:53,36633
1755,BSCC_STU01755,0.0,0.0,0.0,0.0,0.0,0.0,0.0,0.0,1.0,,,,,BSCC,2025-10-28 15:47:53,36686
1756,BSCC_STU01756,0.0,0.0,0.0,0.0,0.0,0.0,0.0,0.0,0.0,,,,,BSCC,2025-10-28 15:47:53,36651
1757,BSCC_STU01757,0.0,0.0,0.0,0.0,0.0,0.0,0.0,0.0,0.0,,,,,BSCC,2025-10-28 15:47:53,36632
1758,BSCC_STU01758,0.0,0.0,0.0,0.0,0.0,0.0,0.0,0.0,-1.0,,,,,BSCC,2025-10-28 15:47:53,36669
1759,BSCC_STU01759,0.0,0.0,0.0,0.0,0.0,4.0,0.0,4.0,1.0,FL,Associate's Colleges,Associate's Colleges,Urban,BSCC,2025-10-28 15:47:53,36607
1760,BSCC_STU01760,0.0,0.0,0.0,0.0,4.0,0.0,4.0,0.0,-1.0,,,,,BSCC,2025-10-28 15:47:53,36618
1761,BSCC_STU01761,0.0,0.0,0.0,0.0,0.0,0.0,0.0,0.0,0.0,,,,,BSCC,2025-10-28 15:47:53,36630
1762,BSCC_STU01762,0.0,0.0,0.0,0.0,0.0,0.0,0.0,0.0,-1.0,,,,,BSCC,2025-10-28 15:47:53,36615
1763,BSCC_STU01763,0.0,0.0,0.0,0.0,0.0,0.0,0.0,0.0,0.0,,,,,BSCC,2025-10-28 15:47:53,36615
1764,BSCC_STU01764,0.0,0.0,0.0,0.0,0.0,0.0,0.0,0.0,-1.0,,,,,BSCC,2025-10-28 15:47:53,36611
1765,BSCC_STU01765,0.0,0.0,0.0,0.0,0.0,0.0,0.0,0.0,-1.0,,,,,BSCC,2025-10-28 15:47:53,36618
1766,BSCC_STU01766,0.0,0.0,0.0,0.0,0.0,0.0,0.0,0.0,1.0,,,,,BSCC,2025-10-28 15:47:53,36693
1767,BSCC_STU01767,0.0,0.0,0.0,0.0,0.0,0.0,0.0,0.0,0.0,,,,,BSCC,2025-10-28 15:47:53,36651
1768,BSCC_STU01768,0.0,0.0,0.0,0.0,0.0,0.0,0.0,0.0,-1.0,,,,,BSCC,2025-10-28 15:47:53,36524
1769,BSCC_STU01769,0.0,0.0,0.0,0.0,0.0,0.0,0.0,0.0,-1.0,,,,,BSCC,2025-10-28 15:47:53,36623
1770,BSCC_STU01770,0.0,0.0,0.0,0.0,0.0,0.0,0.0,0.0,-1.0,,,,,BSCC,2025-10-28 15:47:53,36678
1771,BSCC_STU01771,0.0,0.0,0.0,0.0,0.0,0.0,0.0,0.0,0.0,,,,,BSCC,2025-10-28 15:47:53,36545
1772,BSCC_STU01772,0.0,0.0,0.0,0.0,0.0,0.0,0.0,0.0,1.0,,,,,BSCC,2025-10-28 15:47:53,36667
1773,BSCC_STU01773,0.0,0.0,0.0,0.0,0.0,0.0,0.0,0.0,-1.0,,,,,BSCC,2025-10-28 15:47:53,36616
1774,BSCC_STU01774,0.0,0.0,0.0,0.0,0.0,0.0,0.0,0.0,1.0,,,,,BSCC,2025-10-28 15:47:53,36628
1775,BSCC_STU01775,0.0,0.0,0.0,0.0,0.0,0.0,0.0,0.0,1.0,,,,,BSCC,2025-10-28 15:47:53,36630
1776,BSCC_STU01776,0.0,0.0,0.0,0.0,0.0,0.0,0.0,0.0,-1.0,,,,,BSCC,2025-10-28 15:47:53,36646
1777,BSCC_STU01777,0.0,0.0,0.0,0.0,0.0,0.0,0.0,0.0,0.0,,,,,BSCC,2025-10-28 15:47:53,36601
1778,BSCC_STU01778,0.0,0.0,0.0,0.0,0.0,0.0,0.0,0.0,0.0,,,,,BSCC,2025-10-28 15:47:53,36665
1779,BSCC_STU01779,0.0,0.0,0.0,0.0,0.0,0.0,0.0,0.0,0.0,,,,,BSCC,2025-10-28 15:47:53,36631
1780,BSCC_STU01780,0.0,0.0,0.0,0.0,0.0,0.0,0.0,0.0,1.0,,,,,BSCC,2025-10-28 15:47:53,36640
1781,BSCC_STU01781,0.0,0.0,0.0,0.0,0.0,0.0,0.0,0.0,0.0,,,,,BSCC,2025-10-28 15:47:53,36525
1782,BSCC_STU01782,0.0,0.0,0.0,0.0,0.0,0.0,0.0,0.0,0.0,,,,,BSCC,2025-10-28 15:47:53,36632
1783,BSCC_STU01783,0.0,0.0,0.0,0.0,0.0,0.0,0.0,0.0,-1.0,,,,,BSCC,2025-10-28 15:47:53,36615
1784,BSCC_STU01784,0.0,0.0,0.0,0.0,0.0,0.0,0.0,0.0,0.0,,,,,BSCC,2025-10-28 15:47:53,36560
1785,BSCC_STU01785,0.0,0.0,0.0,0.0,0.0,0.0,0.0,0.0,0.0,,,,,BSCC,2025-10-28 15:47:53,36677
1786,BSCC_STU01786,0.0,0.0,0.0,0.0,0.0,0.0,0.0,0.0,-1.0,,,,,BSCC,2025-10-28 15:47:53,36652
1787,BSCC_STU01787,0.0,0.0,0.0,0.0,0.0,0.0,0.0,0.0,-1.0,,,,,BSCC,2025-10-28 15:47:53,36627
1788,BSCC_STU01788,0.0,0.0,0.0,0.0,0.0,0.0,0.0,0.0,0.0,,,,,BSCC,2025-10-28 15:47:53,36639
1789,BSCC_STU01789,0.0,0.0,0.0,0.0,3.0,0.0,3.0,0.0,1.0,,,,,BSCC,2025-10-28 15:47:53,36623
1790,BSCC_STU01790,0.0,0.0,0.0,0.0,0.0,0.0,0.0,0.0,-1.0,,,,,BSCC,2025-10-28 15:47:53,36650
1791,BSCC_STU01791,0.0,0.0,0.0,0.0,0.0,0.0,0.0,0.0,0.0,,,,,BSCC,2025-10-28 15:47:53,36663
1792,BSCC_STU01792,0.0,0.0,0.0,0.0,3.0,0.0,3.0,0.0,0.0,,,,,BSCC,2025-10-28 15:47:53,36615
1793,BSCC_STU01793,0.0,0.0,0.0,0.0,0.0,0.0,0.0,0.0,0.0,,,,,BSCC,2025-10-28 15:47:53,36616
1794,BSCC_STU01794,0.0,0.0,0.0,0.0,0.0,0.0,0.0,0.0,1.0,,,,,BSCC,2025-10-28 15:47:53,36662
1795,BSCC_STU01795,0.0,0.0,0.0,0.0,0.0,0.0,0.0,0.0,1.0,,,,,BSCC,2025-10-28 15:47:53,36646
1796,BSCC_STU01796,0.0,0.0,0.0,0.0,0.0,0.0,0.0,0.0,0.0,,,,,BSCC,2025-10-28 15:47:53,36653
1797,BSCC_STU01797,0.0,0.0,0.0,0.0,0.0,0.0,0.0,0.0,0.0,,,,,BSCC,2025-10-28 15:47:53,36524
1798,BSCC_STU01798,0.0,0.0,0.0,0.0,0.0,0.0,0.0,0.0,-1.0,,,,,BSCC,2025-10-28 15:47:53,36683
1799,BSCC_STU01799,0.0,0.0,0.0,0.0,0.0,0.0,0.0,0.0,-1.0,,,,,BSCC,2025-10-28 15:47:53,36664
1800,BSCC_STU01800,0.0,0.0,0.0,0.0,0.0,0.0,0.0,0.0,1.0,,,,,BSCC,2025-10-28 15:47:53,36679
1801,BSCC_STU01801,0.0,0.0,0.0,0.0,0.0,0.0,0.0,0.0,-1.0,,,,,BSCC,2025-10-28 15:47:53,36648
1802,BSCC_STU01802,0.0,0.0,0.0,0.0,0.0,0.0,0.0,0.0,-1.0,,,,,BSCC,2025-10-28 15:47:53,36636
1803,BSCC_STU01803,0.0,0.0,0.0,0.0,0.0,0.0,0.0,0.0,0.0,,,,,BSCC,2025-10-28 15:47:53,36609
1804,BSCC_STU01804,0.0,0.0,0.0,0.0,0.0,0.0,0.0,0.0,0.0,,,,,BSCC,2025-10-28 15:47:53,36691
1805,BSCC_STU01805,0.0,0.0,0.0,0.0,0.0,0.0,0.0,0.0,0.0,,,,,BSCC,2025-10-28 15:47:53,36630
1806,BSCC_STU01806,0.0,0.0,0.0,0.0,0.0,0.0,0.0,0.0,0.0,,,,,BSCC,2025-10-28 15:47:53,36606
1807,BSCC_STU01807,0.0,0.0,0.0,0.0,0.0,0.0,0.0,0.0,-1.0,,,,,BSCC,2025-10-28 15:47:53,36678
1808,BSCC_STU01808,0.0,0.0,0.0,0.0,0.0,0.0,0.0,0.0,0.0,,,,,BSCC,2025-10-28 15:47:53,36609
1809,BSCC_STU01809,0.0,0.0,0.0,0.0,5.0,0.0,5.0,0.0,-1.0,,,,,BSCC,2025-10-28 15:47:53,36684
1810,BSCC_STU01810,0.0,0.0,0.0,0.0,0.0,0.0,0.0,0.0,0.0,,,,,BSCC,2025-10-28 15:47:53,36641
1811,BSCC_STU01811,0.0,0.0,0.0,0.0,0.0,0.0,0.0,0.0,-1.0,,,,,BSCC,2025-10-28 15:47:53,36621
1812,BSCC_STU01812,0.0,0.0,0.0,0.0,5.0,0.0,5.0,0.0,0.0,,,,,BSCC,2025-10-28 15:47:53,36654
1813,BSCC_STU01813,0.0,0.0,0.0,0.0,0.0,0.0,0.0,0.0,-1.0,,,,,BSCC,2025-10-28 15:47:53,36612
1814,BSCC_STU01814,0.0,0.0,0.0,0.0,0.0,0.0,0.0,0.0,1.0,,,,,BSCC,2025-10-28 15:47:53,36679
1815,BSCC_STU01815,0.0,0.0,0.0,0.0,0.0,0.0,0.0,0.0,1.0,,,,,BSCC,2025-10-28 15:47:53,36630
1816,BSCC_STU01816,0.0,0.0,0.0,0.0,0.0,0.0,0.0,0.0,-1.0,,,,,BSCC,2025-10-28 15:47:53,36655
1817,BSCC_STU01817,0.0,4.0,0.0,4.0,0.0,3.0,0.0,3.0,0.0,FL,Associate's Colleges,Associate's Colleges,Suburb,BSCC,2025-10-28 15:47:53,36695
1818,BSCC_STU01818,0.0,0.0,0.0,0.0,0.0,0.0,0.0,0.0,-1.0,,,,,BSCC,2025-10-28 15:47:53,36674
1819,BSCC_STU01819,0.0,0.0,0.0,0.0,0.0,0.0,0.0,0.0,1.0,,,,,BSCC,2025-10-28 15:47:53,36681
1820,BSCC_STU01820,0.0,0.0,0.0,0.0,0.0,0.0,0.0,0.0,1.0,,,,,BSCC,2025-10-28 15:47:53,36616
1821,BSCC_STU01821,0.0,0.0,0.0,0.0,0.0,0.0,0.0,0.0,-1.0,,,,,BSCC,2025-10-28 15:47:53,36683
1822,BSCC_STU01822,0.0,0.0,0.0,0.0,0.0,0.0,0.0,0.0,0.0,,,,,BSCC,2025-10-28 15:47:53,36675
1823,BSCC_STU01823,0.0,0.0,0.0,0.0,0.0,0.0,0.0,0.0,-1.0,,,,,BSCC,2025-10-28 15:47:53,36614
1824,BSCC_STU01824,0.0,0.0,0.0,0.0,0.0,0.0,0.0,0.0,1.0,,,,,BSCC,2025-10-28 15:47:53,36693
1825,BSCC_STU01825,0.0,0.0,0.0,0.0,0.0,0.0,0.0,0.0,1.0,,,,,BSCC,2025-10-28 15:47:53,36642
1826,BSCC_STU01826,0.0,0.0,0.0,0.0,0.0,0.0,0.0,0.0,0.0,,,,,BSCC,2025-10-28 15:47:53,36690
1827,BSCC_STU01827,0.0,0.0,0.0,0.0,0.0,0.0,0.0,0.0,0.0,,,,,BSCC,2025-10-28 15:47:53,36655
1828,BSCC_STU01828,0.0,0.0,0.0,0.0,0.0,0.0,0.0,0.0,-1.0,,,,,BSCC,2025-10-28 15:47:53,36540
1829,BSCC_STU01829,0.0,0.0,0.0,0.0,0.0,0.0,0.0,0.0,1.0,,,,,BSCC,2025-10-28 15:47:53,36657
1830,BSCC_STU01830,0.0,0.0,0.0,0.0,0.0,0.0,0.0,0.0,1.0,,,,,BSCC,2025-10-28 15:47:53,36659
1831,BSCC_STU01831,0.0,0.0,0.0,0.0,0.0,0.0,0.0,0.0,0.0,,,,,BSCC,2025-10-28 15:47:53,36634
1832,BSCC_STU01832,0.0,0.0,0.0,0.0,0.0,0.0,0.0,0.0,0.0,,,,,BSCC,2025-10-28 15:47:53,36658
1833,BSCC_STU01833,0.0,0.0,0.0,0.0,0.0,0.0,0.0,0.0,0.0,,,,,BSCC,2025-10-28 15:47:53,36651
1834,BSCC_STU01834,0.0,0.0,0.0,0.0,0.0,0.0,0.0,0.0,0.0,,,,,BSCC,2025-10-28 15:47:53,36571
1835,BSCC_STU01835,0.0,0.0,0.0,0.0,2.0,0.0,2.0,0.0,1.0,,,,,BSCC,2025-10-28 15:47:53,36571
1836,BSCC_STU01836,0.0,0.0,0.0,0.0,0.0,0.0,0.0,0.0,1.0,,,,,BSCC,2025-10-28 15:47:53,36610
1837,BSCC_STU01837,0.0,0.0,0.0,0.0,0.0,3.0,0.0,3.0,1.0,GA,Master's Colleges and Universities,Master's Colleges and Universities,Urban,BSCC,2025-10-28 15:47:53,36651
1838,BSCC_STU01838,0.0,0.0,0.0,0.0,0.0,0.0,0.0,0.0,0.0,,,,,BSCC,2025-10-28 15:47:53,36605
1839,BSCC_STU01839,0.0,0.0,0.0,0.0,0.0,0.0,0.0,0.0,0.0,,,,,BSCC,2025-10-28 15:47:53,36654
1840,BSCC_STU01840,0.0,0.0,0.0,0.0,0.0,0.0,0.0,0.0,0.0,,,,,BSCC,2025-10-28 15:47:53,36571
1841,BSCC_STU01841,0.0,0.0,0.0,0.0,0.0,0.0,0.0,0.0,-1.0,,,,,BSCC,2025-10-28 15:47:53,36653
1842,BSCC_STU01842,0.0,0.0,0.0,0.0,4.0,0.0,4.0,0.0,1.0,,,,,BSCC,2025-10-28 15:47:53,36609
1843,BSCC_STU01843,0.0,0.0,0.0,0.0,0.0,0.0,0.0,0.0,1.0,,,,,BSCC,2025-10-28 15:47:53,36609
1844,BSCC_STU01844,0.0,0.0,0.0,0.0,0.0,0.0,0.0,0.0,1.0,,,,,BSCC,2025-10-28 15:47:53,36644
1845,BSCC_STU01845,0.0,0.0,0.0,0.0,0.0,0.0,0.0,0.0,0.0,,,,,BSCC,2025-10-28 15:47:53,36571
1846,BSCC_STU01846,0.0,0.0,0.0,0.0,0.0,0.0,0.0,0.0,0.0,,,,,BSCC,2025-10-28 15:47:53,36627
1847,BSCC_STU01847,0.0,0.0,0.0,0.0,0.0,0.0,0.0,0.0,0.0,,,,,BSCC,2025-10-28 15:47:53,36680
1848,BSCC_STU01848,0.0,0.0,0.0,0.0,3.0,0.0,3.0,0.0,-1.0,,,,,BSCC,2025-10-28 15:47:53,36674
1849,BSCC_STU01849,0.0,0.0,0.0,0.0,0.0,0.0,0.0,0.0,0.0,,,,,BSCC,2025-10-28 15:47:53,36540
1850,BSCC_STU01850,0.0,0.0,0.0,0.0,0.0,0.0,0.0,0.0,1.0,,,,,BSCC,2025-10-28 15:47:53,36694
1851,BSCC_STU01851,0.0,0.0,0.0,0.0,0.0,0.0,0.0,0.0,1.0,,,,,BSCC,2025-10-28 15:47:53,36614
1852,BSCC_STU01852,0.0,0.0,0.0,0.0,0.0,0.0,0.0,0.0,-1.0,,,,,BSCC,2025-10-28 15:47:53,36641
1853,BSCC_STU01853,0.0,0.0,0.0,0.0,0.0,0.0,0.0,0.0,-1.0,,,,,BSCC,2025-10-28 15:47:53,36607
1854,BSCC_STU01854,0.0,0.0,0.0,0.0,0.0,0.0,0.0,0.0,0.0,,,,,BSCC,2025-10-28 15:47:53,36647
1855,BSCC_STU01855,0.0,0.0,0.0,0.0,0.0,0.0,0.0,0.0,0.0,,,,,BSCC,2025-10-28 15:47:53,36616
1856,BSCC_STU01856,0.0,0.0,0.0,0.0,0.0,0.0,0.0,0.0,-1.0,,,,,BSCC,2025-10-28 15:47:53,36635
1857,BSCC_STU01857,0.0,0.0,0.0,0.0,0.0,0.0,0.0,0.0,0.0,,,,,BSCC,2025-10-28 15:47:53,36525
1858,BSCC_STU01858,0.0,0.0,0.0,0.0,0.0,0.0,0.0,0.0,-1.0,,,,,BSCC,2025-10-28 15:47:53,36682
1859,BSCC_STU01859,0.0,5.0,0.0,5.0,2.0,0.0,2.0,0.0,0.0,,,,,BSCC,2025-10-28 15:47:53,36602
1860,BSCC_STU01860,0.0,0.0,0.0,0.0,0.0,0.0,0.0,0.0,-1.0,,,,,BSCC,2025-10-28 15:47:53,36604
1861,BSCC_STU01861,0.0,0.0,0.0,0.0,0.0,0.0,0.0,0.0,-1.0,,,,,BSCC,2025-10-28 15:47:53,36643
1862,BSCC_STU01862,0.0,0.0,0.0,0.0,0.0,0.0,0.0,0.0,-1.0,,,,,BSCC,2025-10-28 15:47:53,36623
1863,BSCC_STU01863,0.0,0.0,0.0,0.0,0.0,0.0,0.0,0.0,0.0,,,,,BSCC,2025-10-28 15:47:53,36606
1864,BSCC_STU01864,0.0,0.0,0.0,0.0,0.0,0.0,0.0,0.0,0.0,,,,,BSCC,2025-10-28 15:47:53,36689
1865,BSCC_STU01865,0.0,0.0,0.0,0.0,0.0,0.0,0.0,0.0,0.0,,,,,BSCC,2025-10-28 15:47:53,36645
1866,BSCC_STU01866,0.0,0.0,0.0,0.0,0.0,0.0,0.0,0.0,1.0,,,,,BSCC,2025-10-28 15:47:53,36603
1867,BSCC_STU01867,0.0,0.0,0.0,0.0,0.0,0.0,0.0,0.0,1.0,,,,,BSCC,2025-10-28 15:47:53,36679
1868,BSCC_STU01868,0.0,3.0,0.0,3.0,4.0,0.0,4.0,0.0,1.0,,,,,BSCC,2025-10-28 15:47:53,36694
1869,BSCC_STU01869,0.0,0.0,0.0,0.0,0.0,0.0,0.0,0.0,0.0,,,,,BSCC,2025-10-28 15:47:53,36617
1870,BSCC_STU01870,0.0,0.0,0.0,0.0,0.0,0.0,0.0,0.0,-1.0,,,,,BSCC,2025-10-28 15:47:53,36524
1871,BSCC_STU01871,0.0,0.0,0.0,0.0,0.0,0.0,0.0,0.0,0.0,,,,,BSCC,2025-10-28 15:47:53,36668
1872,BSCC_STU01872,0.0,0.0,0.0,0.0,2.0,0.0,2.0,0.0,0.0,,,,,BSCC,2025-10-28 15:47:53,36694
1873,BSCC_STU01873,0.0,0.0,0.0,0.0,0.0,0.0,0.0,0.0,1.0,,,,,BSCC,2025-10-28 15:47:53,36674
1874,BSCC_STU01874,0.0,0.0,0.0,0.0,0.0,0.0,0.0,0.0,-1.0,,,,,BSCC,2025-10-28 15:47:53,36665
1875,BSCC_STU01875,0.0,0.0,0.0,0.0,0.0,0.0,0.0,0.0,-1.0,,,,,BSCC,2025-10-28 15:47:53,36655
1876,BSCC_STU01876,0.0,0.0,0.0,0.0,0.0,3.0,0.0,3.0,1.0,MS,Associate's Colleges,Associate's Colleges,Urban,BSCC,2025-10-28 15:47:53,36646
1877,BSCC_STU01877,0.0,0.0,0.0,0.0,0.0,0.0,0.0,0.0,0.0,,,,,BSCC,2025-10-28 15:47:53,36540
1878,BSCC_STU01878,0.0,0.0,0.0,0.0,0.0,0.0,0.0,0.0,-1.0,,,,,BSCC,2025-10-28 15:47:53,36622
1879,BSCC_STU01879,0.0,0.0,0.0,0.0,0.0,0.0,0.0,0.0,-1.0,,,,,BSCC,2025-10-28 15:47:53,36636
1880,BSCC_STU01880,0.0,0.0,0.0,0.0,0.0,0.0,0.0,0.0,0.0,,,,,BSCC,2025-10-28 15:47:53,36648
1881,BSCC_STU01881,0.0,0.0,0.0,0.0,0.0,0.0,0.0,0.0,-1.0,,,,,BSCC,2025-10-28 15:47:53,36656
1882,BSCC_STU01882,0.0,0.0,0.0,0.0,0.0,0.0,0.0,0.0,-1.0,,,,,BSCC,2025-10-28 15:47:53,36690
1883,BSCC_STU01883,0.0,0.0,0.0,0.0,0.0,0.0,0.0,0.0,0.0,,,,,BSCC,2025-10-28 15:47:53,36695
1884,BSCC_STU01884,0.0,0.0,0.0,0.0,2.0,0.0,2.0,0.0,1.0,,,,,BSCC,2025-10-28 15:47:53,36672
1885,BSCC_STU01885,0.0,0.0,0.0,0.0,0.0,0.0,0.0,0.0,1.0,,,,,BSCC,2025-10-28 15:47:53,36679
1886,BSCC_STU01886,0.0,0.0,0.0,0.0,0.0,0.0,0.0,0.0,1.0,,,,,BSCC,2025-10-28 15:47:53,36648
1887,BSCC_STU01887,0.0,0.0,0.0,0.0,0.0,0.0,0.0,0.0,-1.0,,,,,BSCC,2025-10-28 15:47:53,36685
1888,BSCC_STU01888,0.0,0.0,0.0,0.0,5.0,0.0,5.0,0.0,1.0,,,,,BSCC,2025-10-28 15:47:53,36685
1889,BSCC_STU01889,0.0,0.0,0.0,0.0,2.0,0.0,2.0,0.0,1.0,,,,,BSCC,2025-10-28 15:47:53,36639
1890,BSCC_STU01890,0.0,0.0,0.0,0.0,0.0,0.0,0.0,0.0,1.0,,,,,BSCC,2025-10-28 15:47:53,36646
1891,BSCC_STU01891,0.0,0.0,0.0,0.0,0.0,0.0,0.0,0.0,1.0,,,,,BSCC,2025-10-28 15:47:53,36651
1892,BSCC_STU01892,0.0,0.0,0.0,0.0,0.0,0.0,0.0,0.0,0.0,,,,,BSCC,2025-10-28 15:47:53,36663
1893,BSCC_STU01893,0.0,0.0,0.0,0.0,0.0,0.0,0.0,0.0,0.0,,,,,BSCC,2025-10-28 15:47:53,36681
1894,BSCC_STU01894,0.0,0.0,0.0,0.0,0.0,0.0,0.0,0.0,1.0,,,,,BSCC,2025-10-28 15:47:53,36639
1895,BSCC_STU01895,0.0,0.0,0.0,0.0,3.0,0.0,3.0,0.0,0.0,,,,,BSCC,2025-10-28 15:47:53,36638
1896,BSCC_STU01896,0.0,0.0,0.0,0.0,0.0,0.0,0.0,0.0,1.0,,,,,BSCC,2025-10-28 15:47:53,36540
1897,BSCC_STU01897,0.0,0.0,0.0,0.0,0.0,0.0,0.0,0.0,0.0,,,,,BSCC,2025-10-28 15:47:53,36615
1898,BSCC_STU01898,0.0,0.0,0.0,0.0,0.0,0.0,0.0,0.0,0.0,,,,,BSCC,2025-10-28 15:47:53,36663
1899,BSCC_STU01899,0.0,0.0,0.0,0.0,0.0,0.0,0.0,0.0,-1.0,,,,,BSCC,2025-10-28 15:47:53,36601
1900,BSCC_STU01900,0.0,0.0,0.0,0.0,0.0,0.0,0.0,0.0,0.0,,,,,BSCC,2025-10-28 15:47:53,36653
1901,BSCC_STU01901,0.0,0.0,0.0,0.0,0.0,0.0,0.0,0.0,-1.0,,,,,BSCC,2025-10-28 15:47:53,36647
1902,BSCC_STU01902,0.0,0.0,0.0,0.0,0.0,0.0,0.0,0.0,1.0,,,,,BSCC,2025-10-28 15:47:53,36676
1903,BSCC_STU01903,0.0,0.0,0.0,0.0,0.0,0.0,0.0,0.0,1.0,,,,,BSCC,2025-10-28 15:47:53,36610
1904,BSCC_STU01904,0.0,0.0,0.0,0.0,0.0,0.0,0.0,0.0,0.0,,,,,BSCC,2025-10-28 15:47:53,36643
1905,BSCC_STU01905,0.0,0.0,0.0,0.0,0.0,0.0,0.0,0.0,0.0,,,,,BSCC,2025-10-28 15:47:53,36636
1906,BSCC_STU01906,0.0,0.0,0.0,0.0,0.0,0.0,0.0,0.0,0.0,,,,,BSCC,2025-10-28 15:47:53,36611
1907,BSCC_STU01907,0.0,0.0,0.0,0.0,0.0,0.0,0.0,0.0,1.0,,,,,BSCC,2025-10-28 15:47:53,36628
1908,BSCC_STU01908,0.0,0.0,0.0,0.0,0.0,0.0,0.0,0.0,0.0,,,,,BSCC,2025-10-28 15:47:53,36610
1909,BSCC_STU01909,0.0,0.0,0.0,0.0,0.0,0.0,0.0,0.0,0.0,,,,,BSCC,2025-10-28 15:47:53,36666
1910,BSCC_STU01910,0.0,0.0,0.0,0.0,0.0,0.0,0.0,0.0,-1.0,,,,,BSCC,2025-10-28 15:47:53,36649
1911,BSCC_STU01911,0.0,0.0,0.0,0.0,0.0,0.0,0.0,0.0,-1.0,,,,,BSCC,2025-10-28 15:47:53,36665
1912,BSCC_STU01912,0.0,0.0,0.0,0.0,0.0,0.0,0.0,0.0,0.0,,,,,BSCC,2025-10-28 15:47:53,36676
1913,BSCC_STU01913,0.0,0.0,0.0,0.0,0.0,0.0,0.0,0.0,0.0,,,,,BSCC,2025-10-28 15:47:53,36693
1914,BSCC_STU01914,0.0,0.0,0.0,0.0,0.0,0.0,0.0,0.0,0.0,,,,,BSCC,2025-10-28 15:47:53,36672
1915,BSCC_STU01915,0.0,0.0,0.0,0.0,0.0,0.0,0.0,0.0,0.0,,,,,BSCC,2025-10-28 15:47:53,36560
1916,BSCC_STU01916,0.0,0.0,0.0,0.0,0.0,0.0,0.0,0.0,-1.0,,,,,BSCC,2025-10-28 15:47:53,36659
1917,BSCC_STU01917,0.0,0.0,0.0,0.0,0.0,0.0,0.0,0.0,-1.0,,,,,BSCC,2025-10-28 15:47:53,36601
1918,BSCC_STU01918,0.0,0.0,0.0,0.0,0.0,0.0,0.0,0.0,1.0,,,,,BSCC,2025-10-28 15:47:53,36620
1919,BSCC_STU01919,0.0,0.0,0.0,0.0,0.0,0.0,0.0,0.0,1.0,,,,,BSCC,2025-10-28 15:47:53,36664
1920,BSCC_STU01920,0.0,0.0,0.0,0.0,0.0,0.0,0.0,0.0,-1.0,,,,,BSCC,2025-10-28 15:47:53,36633
1921,BSCC_STU01921,0.0,0.0,0.0,0.0,0.0,0.0,0.0,0.0,-1.0,,,,,BSCC,2025-10-28 15:47:53,36660
1922,BSCC_STU01922,0.0,0.0,0.0,0.0,0.0,0.0,0.0,0.0,-1.0,,,,,BSCC,2025-10-28 15:47:53,36611
1923,BSCC_STU01923,0.0,0.0,0.0,0.0,0.0,0.0,0.0,0.0,0.0,,,,,BSCC,2025-10-28 15:47:53,36634
1924,BSCC_STU01924,0.0,0.0,0.0,0.0,0.0,0.0,0.0,0.0,0.0,,,,,BSCC,2025-10-28 15:47:53,36603
1925,BSCC_STU01925,0.0,0.0,0.0,0.0,0.0,0.0,0.0,0.0,1.0,,,,,BSCC,2025-10-28 15:47:53,36692
1926,BSCC_STU01926,0.0,0.0,0.0,0.0,0.0,0.0,0.0,0.0,-1.0,,,,,BSCC,2025-10-28 15:47:53,36654
1927,BSCC_STU01927,0.0,0.0,0.0,0.0,3.0,0.0,3.0,0.0,0.0,,,,,BSCC,2025-10-28 15:47:53,36695
1928,BSCC_STU01928,0.0,0.0,0.0,0.0,0.0,0.0,0.0,0.0,-1.0,,,,,BSCC,2025-10-28 15:47:53,36657
1929,BSCC_STU01929,0.0,0.0,0.0,0.0,0.0,0.0,0.0,0.0,0.0,,,,,BSCC,2025-10-28 15:47:53,36609
1930,BSCC_STU01930,0.0,0.0,0.0,0.0,0.0,0.0,0.0,0.0,-1.0,,,,,BSCC,2025-10-28 15:47:53,36637
1931,BSCC_STU01931,0.0,0.0,0.0,0.0,0.0,0.0,0.0,0.0,-1.0,,,,,BSCC,2025-10-28 15:47:53,36603
1932,BSCC_STU01932,0.0,0.0,0.0,0.0,5.0,0.0,5.0,0.0,1.0,,,,,BSCC,2025-10-28 15:47:53,36652
1933,BSCC_STU01933,0.0,0.0,0.0,0.0,0.0,0.0,0.0,0.0,-1.0,,,,,BSCC,2025-10-28 15:47:53,36634
1934,BSCC_STU01934,0.0,0.0,0.0,0.0,0.0,0.0,0.0,0.0,-1.0,,,,,BSCC,2025-10-28 15:47:53,36633
1935,BSCC_STU01935,0.0,0.0,0.0,0.0,0.0,0.0,0.0,0.0,0.0,,,,,BSCC,2025-10-28 15:47:53,36662
1936,BSCC_STU01936,0.0,0.0,0.0,0.0,0.0,0.0,0.0,0.0,1.0,,,,,BSCC,2025-10-28 15:47:53,36680
1937,BSCC_STU01937,0.0,0.0,0.0,0.0,3.0,0.0,3.0,0.0,0.0,,,,,BSCC,2025-10-28 15:47:53,36661
1938,BSCC_STU01938,0.0,3.0,0.0,3.0,3.0,0.0,3.0,0.0,1.0,,,,,BSCC,2025-10-28 15:47:53,36602
1939,BSCC_STU01939,0.0,0.0,0.0,0.0,3.0,0.0,3.0,0.0,0.0,,,,,BSCC,2025-10-28 15:47:53,36635
1940,BSCC_STU01940,0.0,0.0,0.0,0.0,3.0,0.0,3.0,0.0,0.0,,,,,BSCC,2025-10-28 15:47:53,36560
1941,BSCC_STU01941,0.0,0.0,0.0,0.0,0.0,0.0,0.0,0.0,0.0,,,,,BSCC,2025-10-28 15:47:53,36626
1942,BSCC_STU01942,0.0,0.0,0.0,0.0,5.0,0.0,5.0,0.0,-1.0,,,,,BSCC,2025-10-28 15:47:53,36620
1943,BSCC_STU01943,0.0,0.0,0.0,0.0,0.0,0.0,0.0,0.0,1.0,,,,,BSCC,2025-10-28 15:47:53,36686
1944,BSCC_STU01944,0.0,0.0,0.0,0.0,0.0,0.0,0.0,0.0,0.0,,,,,BSCC,2025-10-28 15:47:53,36635
1945,BSCC_STU01945,0.0,0.0,0.0,0.0,0.0,1.0,0.0,1.0,1.0,FL,Master's Colleges and Universities,Master's Colleges and Universities,Urban,BSCC,2025-10-28 15:47:53,36610
1946,BSCC_STU01946,0.0,0.0,0.0,0.0,0.0,0.0,0.0,0.0,1.0,,,,,BSCC,2025-10-28 15:47:53,36653
1947,BSCC_STU01947,0.0,0.0,0.0,0.0,0.0,0.0,0.0,0.0,0.0,,,,,BSCC,2025-10-28 15:47:53,36540
1948,BSCC_STU01948,0.0,0.0,0.0,0.0,0.0,0.0,0.0,0.0,1.0,,,,,BSCC,2025-10-28 15:47:53,36678
1949,BSCC_STU01949,0.0,0.0,0.0,0.0,0.0,0.0,0.0,0.0,1.0,,,,,BSCC,2025-10-28 15:47:53,36621
1950,BSCC_STU01950,0.0,0.0,0.0,0.0,0.0,0.0,0.0,0.0,1.0,,,,,BSCC,2025-10-28 15:47:53,36673
1951,BSCC_STU01951,0.0,0.0,0.0,0.0,0.0,0.0,0.0,0.0,0.0,,,,,BSCC,2025-10-28 15:47:53,36634
1952,BSCC_STU01952,0.0,0.0,0.0,0.0,2.0,0.0,2.0,0.0,1.0,,,,,BSCC,2025-10-28 15:47:53,36687
1953,BSCC_STU01953,0.0,0.0,0.0,0.0,0.0,0.0,0.0,0.0,0.0,,,,,BSCC,2025-10-28 15:47:53,36602
1954,BSCC_STU01954,0.0,0.0,0.0,0.0,0.0,0.0,0.0,0.0,0.0,,,,,BSCC,2025-10-28 15:47:53,36658
1955,BSCC_STU01955,0.0,0.0,0.0,0.0,0.0,0.0,0.0,0.0,-1.0,,,,,BSCC,2025-10-28 15:47:53,36646
1956,BSCC_STU01956,0.0,0.0,0.0,0.0,0.0,0.0,0.0,0.0,0.0,,,,,BSCC,2025-10-28 15:47:53,36673
1957,BSCC_STU01957,0.0,0.0,0.0,0.0,0.0,0.0,0.0,0.0,-1.0,,,,,BSCC,2025-10-28 15:47:53,36641
1958,BSCC_STU01958,0.0,0.0,0.0,0.0,0.0,0.0,0.0,0.0,1.0,,,,,BSCC,2025-10-28 15:47:53,36635
1959,BSCC_STU01959,0.0,0.0,0.0,0.0,0.0,0.0,0.0,0.0,-1.0,,,,,BSCC,2025-10-28 15:47:53,36623
1960,BSCC_STU01960,0.0,0.0,0.0,0.0,0.0,0.0,0.0,0.0,1.0,,,,,BSCC,2025-10-28 15:47:53,36655
1961,BSCC_STU01961,0.0,0.0,0.0,0.0,0.0,0.0,0.0,0.0,-1.0,,,,,BSCC,2025-10-28 15:47:53,36631
1962,BSCC_STU01962,0.0,0.0,0.0,0.0,0.0,0.0,0.0,0.0,-1.0,,,,,BSCC,2025-10-28 15:47:53,36642
1963,BSCC_STU01963,0.0,0.0,0.0,0.0,0.0,0.0,0.0,0.0,1.0,,,,,BSCC,2025-10-28 15:47:53,36644
1964,BSCC_STU01964,0.0,0.0,0.0,0.0,0.0,0.0,0.0,0.0,-1.0,,,,,BSCC,2025-10-28 15:47:53,36603
1965,BSCC_STU01965,0.0,0.0,0.0,0.0,0.0,3.0,0.0,3.0,-1.0,GA,Associate's Colleges,Associate's Colleges,Suburb,BSCC,2025-10-28 15:47:53,36651
1966,BSCC_STU01966,0.0,0.0,0.0,0.0,0.0,0.0,0.0,0.0,0.0,,,,,BSCC,2025-10-28 15:47:53,36602
1967,BSCC_STU01967,0.0,0.0,0.0,0.0,0.0,0.0,0.0,0.0,1.0,,,,,BSCC,2025-10-28 15:47:53,36659
1968,BSCC_STU01968,0.0,0.0,0.0,0.0,4.0,0.0,4.0,0.0,0.0,,,,,BSCC,2025-10-28 15:47:53,36677
1969,BSCC_STU01969,0.0,0.0,0.0,0.0,0.0,0.0,0.0,0.0,0.0,,,,,BSCC,2025-10-28 15:47:53,36661
1970,BSCC_STU01970,0.0,0.0,0.0,0.0,0.0,0.0,0.0,0.0,0.0,,,,,BSCC,2025-10-28 15:47:53,36643
1971,BSCC_STU01971,0.0,5.0,0.0,5.0,1.0,0.0,1.0,0.0,1.0,,,,,BSCC,2025-10-28 15:47:53,36658
1972,BSCC_STU01972,0.0,0.0,0.0,0.0,0.0,0.0,0.0,0.0,-1.0,,,,,BSCC,2025-10-28 15:47:53,36645
1973,BSCC_STU01973,0.0,0.0,0.0,0.0,0.0,0.0,0.0,0.0,0.0,,,,,BSCC,2025-10-28 15:47:53,36609
1974,BSCC_STU01974,0.0,0.0,0.0,0.0,0.0,0.0,0.0,0.0,0.0,,,,,BSCC,2025-10-28 15:47:53,36681
1975,BSCC_STU01975,0.0,0.0,0.0,0.0,0.0,0.0,0.0,0.0,1.0,,,,,BSCC,2025-10-28 15:47:53,36687
1976,BSCC_STU01976,0.0,0.0,0.0,0.0,0.0,0.0,0.0,0.0,1.0,,,,,BSCC,2025-10-28 15:47:53,36619
1977,BSCC_STU01977,0.0,0.0,0.0,0.0,0.0,0.0,0.0,0.0,-1.0,,,,,BSCC,2025-10-28 15:47:53,36676
1978,BSCC_STU01978,0.0,0.0,0.0,0.0,0.0,0.0,0.0,0.0,0.0,,,,,BSCC,2025-10-28 15:47:53,36604
1979,BSCC_STU01979,0.0,0.0,0.0,0.0,0.0,0.0,0.0,0.0,0.0,,,,,BSCC,2025-10-28 15:47:53,36653
1980,BSCC_STU01980,0.0,0.0,0.0,0.0,5.0,0.0,5.0,0.0,0.0,,,,,BSCC,2025-10-28 15:47:53,36622
1981,BSCC_STU01981,0.0,0.0,0.0,0.0,0.0,0.0,0.0,0.0,0.0,,,,,BSCC,2025-10-28 15:47:53,36634
1982,BSCC_STU01982,0.0,0.0,0.0,0.0,0.0,0.0,0.0,0.0,-1.0,,,,,BSCC,2025-10-28 15:47:53,36652
1983,BSCC_STU01983,0.0,0.0,0.0,0.0,0.0,0.0,0.0,0.0,-1.0,,,,,BSCC,2025-10-28 15:47:53,36649
1984,BSCC_STU01984,0.0,0.0,0.0,0.0,3.0,0.0,3.0,0.0,1.0,,,,,BSCC,2025-10-28 15:47:53,36639
1985,BSCC_STU01985,0.0,0.0,0.0,0.0,0.0,0.0,0.0,0.0,1.0,,,,,BSCC,2025-10-28 15:47:53,36629
1986,BSCC_STU01986,0.0,0.0,0.0,0.0,0.0,0.0,0.0,0.0,-1.0,,,,,BSCC,2025-10-28 15:47:53,36540
1987,BSCC_STU01987,0.0,0.0,0.0,0.0,0.0,0.0,0.0,0.0,1.0,,,,,BSCC,2025-10-28 15:47:53,36675
1988,BSCC_STU01988,0.0,0.0,0.0,0.0,0.0,0.0,0.0,0.0,0.0,,,,,BSCC,2025-10-28 15:47:53,36686
1989,BSCC_STU01989,0.0,0.0,0.0,0.0,0.0,0.0,0.0,0.0,-1.0,,,,,BSCC,2025-10-28 15:47:53,36611
1990,BSCC_STU01990,0.0,0.0,0.0,0.0,0.0,0.0,0.0,0.0,0.0,,,,,BSCC,2025-10-28 15:47:53,36650
1991,BSCC_STU01991,0.0,0.0,0.0,0.0,2.0,0.0,2.0,0.0,-1.0,,,,,BSCC,2025-10-28 15:47:53,36635
1992,BSCC_STU01992,0.0,0.0,0.0,0.0,0.0,0.0,0.0,0.0,1.0,,,,,BSCC,2025-10-28 15:47:53,36601
1993,BSCC_STU01993,0.0,5.0,0.0,5.0,4.0,0.0,4.0,0.0,-1.0,,,,,BSCC,2025-10-28 15:47:53,36650
1994,BSCC_STU01994,0.0,0.0,0.0,0.0,0.0,0.0,0.0,0.0,0.0,,,,,BSCC,2025-10-28 15:47:53,36622
1995,BSCC_STU01995,0.0,0.0,0.0,0.0,0.0,0.0,0.0,0.0,-1.0,,,,,BSCC,2025-10-28 15:47:53,36660
1996,BSCC_STU01996,0.0,0.0,0.0,0.0,0.0,0.0,0.0,0.0,0.0,,,,,BSCC,2025-10-28 15:47:53,36601
1997,BSCC_STU01997,0.0,0.0,0.0,0.0,4.0,0.0,4.0,0.0,-1.0,,,,,BSCC,2025-10-28 15:47:53,36615
1998,BSCC_STU01998,0.0,0.0,0.0,0.0,0.0,0.0,0.0,0.0,0.0,,,,,BSCC,2025-10-28 15:47:53,36630
1999,BSCC_STU01999,0.0,0.0,0.0,0.0,0.0,0.0,0.0,0.0,1.0,,,,,BSCC,2025-10-28 15:47:53,36630
2000,BSCC_STU02000,0.0,0.0,0.0,0.0,0.0,0.0,0.0,0.0,1.0,,,,,BSCC,2025-10-28 15:47:53,36628
2001,BSCC_STU02001,0.0,0.0,0.0,0.0,0.0,0.0,0.0,0.0,0.0,,,,,BSCC,2025-10-28 15:47:53,36689
2002,BSCC_STU02002,0.0,0.0,0.0,0.0,0.0,0.0,0.0,0.0,-1.0,,,,,BSCC,2025-10-28 15:47:53,36649
2003,BSCC_STU02003,0.0,0.0,0.0,0.0,0.0,2.0,0.0,2.0,-1.0,AL,Master's Colleges and Universities,Master's Colleges and Universities,Urban,BSCC,2025-10-28 15:47:53,36587
2004,BSCC_STU02004,0.0,0.0,0.0,0.0,0.0,0.0,0.0,0.0,0.0,,,,,BSCC,2025-10-28 15:47:53,36604
2005,BSCC_STU02005,0.0,0.0,0.0,0.0,2.0,0.0,2.0,0.0,-1.0,,,,,BSCC,2025-10-28 15:47:53,36658
2006,BSCC_STU02006,0.0,0.0,0.0,0.0,0.0,0.0,0.0,0.0,0.0,,,,,BSCC,2025-10-28 15:47:53,36651
2007,BSCC_STU02007,0.0,4.0,0.0,4.0,3.0,0.0,3.0,0.0,0.0,,,,,BSCC,2025-10-28 15:47:53,36601
2008,BSCC_STU02008,0.0,0.0,0.0,0.0,0.0,0.0,0.0,0.0,1.0,,,,,BSCC,2025-10-28 15:47:53,36681
2009,BSCC_STU02009,0.0,0.0,0.0,0.0,0.0,0.0,0.0,0.0,0.0,,,,,BSCC,2025-10-28 15:47:53,36680
2010,BSCC_STU02010,0.0,0.0,0.0,0.0,0.0,0.0,0.0,0.0,1.0,,,,,BSCC,2025-10-28 15:47:53,36687
2011,BSCC_STU02011,0.0,5.0,0.0,5.0,4.0,0.0,4.0,0.0,-1.0,,,,,BSCC,2025-10-28 15:47:53,36693
2012,BSCC_STU02012,0.0,0.0,0.0,0.0,0.0,0.0,0.0,0.0,1.0,,,,,BSCC,2025-10-28 15:47:53,36650
2013,BSCC_STU02013,0.0,0.0,0.0,0.0,0.0,3.0,0.0,3.0,1.0,GA,Associate's Colleges,Associate's Colleges,Urban,BSCC,2025-10-28 15:47:53,36636
2014,BSCC_STU02014,0.0,0.0,0.0,0.0,3.0,0.0,3.0,0.0,-1.0,,,,,BSCC,2025-10-28 15:47:53,36678
2015,BSCC_STU02015,0.0,0.0,0.0,0.0,0.0,0.0,0.0,0.0,0.0,,,,,BSCC,2025-10-28 15:47:53,36524
2016,BSCC_STU02016,0.0,0.0,0.0,0.0,0.0,0.0,0.0,0.0,0.0,,,,,BSCC,2025-10-28 15:47:53,36633
2017,BSCC_STU02017,0.0,0.0,0.0,0.0,0.0,0.0,0.0,0.0,1.0,,,,,BSCC,2025-10-28 15:47:53,36690
2018,BSCC_STU02018,0.0,0.0,0.0,0.0,0.0,0.0,0.0,0.0,0.0,,,,,BSCC,2025-10-28 15:47:53,36622
2019,BSCC_STU02019,0.0,0.0,0.0,0.0,0.0,0.0,0.0,0.0,1.0,,,,,BSCC,2025-10-28 15:47:53,36645
2020,BSCC_STU02020,0.0,0.0,0.0,0.0,0.0,0.0,0.0,0.0,-1.0,,,,,BSCC,2025-10-28 15:47:53,36633
2021,BSCC_STU02021,0.0,0.0,0.0,0.0,0.0,0.0,0.0,0.0,0.0,,,,,BSCC,2025-10-28 15:47:53,36691
2022,BSCC_STU02022,0.0,0.0,0.0,0.0,0.0,0.0,0.0,0.0,-1.0,,,,,BSCC,2025-10-28 15:47:53,36604
2023,BSCC_STU02023,0.0,0.0,0.0,0.0,0.0,0.0,0.0,0.0,0.0,,,,,BSCC,2025-10-28 15:47:53,36629
2024,BSCC_STU02024,0.0,3.0,0.0,3.0,3.0,0.0,3.0,0.0,1.0,,,,,BSCC,2025-10-28 15:47:53,36670
2025,BSCC_STU02025,0.0,0.0,0.0,0.0,0.0,0.0,0.0,0.0,0.0,,,,,BSCC,2025-10-28 15:47:53,36621
2026,BSCC_STU02026,0.0,0.0,0.0,0.0,0.0,0.0,0.0,0.0,0.0,,,,,BSCC,2025-10-28 15:47:53,36617
2027,BSCC_STU02027,0.0,0.0,0.0,0.0,3.0,0.0,3.0,0.0,-1.0,,,,,BSCC,2025-10-28 15:47:53,36626
2028,BSCC_STU02028,0.0,0.0,0.0,0.0,0.0,0.0,0.0,0.0,0.0,,,,,BSCC,2025-10-28 15:47:53,36694
2029,BSCC_STU02029,0.0,0.0,0.0,0.0,0.0,0.0,0.0,0.0,1.0,,,,,BSCC,2025-10-28 15:47:53,36688
2030,BSCC_STU02030,0.0,0.0,0.0,0.0,0.0,0.0,0.0,0.0,0.0,,,,,BSCC,2025-10-28 15:47:53,36638
2031,BSCC_STU02031,0.0,0.0,0.0,0.0,0.0,0.0,0.0,0.0,0.0,,,,,BSCC,2025-10-28 15:47:53,36690
2032,BSCC_STU02032,0.0,0.0,0.0,0.0,0.0,0.0,0.0,0.0,0.0,,,,,BSCC,2025-10-28 15:47:53,36690
2033,BSCC_STU02033,0.0,0.0,0.0,0.0,2.0,0.0,2.0,0.0,-1.0,,,,,BSCC,2025-10-28 15:47:53,36688
2034,BSCC_STU02034,0.0,0.0,0.0,0.0,0.0,0.0,0.0,0.0,1.0,,,,,BSCC,2025-10-28 15:47:53,36661
2035,BSCC_STU02035,0.0,0.0,0.0,0.0,0.0,0.0,0.0,0.0,1.0,,,,,BSCC,2025-10-28 15:47:53,36685
2036,BSCC_STU02036,0.0,0.0,0.0,0.0,0.0,0.0,0.0,0.0,1.0,,,,,BSCC,2025-10-28 15:47:53,36540
2037,BSCC_STU02037,0.0,0.0,0.0,0.0,0.0,0.0,0.0,0.0,-1.0,,,,,BSCC,2025-10-28 15:47:53,36674
2038,BSCC_STU02038,0.0,0.0,0.0,0.0,0.0,0.0,0.0,0.0,0.0,,,,,BSCC,2025-10-28 15:47:53,36666
2039,BSCC_STU02039,0.0,0.0,0.0,0.0,0.0,0.0,0.0,0.0,1.0,,,,,BSCC,2025-10-28 15:47:53,36601
2040,BSCC_STU02040,0.0,0.0,0.0,0.0,0.0,0.0,0.0,0.0,0.0,,,,,BSCC,2025-10-28 15:47:53,36674
2041,BSCC_STU02041,0.0,0.0,0.0,0.0,0.0,0.0,0.0,0.0,1.0,,,,,BSCC,2025-10-28 15:47:53,36524
2042,BSCC_STU02042,0.0,0.0,0.0,0.0,0.0,0.0,0.0,0.0,-1.0,,,,,BSCC,2025-10-28 15:47:53,36666
2043,BSCC_STU02043,0.0,0.0,0.0,0.0,0.0,0.0,0.0,0.0,-1.0,,,,,BSCC,2025-10-28 15:47:53,36631
2044,BSCC_STU02044,0.0,0.0,0.0,0.0,0.0,0.0,0.0,0.0,-1.0,,,,,BSCC,2025-10-28 15:47:53,36636
2045,BSCC_STU02045,0.0,0.0,0.0,0.0,0.0,0.0,0.0,0.0,0.0,,,,,BSCC,2025-10-28 15:47:53,36639
2046,BSCC_STU02046,0.0,0.0,0.0,0.0,0.0,0.0,0.0,0.0,1.0,,,,,BSCC,2025-10-28 15:47:53,36667
2047,BSCC_STU02047,0.0,0.0,0.0,0.0,0.0,0.0,0.0,0.0,1.0,,,,,BSCC,2025-10-28 15:47:53,36655
2048,BSCC_STU02048,0.0,0.0,0.0,0.0,0.0,0.0,0.0,0.0,1.0,,,,,BSCC,2025-10-28 15:47:53,36662
2049,BSCC_STU02049,0.0,0.0,0.0,0.0,0.0,0.0,0.0,0.0,1.0,,,,,BSCC,2025-10-28 15:47:53,36613
2050,BSCC_STU02050,0.0,0.0,0.0,0.0,0.0,0.0,0.0,0.0,1.0,,,,,BSCC,2025-10-28 15:47:53,36631
2051,BSCC_STU02051,0.0,0.0,0.0,0.0,3.0,0.0,3.0,0.0,-1.0,,,,,BSCC,2025-10-28 15:47:53,36621
2052,BSCC_STU02052,0.0,0.0,0.0,0.0,0.0,0.0,0.0,0.0,0.0,,,,,BSCC,2025-10-28 15:47:53,36643
2053,BSCC_STU02053,0.0,0.0,0.0,0.0,0.0,0.0,0.0,0.0,-1.0,,,,,BSCC,2025-10-28 15:47:53,36633
2054,BSCC_STU02054,0.0,0.0,0.0,0.0,0.0,0.0,0.0,0.0,0.0,,,,,BSCC,2025-10-28 15:47:53,36632
2055,BSCC_STU02055,0.0,0.0,0.0,0.0,0.0,0.0,0.0,0.0,1.0,,,,,BSCC,2025-10-28 15:47:53,36684
2056,BSCC_STU02056,0.0,0.0,0.0,0.0,0.0,0.0,0.0,0.0,-1.0,,,,,BSCC,2025-10-28 15:47:53,36628
2057,BSCC_STU02057,0.0,0.0,0.0,0.0,0.0,0.0,0.0,0.0,1.0,,,,,BSCC,2025-10-28 15:47:53,36674
2058,BSCC_STU02058,0.0,0.0,0.0,0.0,0.0,0.0,0.0,0.0,0.0,,,,,BSCC,2025-10-28 15:47:53,36673
2059,BSCC_STU02059,0.0,0.0,0.0,0.0,0.0,0.0,0.0,0.0,0.0,,,,,BSCC,2025-10-28 15:47:53,36644
2060,BSCC_STU02060,0.0,0.0,0.0,0.0,0.0,0.0,0.0,0.0,-1.0,,,,,BSCC,2025-10-28 15:47:53,36649
2061,BSCC_STU02061,0.0,0.0,0.0,0.0,4.0,0.0,4.0,0.0,0.0,,,,,BSCC,2025-10-28 15:47:53,36571
2062,BSCC_STU02062,0.0,0.0,0.0,0.0,0.0,0.0,0.0,0.0,1.0,,,,,BSCC,2025-10-28 15:47:53,36624
2063,BSCC_STU02063,0.0,0.0,0.0,0.0,0.0,0.0,0.0,0.0,-1.0,,,,,BSCC,2025-10-28 15:47:53,36652
2064,BSCC_STU02064,0.0,5.0,0.0,5.0,4.0,0.0,4.0,0.0,-1.0,,,,,BSCC,2025-10-28 15:47:53,36634
2065,BSCC_STU02065,0.0,0.0,0.0,0.0,0.0,0.0,0.0,0.0,-1.0,,,,,BSCC,2025-10-28 15:47:53,36644
2066,BSCC_STU02066,0.0,0.0,0.0,0.0,0.0,0.0,0.0,0.0,-1.0,,,,,BSCC,2025-10-28 15:47:53,36635
2067,BSCC_STU02067,0.0,0.0,0.0,0.0,0.0,0.0,0.0,0.0,-1.0,,,,,BSCC,2025-10-28 15:47:53,36670
2068,BSCC_STU02068,0.0,0.0,0.0,0.0,0.0,0.0,0.0,0.0,-1.0,,,,,BSCC,2025-10-28 15:47:53,36604
2069,BSCC_STU02069,0.0,0.0,0.0,0.0,0.0,0.0,0.0,0.0,1.0,,,,,BSCC,2025-10-28 15:47:53,36610
2070,BSCC_STU02070,0.0,0.0,0.0,0.0,0.0,0.0,0.0,0.0,0.0,,,,,BSCC,2025-10-28 15:47:53,36623
2071,BSCC_STU02071,0.0,0.0,0.0,0.0,0.0,0.0,0.0,0.0,1.0,,,,,BSCC,2025-10-28 15:47:53,36672
2072,BSCC_STU02072,0.0,0.0,0.0,0.0,0.0,0.0,0.0,0.0,1.0,,,,,BSCC,2025-10-28 15:47:53,36647
2073,BSCC_STU02073,0.0,0.0,0.0,0.0,0.0,0.0,0.0,0.0,0.0,,,,,BSCC,2025-10-28 15:47:53,36675
2074,BSCC_STU02074,0.0,0.0,0.0,0.0,0.0,0.0,0.0,0.0,-1.0,,,,,BSCC,2025-10-28 15:47:53,36607
2075,BSCC_STU02075,0.0,0.0,0.0,0.0,2.0,0.0,2.0,0.0,0.0,,,,,BSCC,2025-10-28 15:47:53,36687
2076,BSCC_STU02076,0.0,0.0,0.0,0.0,0.0,0.0,0.0,0.0,0.0,,,,,BSCC,2025-10-28 15:47:53,36524
2077,BSCC_STU02077,0.0,0.0,0.0,0.0,0.0,0.0,0.0,0.0,1.0,,,,,BSCC,2025-10-28 15:47:53,36608
2078,BSCC_STU02078,0.0,0.0,0.0,0.0,0.0,0.0,0.0,0.0,-1.0,,,,,BSCC,2025-10-28 15:47:53,36625
2079,BSCC_STU02079,0.0,0.0,0.0,0.0,0.0,0.0,0.0,0.0,0.0,,,,,BSCC,2025-10-28 15:47:53,36669
2080,BSCC_STU02080,0.0,0.0,0.0,0.0,0.0,0.0,0.0,0.0,1.0,,,,,BSCC,2025-10-28 15:47:53,36667
2081,BSCC_STU02081,0.0,3.0,0.0,3.0,0.0,2.0,0.0,2.0,-1.0,AL,Master's Colleges and Universities,Master's Colleges and Universities,Suburb,BSCC,2025-10-28 15:47:53,36673
2082,BSCC_STU02082,0.0,0.0,0.0,0.0,0.0,0.0,0.0,0.0,0.0,,,,,BSCC,2025-10-28 15:47:53,36666
2083,BSCC_STU02083,0.0,0.0,0.0,0.0,0.0,0.0,0.0,0.0,1.0,,,,,BSCC,2025-10-28 15:47:53,36693
2084,BSCC_STU02084,0.0,0.0,0.0,0.0,0.0,0.0,0.0,0.0,1.0,,,,,BSCC,2025-10-28 15:47:53,36685
2085,BSCC_STU02085,0.0,0.0,0.0,0.0,0.0,0.0,0.0,0.0,1.0,,,,,BSCC,2025-10-28 15:47:53,36667
2086,BSCC_STU02086,0.0,0.0,0.0,0.0,0.0,0.0,0.0,0.0,1.0,,,,,BSCC,2025-10-28 15:47:53,36661
2087,BSCC_STU02087,0.0,0.0,0.0,0.0,0.0,0.0,0.0,0.0,-1.0,,,,,BSCC,2025-10-28 15:47:53,36656
2088,BSCC_STU02088,0.0,0.0,0.0,0.0,0.0,0.0,0.0,0.0,-1.0,,,,,BSCC,2025-10-28 15:47:53,36659
2089,BSCC_STU02089,0.0,0.0,0.0,0.0,0.0,0.0,0.0,0.0,1.0,,,,,BSCC,2025-10-28 15:47:53,36689
2090,BSCC_STU02090,0.0,0.0,0.0,0.0,0.0,0.0,0.0,0.0,-1.0,,,,,BSCC,2025-10-28 15:47:53,36678
2091,BSCC_STU02091,0.0,0.0,0.0,0.0,0.0,0.0,0.0,0.0,0.0,,,,,BSCC,2025-10-28 15:47:53,36608
2092,BSCC_STU02092,0.0,0.0,0.0,0.0,0.0,0.0,0.0,0.0,0.0,,,,,BSCC,2025-10-28 15:47:53,36649
2093,BSCC_STU02093,0.0,0.0,0.0,0.0,0.0,0.0,0.0,0.0,1.0,,,,,BSCC,2025-10-28 15:47:53,36682
2094,BSCC_STU02094,0.0,0.0,0.0,0.0,0.0,0.0,0.0,0.0,1.0,,,,,BSCC,2025-10-28 15:47:53,36663
2095,BSCC_STU02095,0.0,0.0,0.0,0.0,0.0,0.0,0.0,0.0,-1.0,,,,,BSCC,2025-10-28 15:47:53,36649
2096,BSCC_STU02096,0.0,0.0,0.0,0.0,0.0,0.0,0.0,0.0,0.0,,,,,BSCC,2025-10-28 15:47:53,36685
2097,BSCC_STU02097,0.0,0.0,0.0,0.0,5.0,0.0,5.0,0.0,0.0,,,,,BSCC,2025-10-28 15:47:53,36669
2098,BSCC_STU02098,0.0,0.0,0.0,0.0,0.0,0.0,0.0,0.0,-1.0,,,,,BSCC,2025-10-28 15:47:53,36627
2099,BSCC_STU02099,0.0,0.0,0.0,0.0,0.0,0.0,0.0,0.0,-1.0,,,,,BSCC,2025-10-28 15:47:53,36650
2100,BSCC_STU02100,0.0,0.0,0.0,0.0,0.0,0.0,0.0,0.0,0.0,,,,,BSCC,2025-10-28 15:47:53,36611
2101,BSCC_STU02101,0.0,0.0,0.0,0.0,0.0,0.0,0.0,0.0,1.0,,,,,BSCC,2025-10-28 15:47:53,36623
2102,BSCC_STU02102,0.0,0.0,0.0,0.0,0.0,0.0,0.0,0.0,0.0,,,,,BSCC,2025-10-28 15:47:53,36661
2103,BSCC_STU02103,0.0,0.0,0.0,0.0,0.0,0.0,0.0,0.0,-1.0,,,,,BSCC,2025-10-28 15:47:53,36691
2104,BSCC_STU02104,0.0,0.0,0.0,0.0,0.0,0.0,0.0,0.0,0.0,,,,,BSCC,2025-10-28 15:47:53,36638
2105,BSCC_STU02105,0.0,0.0,0.0,0.0,2.0,0.0,2.0,0.0,0.0,,,,,BSCC,2025-10-28 15:47:53,36630
2106,BSCC_STU02106,0.0,0.0,0.0,0.0,0.0,0.0,0.0,0.0,0.0,,,,,BSCC,2025-10-28 15:47:53,36637
2107,BSCC_STU02107,0.0,0.0,0.0,0.0,0.0,0.0,0.0,0.0,-1.0,,,,,BSCC,2025-10-28 15:47:53,36687
2108,BSCC_STU02108,0.0,0.0,0.0,0.0,0.0,0.0,0.0,0.0,0.0,,,,,BSCC,2025-10-28 15:47:53,36663
2109,BSCC_STU02109,0.0,0.0,0.0,0.0,0.0,0.0,0.0,0.0,0.0,,,,,BSCC,2025-10-28 15:47:53,36664
2110,BSCC_STU02110,0.0,0.0,0.0,0.0,2.0,0.0,2.0,0.0,0.0,,,,,BSCC,2025-10-28 15:47:53,36636
2111,BSCC_STU02111,0.0,0.0,0.0,0.0,0.0,0.0,0.0,0.0,0.0,,,,,BSCC,2025-10-28 15:47:53,36646
2112,BSCC_STU02112,0.0,0.0,0.0,0.0,0.0,0.0,0.0,0.0,0.0,,,,,BSCC,2025-10-28 15:47:53,36618
2113,BSCC_STU02113,0.0,0.0,0.0,0.0,0.0,0.0,0.0,0.0,0.0,,,,,BSCC,2025-10-28 15:47:53,36619
2114,BSCC_STU02114,0.0,0.0,0.0,0.0,0.0,0.0,0.0,0.0,0.0,,,,,BSCC,2025-10-28 15:47:53,36679
2115,BSCC_STU02115,0.0,0.0,0.0,0.0,0.0,2.0,0.0,2.0,1.0,FL,Associate's Colleges,Associate's Colleges,Town/Rural,BSCC,2025-10-28 15:47:53,36634
2116,BSCC_STU02116,0.0,0.0,0.0,0.0,0.0,5.0,0.0,5.0,-1.0,MS,Master's Colleges and Universities,Master's Colleges and Universities,Suburb,BSCC,2025-10-28 15:47:53,36675
2117,BSCC_STU02117,0.0,0.0,0.0,0.0,0.0,0.0,0.0,0.0,-1.0,,,,,BSCC,2025-10-28 15:47:53,36641
2118,BSCC_STU02118,0.0,0.0,0.0,0.0,0.0,3.0,0.0,3.0,1.0,TN,Master's Colleges and Universities,Master's Colleges and Universities,Town/Rural,BSCC,2025-10-28 15:47:53,36602
2119,BSCC_STU02119,0.0,0.0,0.0,0.0,0.0,0.0,0.0,0.0,1.0,,,,,BSCC,2025-10-28 15:47:53,36660
2120,BSCC_STU02120,0.0,0.0,0.0,0.0,0.0,0.0,0.0,0.0,-1.0,,,,,BSCC,2025-10-28 15:47:53,36629
2121,BSCC_STU02121,0.0,0.0,0.0,0.0,3.0,0.0,3.0,0.0,1.0,,,,,BSCC,2025-10-28 15:47:53,36647
2122,BSCC_STU02122,0.0,0.0,0.0,0.0,0.0,0.0,0.0,0.0,1.0,,,,,BSCC,2025-10-28 15:47:53,36663
2123,BSCC_STU02123,0.0,0.0,0.0,0.0,0.0,0.0,0.0,0.0,0.0,,,,,BSCC,2025-10-28 15:47:53,36665
2124,BSCC_STU02124,0.0,0.0,0.0,0.0,0.0,4.0,0.0,4.0,-1.0,GA,Associate's Colleges,Associate's Colleges,Urban,BSCC,2025-10-28 15:47:53,36648
2125,BSCC_STU02125,0.0,0.0,0.0,0.0,0.0,3.0,0.0,3.0,-1.0,AL,Associate's Colleges,Associate's Colleges,Town/Rural,BSCC,2025-10-28 15:47:53,36683
2126,BSCC_STU02126,0.0,0.0,0.0,0.0,0.0,0.0,0.0,0.0,-1.0,,,,,BSCC,2025-10-28 15:47:53,36649
2127,BSCC_STU02127,0.0,0.0,0.0,0.0,0.0,0.0,0.0,0.0,-1.0,,,,,BSCC,2025-10-28 15:47:53,36692
2128,BSCC_STU02128,0.0,0.0,0.0,0.0,0.0,0.0,0.0,0.0,0.0,,,,,BSCC,2025-10-28 15:47:53,36672
2129,BSCC_STU02129,0.0,0.0,0.0,0.0,0.0,0.0,0.0,0.0,0.0,,,,,BSCC,2025-10-28 15:47:53,36677
2130,BSCC_STU02130,0.0,0.0,0.0,0.0,0.0,0.0,0.0,0.0,-1.0,,,,,BSCC,2025-10-28 15:47:53,36646
2131,BSCC_STU02131,0.0,3.0,0.0,3.0,5.0,0.0,5.0,0.0,1.0,,,,,BSCC,2025-10-28 15:47:53,36640
2132,BSCC_STU02132,0.0,0.0,0.0,0.0,0.0,0.0,0.0,0.0,-1.0,,,,,BSCC,2025-10-28 15:47:53,36640
2133,BSCC_STU02133,0.0,0.0,0.0,0.0,0.0,0.0,0.0,0.0,-1.0,,,,,BSCC,2025-10-28 15:47:53,36605
2134,BSCC_STU02134,0.0,0.0,0.0,0.0,0.0,0.0,0.0,0.0,0.0,,,,,BSCC,2025-10-28 15:47:53,36654
2135,BSCC_STU02135,0.0,0.0,0.0,0.0,0.0,0.0,0.0,0.0,-1.0,,,,,BSCC,2025-10-28 15:47:53,36649
2136,BSCC_STU02136,0.0,0.0,0.0,0.0,0.0,0.0,0.0,0.0,1.0,,,,,BSCC,2025-10-28 15:47:53,36664
2137,BSCC_STU02137,0.0,0.0,0.0,0.0,0.0,0.0,0.0,0.0,-1.0,,,,,BSCC,2025-10-28 15:47:53,36687
2138,BSCC_STU02138,0.0,0.0,0.0,0.0,2.0,0.0,2.0,0.0,-1.0,,,,,BSCC,2025-10-28 15:47:53,36676
2139,BSCC_STU02139,0.0,0.0,0.0,0.0,0.0,4.0,0.0,4.0,-1.0,TN,Master's Colleges and Universities,Master's Colleges and Universities,Town/Rural,BSCC,2025-10-28 15:47:53,36634
2140,BSCC_STU02140,0.0,0.0,0.0,0.0,0.0,0.0,0.0,0.0,-1.0,,,,,BSCC,2025-10-28 15:47:53,36660
2141,BSCC_STU02141,0.0,0.0,0.0,0.0,0.0,0.0,0.0,0.0,0.0,,,,,BSCC,2025-10-28 15:47:53,36679
2142,BSCC_STU02142,0.0,0.0,0.0,0.0,0.0,0.0,0.0,0.0,-1.0,,,,,BSCC,2025-10-28 15:47:53,36656
2143,BSCC_STU02143,0.0,0.0,0.0,0.0,2.0,0.0,2.0,0.0,-1.0,,,,,BSCC,2025-10-28 15:47:53,36683
2144,BSCC_STU02144,0.0,0.0,0.0,0.0,4.0,0.0,4.0,0.0,1.0,,,,,BSCC,2025-10-28 15:47:53,36621
2145,BSCC_STU02145,0.0,0.0,0.0,0.0,0.0,0.0,0.0,0.0,-1.0,,,,,BSCC,2025-10-28 15:47:53,36610
2146,BSCC_STU02146,0.0,0.0,0.0,0.0,0.0,0.0,0.0,0.0,0.0,,,,,BSCC,2025-10-28 15:47:53,36641
2147,BSCC_STU02147,0.0,0.0,0.0,0.0,0.0,0.0,0.0,0.0,-1.0,,,,,BSCC,2025-10-28 15:47:53,36616
2148,BSCC_STU02148,0.0,0.0,0.0,0.0,0.0,0.0,0.0,0.0,0.0,,,,,BSCC,2025-10-28 15:47:53,36667
2149,BSCC_STU02149,0.0,0.0,0.0,0.0,0.0,0.0,0.0,0.0,0.0,,,,,BSCC,2025-10-28 15:47:53,36663
2150,BSCC_STU02150,0.0,0.0,0.0,0.0,0.0,0.0,0.0,0.0,0.0,,,,,BSCC,2025-10-28 15:47:53,36663
2151,BSCC_STU02151,0.0,0.0,0.0,0.0,0.0,0.0,0.0,0.0,-1.0,,,,,BSCC,2025-10-28 15:47:53,36659
2152,BSCC_STU02152,0.0,0.0,0.0,0.0,0.0,0.0,0.0,0.0,-1.0,,,,,BSCC,2025-10-28 15:47:53,36525
2153,BSCC_STU02153,0.0,0.0,0.0,0.0,0.0,0.0,0.0,0.0,0.0,,,,,BSCC,2025-10-28 15:47:53,36628
2154,BSCC_STU02154,0.0,0.0,0.0,0.0,0.0,0.0,0.0,0.0,-1.0,,,,,BSCC,2025-10-28 15:47:53,36602
2155,BSCC_STU02155,0.0,0.0,0.0,0.0,0.0,0.0,0.0,0.0,-1.0,,,,,BSCC,2025-10-28 15:47:53,36525
2156,BSCC_STU02156,0.0,0.0,0.0,0.0,0.0,0.0,0.0,0.0,0.0,,,,,BSCC,2025-10-28 15:47:53,36635
2157,BSCC_STU02157,0.0,0.0,0.0,0.0,0.0,4.0,0.0,4.0,1.0,AL,Associate's Colleges,Associate's Colleges,Suburb,BSCC,2025-10-28 15:47:53,36644
2158,BSCC_STU02158,0.0,0.0,0.0,0.0,0.0,0.0,0.0,0.0,0.0,,,,,BSCC,2025-10-28 15:47:53,36540
2159,BSCC_STU02159,0.0,0.0,0.0,0.0,0.0,0.0,0.0,0.0,1.0,,,,,BSCC,2025-10-28 15:47:53,36645
2160,BSCC_STU02160,0.0,0.0,0.0,0.0,0.0,0.0,0.0,0.0,1.0,,,,,BSCC,2025-10-28 15:47:53,36560
2161,BSCC_STU02161,0.0,0.0,0.0,0.0,0.0,0.0,0.0,0.0,-1.0,,,,,BSCC,2025-10-28 15:47:53,36676
2162,BSCC_STU02162,0.0,0.0,0.0,0.0,0.0,0.0,0.0,0.0,-1.0,,,,,BSCC,2025-10-28 15:47:53,36618
2163,BSCC_STU02163,0.0,0.0,0.0,0.0,0.0,0.0,0.0,0.0,-1.0,,,,,BSCC,2025-10-28 15:47:53,36660
2164,BSCC_STU02164,0.0,0.0,0.0,0.0,3.0,0.0,3.0,0.0,-1.0,,,,,BSCC,2025-10-28 15:47:53,36601
2165,BSCC_STU02165,0.0,0.0,0.0,0.0,0.0,0.0,0.0,0.0,1.0,,,,,BSCC,2025-10-28 15:47:53,36627
2166,BSCC_STU02166,0.0,0.0,0.0,0.0,0.0,0.0,0.0,0.0,0.0,,,,,BSCC,2025-10-28 15:47:53,36635
2167,BSCC_STU02167,0.0,0.0,0.0,0.0,0.0,0.0,0.0,0.0,-1.0,,,,,BSCC,2025-10-28 15:47:53,36674
2168,BSCC_STU02168,0.0,0.0,0.0,0.0,0.0,0.0,0.0,0.0,0.0,,,,,BSCC,2025-10-28 15:47:53,36686
2169,BSCC_STU02169,0.0,0.0,0.0,0.0,0.0,0.0,0.0,0.0,-1.0,,,,,BSCC,2025-10-28 15:47:53,36647
2170,BSCC_STU02170,0.0,0.0,0.0,0.0,0.0,0.0,0.0,0.0,-1.0,,,,,BSCC,2025-10-28 15:47:53,36628
2171,BSCC_STU02171,0.0,0.0,0.0,0.0,0.0,0.0,0.0,0.0,-1.0,,,,,BSCC,2025-10-28 15:47:53,36647
2172,BSCC_STU02172,0.0,0.0,0.0,0.0,3.0,0.0,3.0,0.0,0.0,,,,,BSCC,2025-10-28 15:47:53,36652
2173,BSCC_STU02173,0.0,0.0,0.0,0.0,0.0,0.0,0.0,0.0,-1.0,,,,,BSCC,2025-10-28 15:47:53,36661
2174,BSCC_STU02174,0.0,0.0,0.0,0.0,0.0,0.0,0.0,0.0,-1.0,,,,,BSCC,2025-10-28 15:47:53,36637
2175,BSCC_STU02175,0.0,0.0,0.0,0.0,0.0,0.0,0.0,0.0,-1.0,,,,,BSCC,2025-10-28 15:47:53,36610
2176,BSCC_STU02176,0.0,0.0,0.0,0.0,0.0,3.0,0.0,3.0,1.0,AL,Master's Colleges and Universities,Master's Colleges and Universities,Town/Rural,BSCC,2025-10-28 15:47:53,36686
2177,BSCC_STU02177,0.0,0.0,0.0,0.0,0.0,0.0,0.0,0.0,-1.0,,,,,BSCC,2025-10-28 15:47:53,36601
2178,BSCC_STU02178,0.0,0.0,0.0,0.0,0.0,0.0,0.0,0.0,1.0,,,,,BSCC,2025-10-28 15:47:53,36525
2179,BSCC_STU02179,0.0,0.0,0.0,0.0,0.0,0.0,0.0,0.0,1.0,,,,,BSCC,2025-10-28 15:47:53,36587
2180,BSCC_STU02180,0.0,0.0,0.0,0.0,0.0,0.0,0.0,0.0,-1.0,,,,,BSCC,2025-10-28 15:47:53,36654
2181,BSCC_STU02181,0.0,0.0,0.0,0.0,0.0,0.0,0.0,0.0,1.0,,,,,BSCC,2025-10-28 15:47:53,36657
2182,BSCC_STU02182,0.0,0.0,0.0,0.0,0.0,0.0,0.0,0.0,1.0,,,,,BSCC,2025-10-28 15:47:53,36612
2183,BSCC_STU02183,0.0,0.0,0.0,0.0,0.0,0.0,0.0,0.0,-1.0,,,,,BSCC,2025-10-28 15:47:53,36606
2184,BSCC_STU02184,0.0,4.0,0.0,4.0,0.0,3.0,0.0,3.0,0.0,GA,Associate's Colleges,Associate's Colleges,Urban,BSCC,2025-10-28 15:47:53,36636
2185,BSCC_STU02185,0.0,0.0,0.0,0.0,2.0,0.0,2.0,0.0,1.0,,,,,BSCC,2025-10-28 15:47:53,36640
2186,BSCC_STU02186,0.0,0.0,0.0,0.0,0.0,0.0,0.0,0.0,1.0,,,,,BSCC,2025-10-28 15:47:53,36644
2187,BSCC_STU02187,0.0,0.0,0.0,0.0,0.0,0.0,0.0,0.0,0.0,,,,,BSCC,2025-10-28 15:47:53,36606
2188,BSCC_STU02188,0.0,0.0,0.0,0.0,0.0,0.0,0.0,0.0,-1.0,,,,,BSCC,2025-10-28 15:47:53,36601
2189,BSCC_STU02189,0.0,0.0,0.0,0.0,0.0,0.0,0.0,0.0,0.0,,,,,BSCC,2025-10-28 15:47:53,36614
2190,BSCC_STU02190,0.0,0.0,0.0,0.0,0.0,0.0,0.0,0.0,0.0,,,,,BSCC,2025-10-28 15:47:53,36677
2191,BSCC_STU02191,0.0,0.0,0.0,0.0,0.0,0.0,0.0,0.0,-1.0,,,,,BSCC,2025-10-28 15:47:53,36653
2192,BSCC_STU02192,0.0,0.0,0.0,0.0,0.0,0.0,0.0,0.0,1.0,,,,,BSCC,2025-10-28 15:47:53,36525
2193,BSCC_STU02193,0.0,0.0,0.0,0.0,0.0,0.0,0.0,0.0,0.0,,,,,BSCC,2025-10-28 15:47:53,36629
2194,BSCC_STU02194,0.0,0.0,0.0,0.0,2.0,0.0,2.0,0.0,1.0,,,,,BSCC,2025-10-28 15:47:53,36686
2195,BSCC_STU02195,0.0,0.0,0.0,0.0,0.0,0.0,0.0,0.0,-1.0,,,,,BSCC,2025-10-28 15:47:53,36609
2196,BSCC_STU02196,0.0,0.0,0.0,0.0,0.0,0.0,0.0,0.0,0.0,,,,,BSCC,2025-10-28 15:47:53,36608
2197,BSCC_STU02197,0.0,0.0,0.0,0.0,0.0,0.0,0.0,0.0,1.0,,,,,BSCC,2025-10-28 15:47:53,36670
2198,BSCC_STU02198,0.0,0.0,0.0,0.0,0.0,0.0,0.0,0.0,0.0,,,,,BSCC,2025-10-28 15:47:53,36629
2199,BSCC_STU02199,0.0,0.0,0.0,0.0,0.0,0.0,0.0,0.0,1.0,,,,,BSCC,2025-10-28 15:47:53,36587
2200,BSCC_STU02200,0.0,0.0,0.0,0.0,0.0,0.0,0.0,0.0,0.0,,,,,BSCC,2025-10-28 15:47:53,36675
2201,BSCC_STU02201,0.0,0.0,0.0,0.0,0.0,0.0,0.0,0.0,-1.0,,,,,BSCC,2025-10-28 15:47:53,36616
2202,BSCC_STU02202,0.0,0.0,0.0,0.0,0.0,0.0,0.0,0.0,-1.0,,,,,BSCC,2025-10-28 15:47:53,36635
2203,BSCC_STU02203,0.0,0.0,0.0,0.0,0.0,0.0,0.0,0.0,0.0,,,,,BSCC,2025-10-28 15:47:53,36689
2204,BSCC_STU02204,0.0,0.0,0.0,0.0,0.0,0.0,0.0,0.0,0.0,,,,,BSCC,2025-10-28 15:47:53,36619
2205,BSCC_STU02205,0.0,0.0,0.0,0.0,0.0,0.0,0.0,0.0,-1.0,,,,,BSCC,2025-10-28 15:47:53,36623
2206,BSCC_STU02206,0.0,0.0,0.0,0.0,0.0,0.0,0.0,0.0,0.0,,,,,BSCC,2025-10-28 15:47:53,36625
2207,BSCC_STU02207,0.0,0.0,0.0,0.0,0.0,0.0,0.0,0.0,-1.0,,,,,BSCC,2025-10-28 15:47:53,36571
2208,BSCC_STU02208,0.0,0.0,0.0,0.0,0.0,0.0,0.0,0.0,-1.0,,,,,BSCC,2025-10-28 15:47:53,36640
2209,BSCC_STU02209,0.0,0.0,0.0,0.0,0.0,0.0,0.0,0.0,-1.0,,,,,BSCC,2025-10-28 15:47:53,36616
2210,BSCC_STU02210,0.0,0.0,0.0,0.0,0.0,0.0,0.0,0.0,-1.0,,,,,BSCC,2025-10-28 15:47:53,36620
2211,BSCC_STU02211,0.0,0.0,0.0,0.0,0.0,0.0,0.0,0.0,1.0,,,,,BSCC,2025-10-28 15:47:53,36602
2212,BSCC_STU02212,0.0,0.0,0.0,0.0,4.0,0.0,4.0,0.0,-1.0,,,,,BSCC,2025-10-28 15:47:53,36632
2213,BSCC_STU02213,0.0,0.0,0.0,0.0,0.0,0.0,0.0,0.0,-1.0,,,,,BSCC,2025-10-28 15:47:53,36669
2214,BSCC_STU02214,0.0,0.0,0.0,0.0,0.0,0.0,0.0,0.0,-1.0,,,,,BSCC,2025-10-28 15:47:53,36606
2215,BSCC_STU02215,0.0,0.0,0.0,0.0,0.0,0.0,0.0,0.0,0.0,,,,,BSCC,2025-10-28 15:47:53,36614
2216,BSCC_STU02216,0.0,0.0,0.0,0.0,0.0,0.0,0.0,0.0,-1.0,,,,,BSCC,2025-10-28 15:47:53,36687
2217,BSCC_STU02217,0.0,0.0,0.0,0.0,0.0,0.0,0.0,0.0,-1.0,,,,,BSCC,2025-10-28 15:47:53,36681
2218,BSCC_STU02218,0.0,0.0,0.0,0.0,2.0,0.0,2.0,0.0,1.0,,,,,BSCC,2025-10-28 15:47:53,36643
2219,BSCC_STU02219,0.0,0.0,0.0,0.0,0.0,0.0,0.0,0.0,1.0,,,,,BSCC,2025-10-28 15:47:53,36670
2220,BSCC_STU02220,0.0,0.0,0.0,0.0,0.0,4.0,0.0,4.0,-1.0,FL,Master's Colleges and Universities,Master's Colleges and Universities,Urban,BSCC,2025-10-28 15:47:53,36672
2221,BSCC_STU02221,0.0,0.0,0.0,0.0,0.0,0.0,0.0,0.0,-1.0,,,,,BSCC,2025-10-28 15:47:53,36682
2222,BSCC_STU02222,0.0,0.0,0.0,0.0,0.0,0.0,0.0,0.0,-1.0,,,,,BSCC,2025-10-28 15:47:53,36677
2223,BSCC_STU02223,0.0,0.0,0.0,0.0,0.0,0.0,0.0,0.0,-1.0,,,,,BSCC,2025-10-28 15:47:53,36622
2224,BSCC_STU02224,0.0,0.0,0.0,0.0,0.0,0.0,0.0,0.0,1.0,,,,,BSCC,2025-10-28 15:47:53,36639
2225,BSCC_STU02225,0.0,0.0,0.0,0.0,0.0,0.0,0.0,0.0,0.0,,,,,BSCC,2025-10-28 15:47:53,36607
2226,BSCC_STU02226,0.0,0.0,0.0,0.0,0.0,0.0,0.0,0.0,0.0,,,,,BSCC,2025-10-28 15:47:53,36606
2227,BSCC_STU02227,0.0,0.0,0.0,0.0,0.0,0.0,0.0,0.0,1.0,,,,,BSCC,2025-10-28 15:47:53,36628
2228,BSCC_STU02228,0.0,0.0,0.0,0.0,0.0,0.0,0.0,0.0,-1.0,,,,,BSCC,2025-10-28 15:47:53,36601
2229,BSCC_STU02229,0.0,0.0,0.0,0.0,0.0,0.0,0.0,0.0,-1.0,,,,,BSCC,2025-10-28 15:47:53,36665
2230,BSCC_STU02230,0.0,0.0,0.0,0.0,0.0,0.0,0.0,0.0,-1.0,,,,,BSCC,2025-10-28 15:47:53,36626
2231,BSCC_STU02231,0.0,0.0,0.0,0.0,0.0,0.0,0.0,0.0,-1.0,,,,,BSCC,2025-10-28 15:47:53,36670
2232,BSCC_STU02232,0.0,0.0,0.0,0.0,4.0,0.0,4.0,0.0,-1.0,,,,,BSCC,2025-10-28 15:47:53,36612
2233,BSCC_STU02233,0.0,0.0,0.0,0.0,0.0,0.0,0.0,0.0,0.0,,,,,BSCC,2025-10-28 15:47:53,36640
2234,BSCC_STU02234,0.0,0.0,0.0,0.0,0.0,0.0,0.0,0.0,1.0,,,,,BSCC,2025-10-28 15:47:53,36647
2235,BSCC_STU02235,0.0,0.0,0.0,0.0,0.0,0.0,0.0,0.0,0.0,,,,,BSCC,2025-10-28 15:47:53,36644
2236,BSCC_STU02236,0.0,0.0,0.0,0.0,0.0,0.0,0.0,0.0,1.0,,,,,BSCC,2025-10-28 15:47:53,36675
2237,BSCC_STU02237,0.0,0.0,0.0,0.0,0.0,0.0,0.0,0.0,-1.0,,,,,BSCC,2025-10-28 15:47:53,36571
2238,BSCC_STU02238,0.0,0.0,0.0,0.0,0.0,0.0,0.0,0.0,-1.0,,,,,BSCC,2025-10-28 15:47:53,36601
2239,BSCC_STU02239,0.0,0.0,0.0,0.0,0.0,0.0,0.0,0.0,0.0,,,,,BSCC,2025-10-28 15:47:53,36560
2240,BSCC_STU02240,0.0,4.0,0.0,4.0,1.0,0.0,1.0,0.0,-1.0,,,,,BSCC,2025-10-28 15:47:53,36612
2241,BSCC_STU02241,0.0,0.0,0.0,0.0,0.0,0.0,0.0,0.0,-1.0,,,,,BSCC,2025-10-28 15:47:53,36656
2242,BSCC_STU02242,0.0,0.0,0.0,0.0,0.0,0.0,0.0,0.0,1.0,,,,,BSCC,2025-10-28 15:47:53,36661
2243,BSCC_STU02243,0.0,0.0,0.0,0.0,0.0,0.0,0.0,0.0,1.0,,,,,BSCC,2025-10-28 15:47:53,36627
2244,BSCC_STU02244,0.0,0.0,0.0,0.0,0.0,0.0,0.0,0.0,1.0,,,,,BSCC,2025-10-28 15:47:53,36644
2245,BSCC_STU02245,0.0,0.0,0.0,0.0,0.0,0.0,0.0,0.0,1.0,,,,,BSCC,2025-10-28 15:47:53,36690
2246,BSCC_STU02246,0.0,0.0,0.0,0.0,0.0,0.0,0.0,0.0,-1.0,,,,,BSCC,2025-10-28 15:47:53,36634
2247,BSCC_STU02247,0.0,0.0,0.0,0.0,0.0,0.0,0.0,0.0,0.0,,,,,BSCC,2025-10-28 15:47:53,36636
2248,BSCC_STU02248,0.0,0.0,0.0,0.0,0.0,2.0,0.0,2.0,0.0,TN,Associate's Colleges,Associate's Colleges,Urban,BSCC,2025-10-28 15:47:53,36683
2249,BSCC_STU02249,0.0,0.0,0.0,0.0,0.0,0.0,0.0,0.0,0.0,,,,,BSCC,2025-10-28 15:47:53,36648
2250,BSCC_STU02250,0.0,0.0,0.0,0.0,0.0,0.0,0.0,0.0,0.0,,,,,BSCC,2025-10-28 15:47:53,36627
2251,BSCC_STU02251,0.0,0.0,0.0,0.0,0.0,0.0,0.0,0.0,-1.0,,,,,BSCC,2025-10-28 15:47:53,36641
2252,BSCC_STU02252,0.0,0.0,0.0,0.0,0.0,0.0,0.0,0.0,0.0,,,,,BSCC,2025-10-28 15:47:53,36635
2253,BSCC_STU02253,0.0,0.0,0.0,0.0,0.0,0.0,0.0,0.0,-1.0,,,,,BSCC,2025-10-28 15:47:53,36661
2254,BSCC_STU02254,0.0,0.0,0.0,0.0,0.0,0.0,0.0,0.0,1.0,,,,,BSCC,2025-10-28 15:47:53,36607
2255,BSCC_STU02255,0.0,0.0,0.0,0.0,0.0,0.0,0.0,0.0,-1.0,,,,,BSCC,2025-10-28 15:47:53,36661
2256,BSCC_STU02256,0.0,0.0,0.0,0.0,0.0,0.0,0.0,0.0,-1.0,,,,,BSCC,2025-10-28 15:47:53,36691
2257,BSCC_STU02257,0.0,0.0,0.0,0.0,0.0,0.0,0.0,0.0,-1.0,,,,,BSCC,2025-10-28 15:47:53,36540
2258,BSCC_STU02258,0.0,0.0,0.0,0.0,0.0,0.0,0.0,0.0,1.0,,,,,BSCC,2025-10-28 15:47:53,36677
2259,BSCC_STU02259,0.0,0.0,0.0,0.0,0.0,0.0,0.0,0.0,0.0,,,,,BSCC,2025-10-28 15:47:53,36690
2260,BSCC_STU02260,0.0,0.0,0.0,0.0,0.0,0.0,0.0,0.0,-1.0,,,,,BSCC,2025-10-28 15:47:53,36683
2261,BSCC_STU02261,0.0,0.0,0.0,0.0,0.0,0.0,0.0,0.0,-1.0,,,,,BSCC,2025-10-28 15:47:53,36657
2262,BSCC_STU02262,0.0,0.0,0.0,0.0,0.0,0.0,0.0,0.0,-1.0,,,,,BSCC,2025-10-28 15:47:53,36685
2263,BSCC_STU02263,0.0,0.0,0.0,0.0,0.0,0.0,0.0,0.0,0.0,,,,,BSCC,2025-10-28 15:47:53,36633
2264,BSCC_STU02264,0.0,0.0,0.0,0.0,0.0,0.0,0.0,0.0,-1.0,,,,,BSCC,2025-10-28 15:47:53,36606
2265,BSCC_STU02265,0.0,0.0,0.0,0.0,0.0,0.0,0.0,0.0,-1.0,,,,,BSCC,2025-10-28 15:47:53,36620
2266,BSCC_STU02266,0.0,0.0,0.0,0.0,4.0,0.0,4.0,0.0,-1.0,,,,,BSCC,2025-10-28 15:47:53,36626
2267,BSCC_STU02267,0.0,0.0,0.0,0.0,0.0,0.0,0.0,0.0,0.0,,,,,BSCC,2025-10-28 15:47:53,36627
2268,BSCC_STU02268,0.0,0.0,0.0,0.0,0.0,0.0,0.0,0.0,0.0,,,,,BSCC,2025-10-28 15:47:53,36686
2269,BSCC_STU02269,0.0,0.0,0.0,0.0,0.0,0.0,0.0,0.0,0.0,,,,,BSCC,2025-10-28 15:47:53,36571
2270,BSCC_STU02270,0.0,4.0,0.0,4.0,4.0,0.0,4.0,0.0,-1.0,,,,,BSCC,2025-10-28 15:47:53,36677
2271,BSCC_STU02271,0.0,0.0,0.0,0.0,0.0,0.0,0.0,0.0,-1.0,,,,,BSCC,2025-10-28 15:47:53,36613
2272,BSCC_STU02272,0.0,0.0,0.0,0.0,0.0,0.0,0.0,0.0,1.0,,,,,BSCC,2025-10-28 15:47:53,36644
2273,BSCC_STU02273,0.0,0.0,0.0,0.0,0.0,0.0,0.0,0.0,-1.0,,,,,BSCC,2025-10-28 15:47:53,36659
2274,BSCC_STU02274,0.0,0.0,0.0,0.0,0.0,0.0,0.0,0.0,-1.0,,,,,BSCC,2025-10-28 15:47:53,36684
2275,BSCC_STU02275,0.0,0.0,0.0,0.0,0.0,0.0,0.0,0.0,-1.0,,,,,BSCC,2025-10-28 15:47:53,36648
2276,BSCC_STU02276,0.0,0.0,0.0,0.0,5.0,0.0,5.0,0.0,0.0,,,,,BSCC,2025-10-28 15:47:53,36648
2277,BSCC_STU02277,0.0,0.0,0.0,0.0,0.0,0.0,0.0,0.0,1.0,,,,,BSCC,2025-10-28 15:47:53,36671
2278,BSCC_STU02278,0.0,0.0,0.0,0.0,0.0,0.0,0.0,0.0,0.0,,,,,BSCC,2025-10-28 15:47:53,36622
2279,BSCC_STU02279,0.0,0.0,0.0,0.0,0.0,0.0,0.0,0.0,1.0,,,,,BSCC,2025-10-28 15:47:53,36619
2280,BSCC_STU02280,0.0,0.0,0.0,0.0,0.0,0.0,0.0,0.0,-1.0,,,,,BSCC,2025-10-28 15:47:53,36644
2281,BSCC_STU02281,0.0,0.0,0.0,0.0,0.0,0.0,0.0,0.0,-1.0,,,,,BSCC,2025-10-28 15:47:53,36655
2282,BSCC_STU02282,0.0,0.0,0.0,0.0,0.0,0.0,0.0,0.0,0.0,,,,,BSCC,2025-10-28 15:47:53,36672
2283,BSCC_STU02283,0.0,0.0,0.0,0.0,0.0,0.0,0.0,0.0,0.0,,,,,BSCC,2025-10-28 15:47:53,36612
2284,BSCC_STU02284,0.0,0.0,0.0,0.0,0.0,0.0,0.0,0.0,-1.0,,,,,BSCC,2025-10-28 15:47:53,36674
2285,BSCC_STU02285,0.0,4.0,0.0,4.0,3.0,0.0,3.0,0.0,-1.0,,,,,BSCC,2025-10-28 15:47:53,36614
2286,BSCC_STU02286,0.0,0.0,0.0,0.0,0.0,0.0,0.0,0.0,0.0,,,,,BSCC,2025-10-28 15:47:53,36679
2287,BSCC_STU02287,0.0,0.0,0.0,0.0,0.0,0.0,0.0,0.0,-1.0,,,,,BSCC,2025-10-28 15:47:53,36670
2288,BSCC_STU02288,0.0,0.0,0.0,0.0,0.0,0.0,0.0,0.0,0.0,,,,,BSCC,2025-10-28 15:47:53,36604
2289,BSCC_STU02289,0.0,0.0,0.0,0.0,0.0,0.0,0.0,0.0,1.0,,,,,BSCC,2025-10-28 15:47:53,36688
2290,BSCC_STU02290,0.0,0.0,0.0,0.0,2.0,0.0,2.0,0.0,1.0,,,,,BSCC,2025-10-28 15:47:53,36587
2291,BSCC_STU02291,0.0,0.0,0.0,0.0,0.0,0.0,0.0,0.0,0.0,,,,,BSCC,2025-10-28 15:47:53,36635
2292,BSCC_STU02292,0.0,0.0,0.0,0.0,0.0,0.0,0.0,0.0,1.0,,,,,BSCC,2025-10-28 15:47:53,36674
2293,BSCC_STU02293,0.0,0.0,0.0,0.0,0.0,0.0,0.0,0.0,0.0,,,,,BSCC,2025-10-28 15:47:53,36560
2294,BSCC_STU02294,0.0,0.0,0.0,0.0,0.0,5.0,0.0,5.0,1.0,FL,Master's Colleges and Universities,Master's Colleges and Universities,Town/Rural,BSCC,2025-10-28 15:47:53,36632
2295,BSCC_STU02295,0.0,0.0,0.0,0.0,0.0,0.0,0.0,0.0,1.0,,,,,BSCC,2025-10-28 15:47:53,36672
2296,BSCC_STU02296,0.0,0.0,0.0,0.0,0.0,0.0,0.0,0.0,1.0,,,,,BSCC,2025-10-28 15:47:53,36629
2297,BSCC_STU02297,0.0,0.0,0.0,0.0,0.0,0.0,0.0,0.0,-1.0,,,,,BSCC,2025-10-28 15:47:53,36620
2298,BSCC_STU02298,0.0,0.0,0.0,0.0,0.0,0.0,0.0,0.0,-1.0,,,,,BSCC,2025-10-28 15:47:53,36631
2299,BSCC_STU02299,0.0,0.0,0.0,0.0,2.0,0.0,2.0,0.0,-1.0,,,,,BSCC,2025-10-28 15:47:53,36653
2300,BSCC_STU02300,0.0,4.0,0.0,4.0,2.0,0.0,2.0,0.0,1.0,,,,,BSCC,2025-10-28 15:47:53,36606
2301,BSCC_STU02301,0.0,0.0,0.0,0.0,0.0,0.0,0.0,0.0,0.0,,,,,BSCC,2025-10-28 15:47:53,36655
2302,BSCC_STU02302,0.0,0.0,0.0,0.0,0.0,0.0,0.0,0.0,0.0,,,,,BSCC,2025-10-28 15:47:53,36606
2303,BSCC_STU02303,0.0,0.0,0.0,0.0,0.0,0.0,0.0,0.0,1.0,,,,,BSCC,2025-10-28 15:47:53,36637
2304,BSCC_STU02304,0.0,0.0,0.0,0.0,0.0,4.0,0.0,4.0,-1.0,GA,Associate's Colleges,Associate's Colleges,Urban,BSCC,2025-10-28 15:47:53,36626
2305,BSCC_STU02305,0.0,0.0,0.0,0.0,0.0,0.0,0.0,0.0,0.0,,,,,BSCC,2025-10-28 15:47:53,36693
2306,BSCC_STU02306,0.0,0.0,0.0,0.0,0.0,0.0,0.0,0.0,0.0,,,,,BSCC,2025-10-28 15:47:53,36610
2307,BSCC_STU02307,0.0,3.0,0.0,3.0,3.0,0.0,3.0,0.0,0.0,,,,,BSCC,2025-10-28 15:47:53,36635
2308,BSCC_STU02308,0.0,0.0,0.0,0.0,0.0,0.0,0.0,0.0,0.0,,,,,BSCC,2025-10-28 15:47:53,36653
2309,BSCC_STU02309,0.0,0.0,0.0,0.0,0.0,0.0,0.0,0.0,-1.0,,,,,BSCC,2025-10-28 15:47:53,36670
2310,BSCC_STU02310,0.0,0.0,0.0,0.0,0.0,0.0,0.0,0.0,-1.0,,,,,BSCC,2025-10-28 15:47:53,36690
2311,BSCC_STU02311,0.0,0.0,0.0,0.0,0.0,0.0,0.0,0.0,-1.0,,,,,BSCC,2025-10-28 15:47:53,36605
2312,BSCC_STU02312,0.0,0.0,0.0,0.0,0.0,0.0,0.0,0.0,1.0,,,,,BSCC,2025-10-28 15:47:53,36622
2313,BSCC_STU02313,0.0,0.0,0.0,0.0,0.0,0.0,0.0,0.0,0.0,,,,,BSCC,2025-10-28 15:47:53,36612
2314,BSCC_STU02314,0.0,0.0,0.0,0.0,0.0,0.0,0.0,0.0,1.0,,,,,BSCC,2025-10-28 15:47:53,36631
2315,BSCC_STU02315,0.0,0.0,0.0,0.0,0.0,0.0,0.0,0.0,0.0,,,,,BSCC,2025-10-28 15:47:53,36663
2316,BSCC_STU02316,0.0,0.0,0.0,0.0,0.0,0.0,0.0,0.0,0.0,,,,,BSCC,2025-10-28 15:47:53,36695
2317,BSCC_STU02317,0.0,0.0,0.0,0.0,0.0,0.0,0.0,0.0,0.0,,,,,BSCC,2025-10-28 15:47:53,36684
2318,BSCC_STU02318,0.0,0.0,0.0,0.0,0.0,0.0,0.0,0.0,-1.0,,,,,BSCC,2025-10-28 15:47:53,36571
2319,BSCC_STU02319,0.0,0.0,0.0,0.0,0.0,0.0,0.0,0.0,0.0,,,,,BSCC,2025-10-28 15:47:53,36660
2320,BSCC_STU02320,0.0,0.0,0.0,0.0,5.0,0.0,5.0,0.0,0.0,,,,,BSCC,2025-10-28 15:47:53,36614
2321,BSCC_STU02321,0.0,0.0,0.0,0.0,0.0,0.0,0.0,0.0,1.0,,,,,BSCC,2025-10-28 15:47:53,36620
2322,BSCC_STU02322,0.0,0.0,0.0,0.0,0.0,0.0,0.0,0.0,0.0,,,,,BSCC,2025-10-28 15:47:53,36637
2323,BSCC_STU02323,0.0,0.0,0.0,0.0,0.0,0.0,0.0,0.0,-1.0,,,,,BSCC,2025-10-28 15:47:53,36625
2324,BSCC_STU02324,0.0,0.0,0.0,0.0,0.0,0.0,0.0,0.0,-1.0,,,,,BSCC,2025-10-28 15:47:53,36631
2325,BSCC_STU02325,0.0,3.0,0.0,3.0,2.0,0.0,2.0,0.0,0.0,,,,,BSCC,2025-10-28 15:47:53,36675
2326,BSCC_STU02326,0.0,0.0,0.0,0.0,0.0,0.0,0.0,0.0,0.0,,,,,BSCC,2025-10-28 15:47:53,36625
2327,BSCC_STU02327,0.0,4.0,0.0,4.0,5.0,0.0,5.0,0.0,-1.0,,,,,BSCC,2025-10-28 15:47:53,36648
2328,BSCC_STU02328,0.0,0.0,0.0,0.0,0.0,0.0,0.0,0.0,-1.0,,,,,BSCC,2025-10-28 15:47:53,36616
2329,BSCC_STU02329,0.0,0.0,0.0,0.0,0.0,0.0,0.0,0.0,0.0,,,,,BSCC,2025-10-28 15:47:53,36648
2330,BSCC_STU02330,0.0,0.0,0.0,0.0,2.0,0.0,2.0,0.0,-1.0,,,,,BSCC,2025-10-28 15:47:53,36627
2331,BSCC_STU02331,0.0,0.0,0.0,0.0,0.0,0.0,0.0,0.0,-1.0,,,,,BSCC,2025-10-28 15:47:53,36690
2332,BSCC_STU02332,0.0,5.0,0.0,5.0,0.0,5.0,0.0,5.0,0.0,TN,Associate's Colleges,Associate's Colleges,Suburb,BSCC,2025-10-28 15:47:53,36667
2333,BSCC_STU02333,0.0,0.0,0.0,0.0,0.0,0.0,0.0,0.0,0.0,,,,,BSCC,2025-10-28 15:47:53,36614
2334,BSCC_STU02334,0.0,0.0,0.0,0.0,0.0,0.0,0.0,0.0,1.0,,,,,BSCC,2025-10-28 15:47:53,36540
2335,BSCC_STU02335,0.0,0.0,0.0,0.0,0.0,2.0,0.0,2.0,1.0,MS,Associate's Colleges,Associate's Colleges,Urban,BSCC,2025-10-28 15:47:53,36639
2336,BSCC_STU02336,0.0,0.0,0.0,0.0,0.0,0.0,0.0,0.0,-1.0,,,,,BSCC,2025-10-28 15:47:53,36691
2337,BSCC_STU02337,0.0,0.0,0.0,0.0,0.0,0.0,0.0,0.0,0.0,,,,,BSCC,2025-10-28 15:47:53,36630
2338,BSCC_STU02338,0.0,0.0,0.0,0.0,0.0,0.0,0.0,0.0,1.0,,,,,BSCC,2025-10-28 15:47:53,36674
2339,BSCC_STU02339,0.0,0.0,0.0,0.0,0.0,0.0,0.0,0.0,0.0,,,,,BSCC,2025-10-28 15:47:53,36622
2340,BSCC_STU02340,0.0,0.0,0.0,0.0,1.0,0.0,1.0,0.0,-1.0,,,,,BSCC,2025-10-28 15:47:53,36625
2341,BSCC_STU02341,0.0,0.0,0.0,0.0,0.0,0.0,0.0,0.0,0.0,,,,,BSCC,2025-10-28 15:47:53,36613
2342,BSCC_STU02342,0.0,0.0,0.0,0.0,0.0,0.0,0.0,0.0,1.0,,,,,BSCC,2025-10-28 15:47:53,36684
2343,BSCC_STU02343,0.0,3.0,0.0,3.0,3.0,0.0,3.0,0.0,0.0,,,,,BSCC,2025-10-28 15:47:53,36674
2344,BSCC_STU02344,0.0,0.0,0.0,0.0,0.0,0.0,0.0,0.0,-1.0,,,,,BSCC,2025-10-28 15:47:53,36680
2345,BSCC_STU02345,0.0,0.0,0.0,0.0,0.0,0.0,0.0,0.0,0.0,,,,,BSCC,2025-10-28 15:47:53,36654
2346,BSCC_STU02346,0.0,0.0,0.0,0.0,0.0,0.0,0.0,0.0,0.0,,,,,BSCC,2025-10-28 15:47:53,36613
2347,BSCC_STU02347,0.0,0.0,0.0,0.0,0.0,3.0,0.0,3.0,1.0,MS,Associate's Colleges,Associate's Colleges,Urban,BSCC,2025-10-28 15:47:53,36638
2348,BSCC_STU02348,0.0,0.0,0.0,0.0,0.0,0.0,0.0,0.0,1.0,,,,,BSCC,2025-10-28 15:47:53,36621
2349,BSCC_STU02349,0.0,0.0,0.0,0.0,0.0,0.0,0.0,0.0,-1.0,,,,,BSCC,2025-10-28 15:47:53,36525
2350,BSCC_STU02350,0.0,0.0,0.0,0.0,0.0,0.0,0.0,0.0,-1.0,,,,,BSCC,2025-10-28 15:47:53,36623
2351,BSCC_STU02351,0.0,0.0,0.0,0.0,0.0,0.0,0.0,0.0,0.0,,,,,BSCC,2025-10-28 15:47:53,36637
2352,BSCC_STU02352,0.0,0.0,0.0,0.0,0.0,0.0,0.0,0.0,0.0,,,,,BSCC,2025-10-28 15:47:53,36676
2353,BSCC_STU02353,0.0,0.0,0.0,0.0,0.0,0.0,0.0,0.0,1.0,,,,,BSCC,2025-10-28 15:47:53,36675
2354,BSCC_STU02354,0.0,0.0,0.0,0.0,0.0,0.0,0.0,0.0,0.0,,,,,BSCC,2025-10-28 15:47:53,36560
2355,BSCC_STU02355,0.0,0.0,0.0,0.0,0.0,0.0,0.0,0.0,1.0,,,,,BSCC,2025-10-28 15:47:53,36545
2356,BSCC_STU02356,0.0,0.0,0.0,0.0,0.0,0.0,0.0,0.0,0.0,,,,,BSCC,2025-10-28 15:47:53,36691
2357,BSCC_STU02357,0.0,0.0,0.0,0.0,0.0,0.0,0.0,0.0,0.0,,,,,BSCC,2025-10-28 15:47:53,36673
2358,BSCC_STU02358,0.0,0.0,0.0,0.0,0.0,0.0,0.0,0.0,-1.0,,,,,BSCC,2025-10-28 15:47:53,36646
2359,BSCC_STU02359,0.0,0.0,0.0,0.0,0.0,0.0,0.0,0.0,-1.0,,,,,BSCC,2025-10-28 15:47:53,36609
2360,BSCC_STU02360,0.0,0.0,0.0,0.0,0.0,0.0,0.0,0.0,0.0,,,,,BSCC,2025-10-28 15:47:53,36614
2361,BSCC_STU02361,0.0,0.0,0.0,0.0,0.0,0.0,0.0,0.0,-1.0,,,,,BSCC,2025-10-28 15:47:53,36633
2362,BSCC_STU02362,0.0,0.0,0.0,0.0,0.0,0.0,0.0,0.0,-1.0,,,,,BSCC,2025-10-28 15:47:53,36606
2363,BSCC_STU02363,0.0,0.0,0.0,0.0,0.0,0.0,0.0,0.0,0.0,,,,,BSCC,2025-10-28 15:47:53,36684
2364,BSCC_STU02364,0.0,0.0,0.0,0.0,1.0,0.0,1.0,0.0,0.0,,,,,BSCC,2025-10-28 15:47:53,36616
2365,BSCC_STU02365,0.0,0.0,0.0,0.0,0.0,0.0,0.0,0.0,1.0,,,,,BSCC,2025-10-28 15:47:53,36652
2366,BSCC_STU02366,0.0,0.0,0.0,0.0,0.0,0.0,0.0,0.0,1.0,,,,,BSCC,2025-10-28 15:47:53,36632
2367,BSCC_STU02367,0.0,0.0,0.0,0.0,0.0,0.0,0.0,0.0,0.0,,,,,BSCC,2025-10-28 15:47:53,36658
2368,BSCC_STU02368,0.0,0.0,0.0,0.0,1.0,0.0,1.0,0.0,0.0,,,,,BSCC,2025-10-28 15:47:53,36686
2369,BSCC_STU02369,0.0,0.0,0.0,0.0,0.0,0.0,0.0,0.0,0.0,,,,,BSCC,2025-10-28 15:47:53,36631
2370,BSCC_STU02370,0.0,0.0,0.0,0.0,0.0,0.0,0.0,0.0,1.0,,,,,BSCC,2025-10-28 15:47:53,36687
2371,BSCC_STU02371,0.0,0.0,0.0,0.0,0.0,0.0,0.0,0.0,-1.0,,,,,BSCC,2025-10-28 15:47:53,36540
2372,BSCC_STU02372,0.0,0.0,0.0,0.0,0.0,0.0,0.0,0.0,1.0,,,,,BSCC,2025-10-28 15:47:53,36660
2373,BSCC_STU02373,0.0,0.0,0.0,0.0,0.0,2.0,0.0,2.0,-1.0,FL,Associate's Colleges,Associate's Colleges,Town/Rural,BSCC,2025-10-28 15:47:53,36661
2374,BSCC_STU02374,0.0,0.0,0.0,0.0,0.0,0.0,0.0,0.0,0.0,,,,,BSCC,2025-10-28 15:47:53,36688
2375,BSCC_STU02375,0.0,0.0,0.0,0.0,0.0,0.0,0.0,0.0,1.0,,,,,BSCC,2025-10-28 15:47:53,36625
2376,BSCC_STU02376,0.0,0.0,0.0,0.0,0.0,0.0,0.0,0.0,0.0,,,,,BSCC,2025-10-28 15:47:53,36545
2377,BSCC_STU02377,0.0,0.0,0.0,0.0,0.0,0.0,0.0,0.0,-1.0,,,,,BSCC,2025-10-28 15:47:53,36618
2378,BSCC_STU02378,0.0,0.0,0.0,0.0,0.0,0.0,0.0,0.0,-1.0,,,,,BSCC,2025-10-28 15:47:53,36525
2379,BSCC_STU02379,0.0,0.0,0.0,0.0,0.0,0.0,0.0,0.0,1.0,,,,,BSCC,2025-10-28 15:47:53,36660
2380,BSCC_STU02380,0.0,0.0,0.0,0.0,0.0,0.0,0.0,0.0,1.0,,,,,BSCC,2025-10-28 15:47:53,36614
2381,BSCC_STU02381,0.0,0.0,0.0,0.0,0.0,0.0,0.0,0.0,0.0,,,,,BSCC,2025-10-28 15:47:53,36616
2382,BSCC_STU02382,0.0,0.0,0.0,0.0,0.0,0.0,0.0,0.0,1.0,,,,,BSCC,2025-10-28 15:47:53,36655
2383,BSCC_STU02383,0.0,0.0,0.0,0.0,0.0,0.0,0.0,0.0,0.0,,,,,BSCC,2025-10-28 15:47:53,36671
2384,BSCC_STU02384,0.0,0.0,0.0,0.0,0.0,0.0,0.0,0.0,1.0,,,,,BSCC,2025-10-28 15:47:53,36629
2385,BSCC_STU02385,0.0,0.0,0.0,0.0,0.0,0.0,0.0,0.0,0.0,,,,,BSCC,2025-10-28 15:47:53,36677
2386,BSCC_STU02386,0.0,0.0,0.0,0.0,0.0,0.0,0.0,0.0,0.0,,,,,BSCC,2025-10-28 15:47:53,36619
2387,BSCC_STU02387,0.0,0.0,0.0,0.0,0.0,0.0,0.0,0.0,1.0,,,,,BSCC,2025-10-28 15:47:53,36618
2388,BSCC_STU02388,0.0,0.0,0.0,0.0,0.0,0.0,0.0,0.0,0.0,,,,,BSCC,2025-10-28 15:47:53,36632
2389,BSCC_STU02389,0.0,0.0,0.0,0.0,0.0,0.0,0.0,0.0,0.0,,,,,BSCC,2025-10-28 15:47:53,36627
2390,BSCC_STU02390,0.0,0.0,0.0,0.0,0.0,0.0,0.0,0.0,-1.0,,,,,BSCC,2025-10-28 15:47:53,36632
2391,BSCC_STU02391,0.0,0.0,0.0,0.0,0.0,0.0,0.0,0.0,-1.0,,,,,BSCC,2025-10-28 15:47:53,36524
2392,BSCC_STU02392,0.0,0.0,0.0,0.0,0.0,0.0,0.0,0.0,-1.0,,,,,BSCC,2025-10-28 15:47:53,36674
2393,BSCC_STU02393,0.0,0.0,0.0,0.0,0.0,0.0,0.0,0.0,1.0,,,,,BSCC,2025-10-28 15:47:53,36652
2394,BSCC_STU02394,0.0,0.0,0.0,0.0,0.0,0.0,0.0,0.0,0.0,,,,,BSCC,2025-10-28 15:47:53,36672
2395,BSCC_STU02395,0.0,0.0,0.0,0.0,0.0,0.0,0.0,0.0,0.0,,,,,BSCC,2025-10-28 15:47:53,36628
2396,BSCC_STU02396,0.0,0.0,0.0,0.0,0.0,0.0,0.0,0.0,0.0,,,,,BSCC,2025-10-28 15:47:53,36673
2397,BSCC_STU02397,0.0,0.0,0.0,0.0,0.0,0.0,0.0,0.0,1.0,,,,,BSCC,2025-10-28 15:47:53,36647
2398,BSCC_STU02398,0.0,0.0,0.0,0.0,2.0,0.0,2.0,0.0,0.0,,,,,BSCC,2025-10-28 15:47:53,36603
2399,BSCC_STU02399,0.0,0.0,0.0,0.0,0.0,0.0,0.0,0.0,-1.0,,,,,BSCC,2025-10-28 15:47:53,36660
2400,BSCC_STU02400,0.0,0.0,0.0,0.0,0.0,0.0,0.0,0.0,-1.0,,,,,BSCC,2025-10-28 15:47:53,36608
2401,BSCC_STU02401,0.0,0.0,0.0,0.0,0.0,0.0,0.0,0.0,0.0,,,,,BSCC,2025-10-28 15:47:53,36646
2402,BSCC_STU02402,0.0,0.0,0.0,0.0,0.0,0.0,0.0,0.0,-1.0,,,,,BSCC,2025-10-28 15:47:53,36644
2403,BSCC_STU02403,0.0,0.0,0.0,0.0,0.0,0.0,0.0,0.0,-1.0,,,,,BSCC,2025-10-28 15:47:53,36688
2404,BSCC_STU02404,0.0,0.0,0.0,0.0,0.0,0.0,0.0,0.0,-1.0,,,,,BSCC,2025-10-28 15:47:53,36627
2405,BSCC_STU02405,0.0,0.0,0.0,0.0,0.0,0.0,0.0,0.0,-1.0,,,,,BSCC,2025-10-28 15:47:53,36644
2406,BSCC_STU02406,0.0,0.0,0.0,0.0,0.0,0.0,0.0,0.0,0.0,,,,,BSCC,2025-10-28 15:47:53,36692
2407,BSCC_STU02407,0.0,0.0,0.0,0.0,3.0,0.0,3.0,0.0,0.0,,,,,BSCC,2025-10-28 15:47:53,36624
2408,BSCC_STU02408,0.0,0.0,0.0,0.0,0.0,0.0,0.0,0.0,0.0,,,,,BSCC,2025-10-28 15:47:53,36624
2409,BSCC_STU02409,0.0,0.0,0.0,0.0,0.0,0.0,0.0,0.0,1.0,,,,,BSCC,2025-10-28 15:47:53,36650
2410,BSCC_STU02410,0.0,0.0,0.0,0.0,0.0,0.0,0.0,0.0,1.0,,,,,BSCC,2025-10-28 15:47:53,36646
2411,BSCC_STU02411,0.0,0.0,0.0,0.0,0.0,0.0,0.0,0.0,-1.0,,,,,BSCC,2025-10-28 15:47:53,36614
2412,BSCC_STU02412,0.0,0.0,0.0,0.0,0.0,0.0,0.0,0.0,-1.0,,,,,BSCC,2025-10-28 15:47:53,36686
2413,BSCC_STU02413,0.0,0.0,0.0,0.0,0.0,0.0,0.0,0.0,0.0,,,,,BSCC,2025-10-28 15:47:53,36675
2414,BSCC_STU02414,0.0,0.0,0.0,0.0,0.0,0.0,0.0,0.0,0.0,,,,,BSCC,2025-10-28 15:47:53,36667
2415,BSCC_STU02415,0.0,0.0,0.0,0.0,3.0,0.0,3.0,0.0,-1.0,,,,,BSCC,2025-10-28 15:47:53,36601
2416,BSCC_STU02416,0.0,0.0,0.0,0.0,0.0,0.0,0.0,0.0,1.0,,,,,BSCC,2025-10-28 15:47:53,36667
2417,BSCC_STU02417,0.0,4.0,0.0,4.0,3.0,0.0,3.0,0.0,0.0,,,,,BSCC,2025-10-28 15:47:53,36651
2418,BSCC_STU02418,0.0,0.0,0.0,0.0,0.0,0.0,0.0,0.0,0.0,,,,,BSCC,2025-10-28 15:47:53,36606
2419,BSCC_STU02419,0.0,0.0,0.0,0.0,0.0,2.0,0.0,2.0,0.0,TN,Master's Colleges and Universities,Master's Colleges and Universities,Town/Rural,BSCC,2025-10-28 15:47:53,36674
2420,BSCC_STU02420,0.0,0.0,0.0,0.0,0.0,0.0,0.0,0.0,0.0,,,,,BSCC,2025-10-28 15:47:53,36695
2421,BSCC_STU02421,0.0,0.0,0.0,0.0,0.0,0.0,0.0,0.0,1.0,,,,,BSCC,2025-10-28 15:47:53,36655
2422,BSCC_STU02422,0.0,0.0,0.0,0.0,0.0,0.0,0.0,0.0,0.0,,,,,BSCC,2025-10-28 15:47:53,36646
2423,BSCC_STU02423,0.0,0.0,0.0,0.0,0.0,0.0,0.0,0.0,-1.0,,,,,BSCC,2025-10-28 15:47:53,36609
2424,BSCC_STU02424,0.0,0.0,0.0,0.0,0.0,0.0,0.0,0.0,0.0,,,,,BSCC,2025-10-28 15:47:53,36686
2425,BSCC_STU02425,0.0,0.0,0.0,0.0,0.0,0.0,0.0,0.0,0.0,,,,,BSCC,2025-10-28 15:47:53,36560
2426,BSCC_STU02426,0.0,0.0,0.0,0.0,0.0,0.0,0.0,0.0,1.0,,,,,BSCC,2025-10-28 15:47:53,36663
2427,BSCC_STU02427,0.0,0.0,0.0,0.0,0.0,0.0,0.0,0.0,-1.0,,,,,BSCC,2025-10-28 15:47:53,36617
2428,BSCC_STU02428,0.0,0.0,0.0,0.0,0.0,0.0,0.0,0.0,-1.0,,,,,BSCC,2025-10-28 15:47:53,36664
2429,BSCC_STU02429,0.0,0.0,0.0,0.0,0.0,3.0,0.0,3.0,1.0,AL,Master's Colleges and Universities,Master's Colleges and Universities,Suburb,BSCC,2025-10-28 15:47:53,36637
2430,BSCC_STU02430,0.0,0.0,0.0,0.0,0.0,0.0,0.0,0.0,1.0,,,,,BSCC,2025-10-28 15:47:53,36633
2431,BSCC_STU02431,0.0,0.0,0.0,0.0,0.0,0.0,0.0,0.0,-1.0,,,,,BSCC,2025-10-28 15:47:53,36609
2432,BSCC_STU02432,0.0,0.0,0.0,0.0,0.0,0.0,0.0,0.0,-1.0,,,,,BSCC,2025-10-28 15:47:53,36627
2433,BSCC_STU02433,0.0,0.0,0.0,0.0,0.0,0.0,0.0,0.0,0.0,,,,,BSCC,2025-10-28 15:47:53,36621
2434,BSCC_STU02434,0.0,0.0,0.0,0.0,0.0,0.0,0.0,0.0,-1.0,,,,,BSCC,2025-10-28 15:47:53,36560
2435,BSCC_STU02435,0.0,0.0,0.0,0.0,0.0,0.0,0.0,0.0,0.0,,,,,BSCC,2025-10-28 15:47:53,36638
2436,BSCC_STU02436,0.0,0.0,0.0,0.0,0.0,0.0,0.0,0.0,0.0,,,,,BSCC,2025-10-28 15:47:53,36663
2437,BSCC_STU02437,0.0,0.0,0.0,0.0,0.0,0.0,0.0,0.0,1.0,,,,,BSCC,2025-10-28 15:47:53,36617
2438,BSCC_STU02438,0.0,0.0,0.0,0.0,0.0,0.0,0.0,0.0,1.0,,,,,BSCC,2025-10-28 15:47:53,36665
2439,BSCC_STU02439,0.0,0.0,0.0,0.0,0.0,0.0,0.0,0.0,-1.0,,,,,BSCC,2025-10-28 15:47:53,36605
2440,BSCC_STU02440,0.0,0.0,0.0,0.0,0.0,0.0,0.0,0.0,0.0,,,,,BSCC,2025-10-28 15:47:53,36625
2441,BSCC_STU02441,0.0,0.0,0.0,0.0,3.0,0.0,3.0,0.0,-1.0,,,,,BSCC,2025-10-28 15:47:53,36652
2442,BSCC_STU02442,0.0,0.0,0.0,0.0,0.0,0.0,0.0,0.0,0.0,,,,,BSCC,2025-10-28 15:47:53,36691
2443,BSCC_STU02443,0.0,0.0,0.0,0.0,0.0,0.0,0.0,0.0,1.0,,,,,BSCC,2025-10-28 15:47:53,36685
2444,BSCC_STU02444,0.0,0.0,0.0,0.0,0.0,0.0,0.0,0.0,0.0,,,,,BSCC,2025-10-28 15:47:53,36677
2445,BSCC_STU02445,0.0,0.0,0.0,0.0,0.0,0.0,0.0,0.0,1.0,,,,,BSCC,2025-10-28 15:47:53,36676
2446,BSCC_STU02446,0.0,0.0,0.0,0.0,0.0,0.0,0.0,0.0,0.0,,,,,BSCC,2025-10-28 15:47:53,36612
2447,BSCC_STU02447,0.0,0.0,0.0,0.0,0.0,0.0,0.0,0.0,0.0,,,,,BSCC,2025-10-28 15:47:53,36687
2448,BSCC_STU02448,0.0,0.0,0.0,0.0,0.0,0.0,0.0,0.0,1.0,,,,,BSCC,2025-10-28 15:47:53,36616
2449,BSCC_STU02449,0.0,0.0,0.0,0.0,0.0,0.0,0.0,0.0,0.0,,,,,BSCC,2025-10-28 15:47:53,36622
2450,BSCC_STU02450,0.0,0.0,0.0,0.0,0.0,0.0,0.0,0.0,-1.0,,,,,BSCC,2025-10-28 15:47:53,36605
2451,BSCC_STU02451,0.0,0.0,0.0,0.0,0.0,0.0,0.0,0.0,-1.0,,,,,BSCC,2025-10-28 15:47:53,36637
2452,BSCC_STU02452,0.0,0.0,0.0,0.0,0.0,0.0,0.0,0.0,1.0,,,,,BSCC,2025-10-28 15:47:53,36695
2453,BSCC_STU02453,0.0,0.0,0.0,0.0,0.0,0.0,0.0,0.0,0.0,,,,,BSCC,2025-10-28 15:47:53,36604
2454,BSCC_STU02454,0.0,0.0,0.0,0.0,0.0,0.0,0.0,0.0,1.0,,,,,BSCC,2025-10-28 15:47:53,36681
2455,BSCC_STU02455,0.0,0.0,0.0,0.0,2.0,0.0,2.0,0.0,0.0,,,,,BSCC,2025-10-28 15:47:53,36640
2456,BSCC_STU02456,0.0,0.0,0.0,0.0,0.0,0.0,0.0,0.0,0.0,,,,,BSCC,2025-10-28 15:47:53,36623
2457,BSCC_STU02457,0.0,0.0,0.0,0.0,0.0,0.0,0.0,0.0,-1.0,,,,,BSCC,2025-10-28 15:47:53,36621
2458,BSCC_STU02458,0.0,0.0,0.0,0.0,0.0,0.0,0.0,0.0,0.0,,,,,BSCC,2025-10-28 15:47:53,36691
2459,BSCC_STU02459,0.0,0.0,0.0,0.0,0.0,0.0,0.0,0.0,0.0,,,,,BSCC,2025-10-28 15:47:53,36673
2460,BSCC_STU02460,0.0,0.0,0.0,0.0,5.0,0.0,5.0,0.0,1.0,,,,,BSCC,2025-10-28 15:47:53,36684
2461,BSCC_STU02461,0.0,0.0,0.0,0.0,0.0,0.0,0.0,0.0,0.0,,,,,BSCC,2025-10-28 15:47:53,36633
2462,BSCC_STU02462,0.0,0.0,0.0,0.0,0.0,0.0,0.0,0.0,0.0,,,,,BSCC,2025-10-28 15:47:53,36681
2463,BSCC_STU02463,0.0,0.0,0.0,0.0,0.0,0.0,0.0,0.0,-1.0,,,,,BSCC,2025-10-28 15:47:53,36602
2464,BSCC_STU02464,0.0,0.0,0.0,0.0,3.0,0.0,3.0,0.0,0.0,,,,,BSCC,2025-10-28 15:47:53,36637
2465,BSCC_STU02465,0.0,0.0,0.0,0.0,0.0,0.0,0.0,0.0,0.0,,,,,BSCC,2025-10-28 15:47:53,36668
2466,BSCC_STU02466,0.0,4.0,0.0,4.0,3.0,0.0,3.0,0.0,0.0,,,,,BSCC,2025-10-28 15:47:53,36647
2467,BSCC_STU02467,0.0,0.0,0.0,0.0,0.0,0.0,0.0,0.0,-1.0,,,,,BSCC,2025-10-28 15:47:53,36620
2468,BSCC_STU02468,0.0,0.0,0.0,0.0,3.0,0.0,3.0,0.0,1.0,,,,,BSCC,2025-10-28 15:47:53,36644
2469,BSCC_STU02469,0.0,0.0,0.0,0.0,0.0,0.0,0.0,0.0,1.0,,,,,BSCC,2025-10-28 15:47:53,36623
2470,BSCC_STU02470,0.0,0.0,0.0,0.0,0.0,0.0,0.0,0.0,0.0,,,,,BSCC,2025-10-28 15:47:53,36673
2471,BSCC_STU02471,0.0,0.0,0.0,0.0,0.0,0.0,0.0,0.0,0.0,,,,,BSCC,2025-10-28 15:47:53,36626
2472,BSCC_STU02472,0.0,0.0,0.0,0.0,0.0,0.0,0.0,0.0,0.0,,,,,BSCC,2025-10-28 15:47:53,36607
2473,BSCC_STU02473,0.0,0.0,0.0,0.0,0.0,0.0,0.0,0.0,-1.0,,,,,BSCC,2025-10-28 15:47:53,36682
2474,BSCC_STU02474,0.0,0.0,0.0,0.0,0.0,0.0,0.0,0.0,0.0,,,,,BSCC,2025-10-28 15:47:53,36622
2475,BSCC_STU02475,0.0,0.0,0.0,0.0,0.0,0.0,0.0,0.0,1.0,,,,,BSCC,2025-10-28 15:47:53,36692
2476,BSCC_STU02476,0.0,0.0,0.0,0.0,0.0,0.0,0.0,0.0,-1.0,,,,,BSCC,2025-10-28 15:47:53,36560
2477,BSCC_STU02477,0.0,0.0,0.0,0.0,0.0,0.0,0.0,0.0,1.0,,,,,BSCC,2025-10-28 15:47:53,36612
2478,BSCC_STU02478,0.0,0.0,0.0,0.0,0.0,0.0,0.0,0.0,-1.0,,,,,BSCC,2025-10-28 15:47:53,36635
2479,BSCC_STU02479,0.0,0.0,0.0,0.0,0.0,0.0,0.0,0.0,0.0,,,,,BSCC,2025-10-28 15:47:53,36611
2480,BSCC_STU02480,0.0,0.0,0.0,0.0,0.0,0.0,0.0,0.0,0.0,,,,,BSCC,2025-10-28 15:47:53,36616
2481,BSCC_STU02481,0.0,0.0,0.0,0.0,0.0,0.0,0.0,0.0,-1.0,,,,,BSCC,2025-10-28 15:47:53,36678
2482,BSCC_STU02482,0.0,0.0,0.0,0.0,0.0,0.0,0.0,0.0,0.0,,,,,BSCC,2025-10-28 15:47:53,36613
2483,BSCC_STU02483,0.0,0.0,0.0,0.0,0.0,0.0,0.0,0.0,-1.0,,,,,BSCC,2025-10-28 15:47:53,36687
2484,BSCC_STU02484,0.0,0.0,0.0,0.0,0.0,0.0,0.0,0.0,0.0,,,,,BSCC,2025-10-28 15:47:53,36624
2485,BSCC_STU02485,0.0,0.0,0.0,0.0,0.0,0.0,0.0,0.0,-1.0,,,,,BSCC,2025-10-28 15:47:53,36689
2486,BSCC_STU02486,0.0,0.0,0.0,0.0,0.0,0.0,0.0,0.0,1.0,,,,,BSCC,2025-10-28 15:47:53,36571
2487,BSCC_STU02487,0.0,0.0,0.0,0.0,0.0,0.0,0.0,0.0,0.0,,,,,BSCC,2025-10-28 15:47:53,36662
2488,BSCC_STU02488,0.0,0.0,0.0,0.0,0.0,0.0,0.0,0.0,-1.0,,,,,BSCC,2025-10-28 15:47:53,36694
2489,BSCC_STU02489,0.0,0.0,0.0,0.0,0.0,0.0,0.0,0.0,-1.0,,,,,BSCC,2025-10-28 15:47:53,36670
2490,BSCC_STU02490,0.0,0.0,0.0,0.0,0.0,0.0,0.0,0.0,-1.0,,,,,BSCC,2025-10-28 15:47:53,36629
2491,BSCC_STU02491,0.0,0.0,0.0,0.0,0.0,0.0,0.0,0.0,1.0,,,,,BSCC,2025-10-28 15:47:53,36660
2492,BSCC_STU02492,0.0,0.0,0.0,0.0,0.0,0.0,0.0,0.0,0.0,,,,,BSCC,2025-10-28 15:47:53,36630
2493,BSCC_STU02493,0.0,0.0,0.0,0.0,0.0,0.0,0.0,0.0,1.0,,,,,BSCC,2025-10-28 15:47:53,36636
2494,BSCC_STU02494,0.0,0.0,0.0,0.0,0.0,0.0,0.0,0.0,-1.0,,,,,BSCC,2025-10-28 15:47:53,36665
2495,BSCC_STU02495,0.0,0.0,0.0,0.0,0.0,0.0,0.0,0.0,0.0,,,,,BSCC,2025-10-28 15:47:53,36630
2496,BSCC_STU02496,0.0,0.0,0.0,0.0,0.0,0.0,0.0,0.0,0.0,,,,,BSCC,2025-10-28 15:47:53,36631
2497,BSCC_STU02497,0.0,0.0,0.0,0.0,0.0,0.0,0.0,0.0,0.0,,,,,BSCC,2025-10-28 15:47:53,36639
2498,BSCC_STU02498,0.0,0.0,0.0,0.0,0.0,0.0,0.0,0.0,0.0,,,,,BSCC,2025-10-28 15:47:53,36635
2499,BSCC_STU02499,0.0,0.0,0.0,0.0,0.0,3.0,0.0,3.0,0.0,GA,Master's Colleges and Universities,Master's Colleges and Universities,Suburb,BSCC,2025-10-28 15:47:53,36604
2500,BSCC_STU02500,0.0,0.0,0.0,0.0,0.0,0.0,0.0,0.0,1.0,,,,,BSCC,2025-10-28 15:47:53,36654
2501,BSCC_STU02501,0.0,0.0,0.0,0.0,0.0,0.0,0.0,0.0,1.0,,,,,BSCC,2025-10-28 15:47:53,36662
2502,BSCC_STU02502,0.0,0.0,0.0,0.0,0.0,0.0,0.0,0.0,0.0,,,,,BSCC,2025-10-28 15:47:53,36642
2503,BSCC_STU02503,0.0,0.0,0.0,0.0,0.0,0.0,0.0,0.0,1.0,,,,,BSCC,2025-10-28 15:47:53,36647
2504,BSCC_STU02504,0.0,0.0,0.0,0.0,0.0,0.0,0.0,0.0,-1.0,,,,,BSCC,2025-10-28 15:47:53,36621
2505,BSCC_STU02505,0.0,0.0,0.0,0.0,0.0,0.0,0.0,0.0,0.0,,,,,BSCC,2025-10-28 15:47:53,36637
2506,BSCC_STU02506,0.0,0.0,0.0,0.0,0.0,0.0,0.0,0.0,1.0,,,,,BSCC,2025-10-28 15:47:53,36678
2507,BSCC_STU02507,0.0,0.0,0.0,0.0,0.0,0.0,0.0,0.0,-1.0,,,,,BSCC,2025-10-28 15:47:53,36608
2508,BSCC_STU02508,0.0,0.0,0.0,0.0,0.0,0.0,0.0,0.0,-1.0,,,,,BSCC,2025-10-28 15:47:53,36622
2509,BSCC_STU02509,0.0,0.0,0.0,0.0,0.0,0.0,0.0,0.0,-1.0,,,,,BSCC,2025-10-28 15:47:53,36627
2510,BSCC_STU02510,0.0,0.0,0.0,0.0,0.0,0.0,0.0,0.0,1.0,,,,,BSCC,2025-10-28 15:47:53,36665
2511,BSCC_STU02511,0.0,0.0,0.0,0.0,0.0,0.0,0.0,0.0,0.0,,,,,BSCC,2025-10-28 15:47:53,36633
2512,BSCC_STU02512,0.0,0.0,0.0,0.0,0.0,0.0,0.0,0.0,1.0,,,,,BSCC,2025-10-28 15:47:53,36616
2513,BSCC_STU02513,0.0,0.0,0.0,0.0,0.0,0.0,0.0,0.0,1.0,,,,,BSCC,2025-10-28 15:47:53,36607
2514,BSCC_STU02514,0.0,0.0,0.0,0.0,0.0,0.0,0.0,0.0,0.0,,,,,BSCC,2025-10-28 15:47:53,36669
2515,BSCC_STU02515,0.0,0.0,0.0,0.0,0.0,0.0,0.0,0.0,-1.0,,,,,BSCC,2025-10-28 15:47:53,36649
2516,BSCC_STU02516,0.0,0.0,0.0,0.0,0.0,0.0,0.0,0.0,-1.0,,,,,BSCC,2025-10-28 15:47:53,36650
2517,BSCC_STU02517,0.0,0.0,0.0,0.0,0.0,1.0,0.0,1.0,1.0,TN,Associate's Colleges,Associate's Colleges,Town/Rural,BSCC,2025-10-28 15:47:53,36694
2518,BSCC_STU02518,0.0,0.0,0.0,0.0,0.0,0.0,0.0,0.0,-1.0,,,,,BSCC,2025-10-28 15:47:53,36615
2519,BSCC_STU02519,0.0,0.0,0.0,0.0,4.0,0.0,4.0,0.0,0.0,,,,,BSCC,2025-10-28 15:47:53,36680
2520,BSCC_STU02520,0.0,0.0,0.0,0.0,0.0,0.0,0.0,0.0,0.0,,,,,BSCC,2025-10-28 15:47:53,36655
2521,BSCC_STU02521,0.0,0.0,0.0,0.0,0.0,0.0,0.0,0.0,-1.0,,,,,BSCC,2025-10-28 15:47:53,36685
2522,BSCC_STU02522,0.0,0.0,0.0,0.0,0.0,3.0,0.0,3.0,1.0,GA,Associate's Colleges,Associate's Colleges,Urban,BSCC,2025-10-28 15:47:53,36683
2523,BSCC_STU02523,0.0,0.0,0.0,0.0,0.0,0.0,0.0,0.0,-1.0,,,,,BSCC,2025-10-28 15:47:53,36646
2524,BSCC_STU02524,0.0,4.0,0.0,4.0,5.0,0.0,5.0,0.0,1.0,,,,,BSCC,2025-10-28 15:47:53,36642
2525,BSCC_STU02525,0.0,0.0,0.0,0.0,0.0,0.0,0.0,0.0,0.0,,,,,BSCC,2025-10-28 15:47:53,36645
2526,BSCC_STU02526,0.0,0.0,0.0,0.0,0.0,0.0,0.0,0.0,0.0,,,,,BSCC,2025-10-28 15:47:53,36605
2527,BSCC_STU02527,0.0,0.0,0.0,0.0,0.0,0.0,0.0,0.0,0.0,,,,,BSCC,2025-10-28 15:47:53,36694
2528,BSCC_STU02528,0.0,0.0,0.0,0.0,0.0,0.0,0.0,0.0,1.0,,,,,BSCC,2025-10-28 15:47:53,36642
2529,BSCC_STU02529,0.0,0.0,0.0,0.0,0.0,0.0,0.0,0.0,0.0,,,,,BSCC,2025-10-28 15:47:53,36571
2530,BSCC_STU02530,0.0,0.0,0.0,0.0,0.0,0.0,0.0,0.0,1.0,,,,,BSCC,2025-10-28 15:47:53,36657
2531,BSCC_STU02531,0.0,0.0,0.0,0.0,0.0,0.0,0.0,0.0,1.0,,,,,BSCC,2025-10-28 15:47:53,36691
2532,BSCC_STU02532,0.0,0.0,0.0,0.0,0.0,0.0,0.0,0.0,0.0,,,,,BSCC,2025-10-28 15:47:53,36635
2533,BSCC_STU02533,0.0,0.0,0.0,0.0,0.0,0.0,0.0,0.0,0.0,,,,,BSCC,2025-10-28 15:47:53,36623
2534,BSCC_STU02534,0.0,0.0,0.0,0.0,0.0,0.0,0.0,0.0,0.0,,,,,BSCC,2025-10-28 15:47:53,36607
2535,BSCC_STU02535,0.0,0.0,0.0,0.0,0.0,0.0,0.0,0.0,0.0,,,,,BSCC,2025-10-28 15:47:53,36684
2536,BSCC_STU02536,0.0,0.0,0.0,0.0,0.0,0.0,0.0,0.0,-1.0,,,,,BSCC,2025-10-28 15:47:53,36688
2537,BSCC_STU02537,0.0,0.0,0.0,0.0,0.0,0.0,0.0,0.0,-1.0,,,,,BSCC,2025-10-28 15:47:53,36644
2538,BSCC_STU02538,0.0,0.0,0.0,0.0,0.0,0.0,0.0,0.0,1.0,,,,,BSCC,2025-10-28 15:47:53,36643
2539,BSCC_STU02539,0.0,0.0,0.0,0.0,2.0,0.0,2.0,0.0,0.0,,,,,BSCC,2025-10-28 15:47:53,36669
2540,BSCC_STU02540,0.0,0.0,0.0,0.0,0.0,0.0,0.0,0.0,1.0,,,,,BSCC,2025-10-28 15:47:53,36660
2541,BSCC_STU02541,0.0,0.0,0.0,0.0,0.0,0.0,0.0,0.0,1.0,,,,,BSCC,2025-10-28 15:47:53,36640
2542,BSCC_STU02542,0.0,0.0,0.0,0.0,0.0,0.0,0.0,0.0,0.0,,,,,BSCC,2025-10-28 15:47:53,36685
2543,BSCC_STU02543,0.0,0.0,0.0,0.0,0.0,0.0,0.0,0.0,0.0,,,,,BSCC,2025-10-28 15:47:53,36622
2544,BSCC_STU02544,0.0,0.0,0.0,0.0,0.0,0.0,0.0,0.0,-1.0,,,,,BSCC,2025-10-28 15:47:53,36624
2545,BSCC_STU02545,0.0,0.0,0.0,0.0,0.0,0.0,0.0,0.0,1.0,,,,,BSCC,2025-10-28 15:47:53,36639
2546,BSCC_STU02546,0.0,0.0,0.0,0.0,0.0,2.0,0.0,2.0,-1.0,TN,Master's Colleges and Universities,Master's Colleges and Universities,Suburb,BSCC,2025-10-28 15:47:53,36639
2547,BSCC_STU02547,0.0,0.0,0.0,0.0,0.0,0.0,0.0,0.0,0.0,,,,,BSCC,2025-10-28 15:47:53,36647
2548,BSCC_STU02548,0.0,0.0,0.0,0.0,0.0,0.0,0.0,0.0,-1.0,,,,,BSCC,2025-10-28 15:47:53,36524
2549,BSCC_STU02549,0.0,0.0,0.0,0.0,0.0,0.0,0.0,0.0,-1.0,,,,,BSCC,2025-10-28 15:47:53,36686
2550,BSCC_STU02550,0.0,0.0,0.0,0.0,0.0,0.0,0.0,0.0,0.0,,,,,BSCC,2025-10-28 15:47:53,36602
2551,BSCC_STU02551,0.0,0.0,0.0,0.0,0.0,0.0,0.0,0.0,0.0,,,,,BSCC,2025-10-28 15:47:53,36525
2552,BSCC_STU02552,0.0,0.0,0.0,0.0,0.0,0.0,0.0,0.0,0.0,,,,,BSCC,2025-10-28 15:47:53,36667
2553,BSCC_STU02553,0.0,0.0,0.0,0.0,0.0,0.0,0.0,0.0,1.0,,,,,BSCC,2025-10-28 15:47:53,36639
2554,BSCC_STU02554,0.0,0.0,0.0,0.0,0.0,0.0,0.0,0.0,0.0,,,,,BSCC,2025-10-28 15:47:53,36615
2555,BSCC_STU02555,0.0,0.0,0.0,0.0,0.0,0.0,0.0,0.0,1.0,,,,,BSCC,2025-10-28 15:47:53,36617
2556,BSCC_STU02556,0.0,0.0,0.0,0.0,0.0,0.0,0.0,0.0,-1.0,,,,,BSCC,2025-10-28 15:47:53,36668
2557,BSCC_STU02557,0.0,0.0,0.0,0.0,0.0,0.0,0.0,0.0,1.0,,,,,BSCC,2025-10-28 15:47:53,36650
2558,BSCC_STU02558,0.0,0.0,0.0,0.0,0.0,0.0,0.0,0.0,-1.0,,,,,BSCC,2025-10-28 15:47:53,36692
2559,BSCC_STU02559,0.0,0.0,0.0,0.0,0.0,0.0,0.0,0.0,0.0,,,,,BSCC,2025-10-28 15:47:53,36668
2560,BSCC_STU02560,0.0,0.0,0.0,0.0,0.0,0.0,0.0,0.0,0.0,,,,,BSCC,2025-10-28 15:47:53,36622
2561,BSCC_STU02561,0.0,0.0,0.0,0.0,0.0,0.0,0.0,0.0,0.0,,,,,BSCC,2025-10-28 15:47:53,36627
2562,BSCC_STU02562,0.0,0.0,0.0,0.0,0.0,0.0,0.0,0.0,1.0,,,,,BSCC,2025-10-28 15:47:53,36687
2563,BSCC_STU02563,0.0,0.0,0.0,0.0,0.0,0.0,0.0,0.0,-1.0,,,,,BSCC,2025-10-28 15:47:53,36613
2564,BSCC_STU02564,0.0,0.0,0.0,0.0,0.0,0.0,0.0,0.0,0.0,,,,,BSCC,2025-10-28 15:47:53,36610
2565,BSCC_STU02565,0.0,0.0,0.0,0.0,0.0,0.0,0.0,0.0,-1.0,,,,,BSCC,2025-10-28 15:47:53,36692
2566,BSCC_STU02566,0.0,0.0,0.0,0.0,0.0,0.0,0.0,0.0,0.0,,,,,BSCC,2025-10-28 15:47:53,36695
2567,BSCC_STU02567,0.0,0.0,0.0,0.0,0.0,0.0,0.0,0.0,0.0,,,,,BSCC,2025-10-28 15:47:53,36648
2568,BSCC_STU02568,0.0,0.0,0.0,0.0,0.0,0.0,0.0,0.0,1.0,,,,,BSCC,2025-10-28 15:47:53,36646
2569,BSCC_STU02569,0.0,0.0,0.0,0.0,4.0,0.0,4.0,0.0,0.0,,,,,BSCC,2025-10-28 15:47:53,36632
2570,BSCC_STU02570,0.0,0.0,0.0,0.0,0.0,0.0,0.0,0.0,-1.0,,,,,BSCC,2025-10-28 15:47:53,36673
2571,BSCC_STU02571,0.0,0.0,0.0,0.0,0.0,0.0,0.0,0.0,0.0,,,,,BSCC,2025-10-28 15:47:53,36640
2572,BSCC_STU02572,0.0,0.0,0.0,0.0,0.0,0.0,0.0,0.0,-1.0,,,,,BSCC,2025-10-28 15:47:53,36670
2573,BSCC_STU02573,0.0,0.0,0.0,0.0,0.0,0.0,0.0,0.0,-1.0,,,,,BSCC,2025-10-28 15:47:53,36524
2574,BSCC_STU02574,0.0,0.0,0.0,0.0,0.0,0.0,0.0,0.0,-1.0,,,,,BSCC,2025-10-28 15:47:53,36602
2575,BSCC_STU02575,0.0,0.0,0.0,0.0,0.0,0.0,0.0,0.0,0.0,,,,,BSCC,2025-10-28 15:47:53,36664
2576,BSCC_STU02576,0.0,0.0,0.0,0.0,0.0,0.0,0.0,0.0,1.0,,,,,BSCC,2025-10-28 15:47:53,36671
2577,BSCC_STU02577,0.0,0.0,0.0,0.0,0.0,0.0,0.0,0.0,0.0,,,,,BSCC,2025-10-28 15:47:53,36629
2578,BSCC_STU02578,0.0,0.0,0.0,0.0,0.0,0.0,0.0,0.0,0.0,,,,,BSCC,2025-10-28 15:47:53,36676
2579,BSCC_STU02579,0.0,0.0,0.0,0.0,0.0,0.0,0.0,0.0,1.0,,,,,BSCC,2025-10-28 15:47:53,36671
2580,BSCC_STU02580,0.0,0.0,0.0,0.0,0.0,0.0,0.0,0.0,-1.0,,,,,BSCC,2025-10-28 15:47:53,36608
2581,BSCC_STU02581,0.0,0.0,0.0,0.0,5.0,0.0,5.0,0.0,-1.0,,,,,BSCC,2025-10-28 15:47:53,36642
2582,BSCC_STU02582,0.0,0.0,0.0,0.0,0.0,0.0,0.0,0.0,-1.0,,,,,BSCC,2025-10-28 15:47:53,36665
2583,BSCC_STU02583,0.0,0.0,0.0,0.0,0.0,0.0,0.0,0.0,-1.0,,,,,BSCC,2025-10-28 15:47:53,36636
2584,BSCC_STU02584,0.0,0.0,0.0,0.0,0.0,0.0,0.0,0.0,0.0,,,,,BSCC,2025-10-28 15:47:53,36685
2585,BSCC_STU02585,0.0,0.0,0.0,0.0,0.0,0.0,0.0,0.0,1.0,,,,,BSCC,2025-10-28 15:47:53,36674
2586,BSCC_STU02586,0.0,0.0,0.0,0.0,0.0,0.0,0.0,0.0,-1.0,,,,,BSCC,2025-10-28 15:47:53,36605
2587,BSCC_STU02587,0.0,0.0,0.0,0.0,0.0,0.0,0.0,0.0,1.0,,,,,BSCC,2025-10-28 15:47:53,36673
2588,BSCC_STU02588,0.0,0.0,0.0,0.0,0.0,0.0,0.0,0.0,1.0,,,,,BSCC,2025-10-28 15:47:53,36688
2589,BSCC_STU02589,0.0,0.0,0.0,0.0,0.0,0.0,0.0,0.0,0.0,,,,,BSCC,2025-10-28 15:47:53,36629
2590,BSCC_STU02590,0.0,0.0,0.0,0.0,0.0,0.0,0.0,0.0,1.0,,,,,BSCC,2025-10-28 15:47:53,36618
2591,BSCC_STU02591,0.0,0.0,0.0,0.0,0.0,0.0,0.0,0.0,0.0,,,,,BSCC,2025-10-28 15:47:53,36635
2592,BSCC_STU02592,0.0,0.0,0.0,0.0,0.0,0.0,0.0,0.0,1.0,,,,,BSCC,2025-10-28 15:47:53,36683
2593,BSCC_STU02593,0.0,0.0,0.0,0.0,0.0,0.0,0.0,0.0,1.0,,,,,BSCC,2025-10-28 15:47:53,36634
2594,BSCC_STU02594,0.0,0.0,0.0,0.0,4.0,0.0,4.0,0.0,-1.0,,,,,BSCC,2025-10-28 15:47:53,36669
2595,BSCC_STU02595,0.0,0.0,0.0,0.0,0.0,0.0,0.0,0.0,0.0,,,,,BSCC,2025-10-28 15:47:53,36695
2596,BSCC_STU02596,0.0,0.0,0.0,0.0,0.0,0.0,0.0,0.0,-1.0,,,,,BSCC,2025-10-28 15:47:53,36684
2597,BSCC_STU02597,0.0,0.0,0.0,0.0,0.0,0.0,0.0,0.0,0.0,,,,,BSCC,2025-10-28 15:47:53,36642
2598,BSCC_STU02598,0.0,0.0,0.0,0.0,0.0,0.0,0.0,0.0,-1.0,,,,,BSCC,2025-10-28 15:47:53,36627
2599,BSCC_STU02599,0.0,0.0,0.0,0.0,0.0,0.0,0.0,0.0,0.0,,,,,BSCC,2025-10-28 15:47:53,36644
2600,BSCC_STU02600,0.0,0.0,0.0,0.0,0.0,0.0,0.0,0.0,-1.0,,,,,BSCC,2025-10-28 15:47:53,36660
2601,BSCC_STU02601,0.0,0.0,0.0,0.0,0.0,0.0,0.0,0.0,-1.0,,,,,BSCC,2025-10-28 15:47:53,36662
2602,BSCC_STU02602,0.0,0.0,0.0,0.0,0.0,0.0,0.0,0.0,0.0,,,,,BSCC,2025-10-28 15:47:53,36525
2603,BSCC_STU02603,0.0,0.0,0.0,0.0,0.0,0.0,0.0,0.0,0.0,,,,,BSCC,2025-10-28 15:47:53,36690
2604,BSCC_STU02604,0.0,5.0,0.0,5.0,4.0,0.0,4.0,0.0,-1.0,,,,,BSCC,2025-10-28 15:47:53,36647
2605,BSCC_STU02605,0.0,0.0,0.0,0.0,0.0,0.0,0.0,0.0,-1.0,,,,,BSCC,2025-10-28 15:47:53,36626
2606,BSCC_STU02606,0.0,0.0,0.0,0.0,0.0,0.0,0.0,0.0,-1.0,,,,,BSCC,2025-10-28 15:47:53,36613
2607,BSCC_STU02607,0.0,0.0,0.0,0.0,0.0,0.0,0.0,0.0,1.0,,,,,BSCC,2025-10-28 15:47:53,36641
2608,BSCC_STU02608,0.0,0.0,0.0,0.0,0.0,0.0,0.0,0.0,-1.0,,,,,BSCC,2025-10-28 15:47:53,36587
2609,BSCC_STU02609,0.0,0.0,0.0,0.0,0.0,0.0,0.0,0.0,0.0,,,,,BSCC,2025-10-28 15:47:53,36621
2610,BSCC_STU02610,0.0,4.0,0.0,4.0,0.0,3.0,0.0,3.0,1.0,GA,Associate's Colleges,Associate's Colleges,Urban,BSCC,2025-10-28 15:47:53,36637
2611,BSCC_STU02611,0.0,0.0,0.0,0.0,0.0,3.0,0.0,3.0,-1.0,AL,Associate's Colleges,Associate's Colleges,Town/Rural,BSCC,2025-10-28 15:47:53,36636
2612,BSCC_STU02612,0.0,0.0,0.0,0.0,0.0,0.0,0.0,0.0,1.0,,,,,BSCC,2025-10-28 15:47:53,36668
2613,BSCC_STU02613,0.0,0.0,0.0,0.0,0.0,0.0,0.0,0.0,0.0,,,,,BSCC,2025-10-28 15:47:53,36650
2614,BSCC_STU02614,0.0,0.0,0.0,0.0,0.0,0.0,0.0,0.0,0.0,,,,,BSCC,2025-10-28 15:47:53,36640
2615,BSCC_STU02615,0.0,0.0,0.0,0.0,0.0,0.0,0.0,0.0,-1.0,,,,,BSCC,2025-10-28 15:47:53,36608
2616,BSCC_STU02616,0.0,0.0,0.0,0.0,0.0,0.0,0.0,0.0,0.0,,,,,BSCC,2025-10-28 15:47:53,36609
2617,BSCC_STU02617,0.0,0.0,0.0,0.0,0.0,0.0,0.0,0.0,-1.0,,,,,BSCC,2025-10-28 15:47:53,36644
2618,BSCC_STU02618,0.0,0.0,0.0,0.0,0.0,0.0,0.0,0.0,1.0,,,,,BSCC,2025-10-28 15:47:53,36689
2619,BSCC_STU02619,0.0,0.0,0.0,0.0,0.0,0.0,0.0,0.0,1.0,,,,,BSCC,2025-10-28 15:47:53,36646
2620,BSCC_STU02620,0.0,0.0,0.0,0.0,0.0,0.0,0.0,0.0,0.0,,,,,BSCC,2025-10-28 15:47:53,36621
2621,BSCC_STU02621,0.0,0.0,0.0,0.0,0.0,0.0,0.0,0.0,1.0,,,,,BSCC,2025-10-28 15:47:53,36638
2622,BSCC_STU02622,0.0,0.0,0.0,0.0,0.0,0.0,0.0,0.0,0.0,,,,,BSCC,2025-10-28 15:47:53,36638
2623,BSCC_STU02623,0.0,0.0,0.0,0.0,4.0,0.0,4.0,0.0,0.0,,,,,BSCC,2025-10-28 15:47:53,36694
2624,BSCC_STU02624,0.0,0.0,0.0,0.0,0.0,0.0,0.0,0.0,0.0,,,,,BSCC,2025-10-28 15:47:53,36525
2625,BSCC_STU02625,0.0,0.0,0.0,0.0,0.0,0.0,0.0,0.0,0.0,,,,,BSCC,2025-10-28 15:47:53,36674
2626,BSCC_STU02626,0.0,0.0,0.0,0.0,4.0,0.0,4.0,0.0,-1.0,,,,,BSCC,2025-10-28 15:47:53,36651
2627,BSCC_STU02627,0.0,0.0,0.0,0.0,0.0,0.0,0.0,0.0,0.0,,,,,BSCC,2025-10-28 15:47:53,36601
2628,BSCC_STU02628,0.0,0.0,0.0,0.0,0.0,0.0,0.0,0.0,-1.0,,,,,BSCC,2025-10-28 15:47:53,36681
2629,BSCC_STU02629,0.0,0.0,0.0,0.0,0.0,0.0,0.0,0.0,0.0,,,,,BSCC,2025-10-28 15:47:53,36654
2630,BSCC_STU02630,0.0,0.0,0.0,0.0,0.0,0.0,0.0,0.0,0.0,,,,,BSCC,2025-10-28 15:47:53,36609
2631,BSCC_STU02631,0.0,0.0,0.0,0.0,0.0,0.0,0.0,0.0,0.0,,,,,BSCC,2025-10-28 15:47:53,36618
2632,BSCC_STU02632,0.0,0.0,0.0,0.0,0.0,0.0,0.0,0.0,-1.0,,,,,BSCC,2025-10-28 15:47:53,36612
2633,BSCC_STU02633,0.0,0.0,0.0,0.0,0.0,0.0,0.0,0.0,1.0,,,,,BSCC,2025-10-28 15:47:53,36679
2634,BSCC_STU02634,0.0,0.0,0.0,0.0,0.0,0.0,0.0,0.0,0.0,,,,,BSCC,2025-10-28 15:47:53,36630
2635,BSCC_STU02635,0.0,0.0,0.0,0.0,0.0,2.0,0.0,2.0,0.0,TN,Master's Colleges and Universities,Master's Colleges and Universities,Town/Rural,BSCC,2025-10-28 15:47:53,36524
2636,BSCC_STU02636,0.0,0.0,0.0,0.0,0.0,0.0,0.0,0.0,1.0,,,,,BSCC,2025-10-28 15:47:53,36609
2637,BSCC_STU02637,0.0,0.0,0.0,0.0,0.0,0.0,0.0,0.0,0.0,,,,,BSCC,2025-10-28 15:47:53,36634
2638,BSCC_STU02638,0.0,0.0,0.0,0.0,3.0,0.0,3.0,0.0,1.0,,,,,BSCC,2025-10-28 15:47:53,36540
2639,BSCC_STU02639,0.0,0.0,0.0,0.0,0.0,0.0,0.0,0.0,0.0,,,,,BSCC,2025-10-28 15:47:53,36560
2640,BSCC_STU02640,0.0,0.0,0.0,0.0,0.0,0.0,0.0,0.0,-1.0,,,,,BSCC,2025-10-28 15:47:53,36656
2641,BSCC_STU02641,0.0,0.0,0.0,0.0,0.0,4.0,0.0,4.0,1.0,TN,Associate's Colleges,Associate's Colleges,Urban,BSCC,2025-10-28 15:47:53,36653
2642,BSCC_STU02642,0.0,0.0,0.0,0.0,0.0,0.0,0.0,0.0,0.0,,,,,BSCC,2025-10-28 15:47:53,36665
2643,BSCC_STU02643,0.0,0.0,0.0,0.0,0.0,0.0,0.0,0.0,0.0,,,,,BSCC,2025-10-28 15:47:53,36615
2644,BSCC_STU02644,0.0,0.0,0.0,0.0,0.0,0.0,0.0,0.0,1.0,,,,,BSCC,2025-10-28 15:47:53,36672
2645,BSCC_STU02645,0.0,0.0,0.0,0.0,0.0,0.0,0.0,0.0,0.0,,,,,BSCC,2025-10-28 15:47:53,36524
2646,BSCC_STU02646,0.0,0.0,0.0,0.0,0.0,0.0,0.0,0.0,0.0,,,,,BSCC,2025-10-28 15:47:53,36621
2647,BSCC_STU02647,0.0,5.0,0.0,5.0,0.0,3.0,0.0,3.0,-1.0,TN,Associate's Colleges,Associate's Colleges,Town/Rural,BSCC,2025-10-28 15:47:53,36662
2648,BSCC_STU02648,0.0,0.0,0.0,0.0,3.0,0.0,3.0,0.0,1.0,,,,,BSCC,2025-10-28 15:47:53,36627
2649,BSCC_STU02649,0.0,0.0,0.0,0.0,0.0,0.0,0.0,0.0,0.0,,,,,BSCC,2025-10-28 15:47:53,36674
2650,BSCC_STU02650,0.0,0.0,0.0,0.0,0.0,0.0,0.0,0.0,-1.0,,,,,BSCC,2025-10-28 15:47:53,36688
2651,BSCC_STU02651,0.0,0.0,0.0,0.0,0.0,0.0,0.0,0.0,0.0,,,,,BSCC,2025-10-28 15:47:53,36618
2652,BSCC_STU02652,0.0,0.0,0.0,0.0,0.0,0.0,0.0,0.0,-1.0,,,,,BSCC,2025-10-28 15:47:53,36681
2653,BSCC_STU02653,0.0,0.0,0.0,0.0,3.0,0.0,3.0,0.0,0.0,,,,,BSCC,2025-10-28 15:47:53,36610
2654,BSCC_STU02654,0.0,5.0,0.0,5.0,0.0,4.0,0.0,4.0,0.0,FL,Associate's Colleges,Associate's Colleges,Urban,BSCC,2025-10-28 15:47:53,36650
2655,BSCC_STU02655,0.0,0.0,0.0,0.0,0.0,0.0,0.0,0.0,0.0,,,,,BSCC,2025-10-28 15:47:53,36644
2656,BSCC_STU02656,0.0,0.0,0.0,0.0,0.0,0.0,0.0,0.0,0.0,,,,,BSCC,2025-10-28 15:47:53,36604
2657,BSCC_STU02657,0.0,0.0,0.0,0.0,0.0,0.0,0.0,0.0,-1.0,,,,,BSCC,2025-10-28 15:47:53,36610
2658,BSCC_STU02658,0.0,4.0,0.0,4.0,4.0,0.0,4.0,0.0,0.0,,,,,BSCC,2025-10-28 15:47:53,36643
2659,BSCC_STU02659,0.0,0.0,0.0,0.0,0.0,0.0,0.0,0.0,1.0,,,,,BSCC,2025-10-28 15:47:53,36560
2660,BSCC_STU02660,0.0,0.0,0.0,0.0,0.0,0.0,0.0,0.0,1.0,,,,,BSCC,2025-10-28 15:47:53,36669
2661,BSCC_STU02661,0.0,0.0,0.0,0.0,0.0,0.0,0.0,0.0,0.0,,,,,BSCC,2025-10-28 15:47:53,36618
2662,BSCC_STU02662,0.0,0.0,0.0,0.0,0.0,0.0,0.0,0.0,1.0,,,,,BSCC,2025-10-28 15:47:53,36643
2663,BSCC_STU02663,0.0,0.0,0.0,0.0,0.0,0.0,0.0,0.0,-1.0,,,,,BSCC,2025-10-28 15:47:53,36644
2664,BSCC_STU02664,0.0,0.0,0.0,0.0,0.0,0.0,0.0,0.0,0.0,,,,,BSCC,2025-10-28 15:47:53,36609
2665,BSCC_STU02665,0.0,0.0,0.0,0.0,0.0,0.0,0.0,0.0,-1.0,,,,,BSCC,2025-10-28 15:47:53,36560
2666,BSCC_STU02666,0.0,0.0,0.0,0.0,0.0,0.0,0.0,0.0,0.0,,,,,BSCC,2025-10-28 15:47:53,36675
2667,BSCC_STU02667,0.0,0.0,0.0,0.0,0.0,0.0,0.0,0.0,-1.0,,,,,BSCC,2025-10-28 15:47:53,36524
2668,BSCC_STU02668,0.0,0.0,0.0,0.0,0.0,0.0,0.0,0.0,0.0,,,,,BSCC,2025-10-28 15:47:53,36603
2669,BSCC_STU02669,0.0,0.0,0.0,0.0,0.0,0.0,0.0,0.0,-1.0,,,,,BSCC,2025-10-28 15:47:53,36650
2670,BSCC_STU02670,0.0,0.0,0.0,0.0,0.0,0.0,0.0,0.0,-1.0,,,,,BSCC,2025-10-28 15:47:53,36661
2671,BSCC_STU02671,0.0,0.0,0.0,0.0,0.0,0.0,0.0,0.0,-1.0,,,,,BSCC,2025-10-28 15:47:53,36647
2672,BSCC_STU02672,0.0,0.0,0.0,0.0,0.0,0.0,0.0,0.0,-1.0,,,,,BSCC,2025-10-28 15:47:53,36682
2673,BSCC_STU02673,0.0,0.0,0.0,0.0,0.0,0.0,0.0,0.0,0.0,,,,,BSCC,2025-10-28 15:47:53,36650
2674,BSCC_STU02674,0.0,0.0,0.0,0.0,0.0,0.0,0.0,0.0,0.0,,,,,BSCC,2025-10-28 15:47:53,36633
2675,BSCC_STU02675,0.0,0.0,0.0,0.0,5.0,0.0,5.0,0.0,0.0,,,,,BSCC,2025-10-28 15:47:53,36664
2676,BSCC_STU02676,0.0,0.0,0.0,0.0,0.0,0.0,0.0,0.0,0.0,,,,,BSCC,2025-10-28 15:47:53,36613
2677,BSCC_STU02677,0.0,0.0,0.0,0.0,0.0,0.0,0.0,0.0,1.0,,,,,BSCC,2025-10-28 15:47:53,36685
2678,BSCC_STU02678,0.0,0.0,0.0,0.0,0.0,0.0,0.0,0.0,1.0,,,,,BSCC,2025-10-28 15:47:53,36525
2679,BSCC_STU02679,0.0,0.0,0.0,0.0,0.0,0.0,0.0,0.0,1.0,,,,,BSCC,2025-10-28 15:47:53,36683
2680,BSCC_STU02680,0.0,0.0,0.0,0.0,3.0,0.0,3.0,0.0,0.0,,,,,BSCC,2025-10-28 15:47:53,36617
2681,BSCC_STU02681,0.0,0.0,0.0,0.0,0.0,0.0,0.0,0.0,-1.0,,,,,BSCC,2025-10-28 15:47:53,36613
2682,BSCC_STU02682,0.0,0.0,0.0,0.0,0.0,0.0,0.0,0.0,-1.0,,,,,BSCC,2025-10-28 15:47:53,36639
2683,BSCC_STU02683,0.0,0.0,0.0,0.0,0.0,0.0,0.0,0.0,-1.0,,,,,BSCC,2025-10-28 15:47:53,36587
2684,BSCC_STU02684,0.0,0.0,0.0,0.0,0.0,0.0,0.0,0.0,0.0,,,,,BSCC,2025-10-28 15:47:53,36668
2685,BSCC_STU02685,0.0,0.0,0.0,0.0,0.0,0.0,0.0,0.0,-1.0,,,,,BSCC,2025-10-28 15:47:53,36676
2686,BSCC_STU02686,0.0,0.0,0.0,0.0,0.0,0.0,0.0,0.0,-1.0,,,,,BSCC,2025-10-28 15:47:53,36674
2687,BSCC_STU02687,0.0,0.0,0.0,0.0,0.0,0.0,0.0,0.0,-1.0,,,,,BSCC,2025-10-28 15:47:53,36681
2688,BSCC_STU02688,0.0,0.0,0.0,0.0,0.0,0.0,0.0,0.0,0.0,,,,,BSCC,2025-10-28 15:47:53,36545
2689,BSCC_STU02689,0.0,0.0,0.0,0.0,3.0,0.0,3.0,0.0,1.0,,,,,BSCC,2025-10-28 15:47:53,36692
2690,BSCC_STU02690,0.0,0.0,0.0,0.0,0.0,0.0,0.0,0.0,0.0,,,,,BSCC,2025-10-28 15:47:53,36657
2691,BSCC_STU02691,0.0,0.0,0.0,0.0,0.0,0.0,0.0,0.0,1.0,,,,,BSCC,2025-10-28 15:47:53,36624
2692,BSCC_STU02692,0.0,0.0,0.0,0.0,0.0,0.0,0.0,0.0,0.0,,,,,BSCC,2025-10-28 15:47:53,36680
2693,BSCC_STU02693,0.0,4.0,0.0,4.0,3.0,0.0,3.0,0.0,1.0,,,,,BSCC,2025-10-28 15:47:53,36660
2694,BSCC_STU02694,0.0,0.0,0.0,0.0,0.0,0.0,0.0,0.0,-1.0,,,,,BSCC,2025-10-28 15:47:53,36661
2695,BSCC_STU02695,0.0,0.0,0.0,0.0,0.0,0.0,0.0,0.0,0.0,,,,,BSCC,2025-10-28 15:47:53,36686
2696,BSCC_STU02696,0.0,0.0,0.0,0.0,0.0,0.0,0.0,0.0,0.0,,,,,BSCC,2025-10-28 15:47:53,36628
2697,BSCC_STU02697,0.0,0.0,0.0,0.0,0.0,0.0,0.0,0.0,-1.0,,,,,BSCC,2025-10-28 15:47:53,36663
2698,BSCC_STU02698,0.0,0.0,0.0,0.0,0.0,0.0,0.0,0.0,0.0,,,,,BSCC,2025-10-28 15:47:53,36524
2699,BSCC_STU02699,0.0,0.0,0.0,0.0,0.0,0.0,0.0,0.0,0.0,,,,,BSCC,2025-10-28 15:47:53,36651
2700,BSCC_STU02700,0.0,0.0,0.0,0.0,0.0,0.0,0.0,0.0,-1.0,,,,,BSCC,2025-10-28 15:47:53,36603
2701,BSCC_STU02701,0.0,0.0,0.0,0.0,0.0,0.0,0.0,0.0,-1.0,,,,,BSCC,2025-10-28 15:47:53,36695
2702,BSCC_STU02702,0.0,0.0,0.0,0.0,0.0,0.0,0.0,0.0,0.0,,,,,BSCC,2025-10-28 15:47:53,36689
2703,BSCC_STU02703,0.0,0.0,0.0,0.0,0.0,0.0,0.0,0.0,-1.0,,,,,BSCC,2025-10-28 15:47:53,36641
2704,BSCC_STU02704,0.0,0.0,0.0,0.0,0.0,0.0,0.0,0.0,1.0,,,,,BSCC,2025-10-28 15:47:53,36650
2705,BSCC_STU02705,0.0,0.0,0.0,0.0,3.0,0.0,3.0,0.0,-1.0,,,,,BSCC,2025-10-28 15:47:53,36625
2706,BSCC_STU02706,0.0,0.0,0.0,0.0,0.0,0.0,0.0,0.0,0.0,,,,,BSCC,2025-10-28 15:47:53,36646
2707,BSCC_STU02707,0.0,0.0,0.0,0.0,0.0,0.0,0.0,0.0,0.0,,,,,BSCC,2025-10-28 15:47:53,36625
2708,BSCC_STU02708,0.0,0.0,0.0,0.0,0.0,0.0,0.0,0.0,-1.0,,,,,BSCC,2025-10-28 15:47:53,36619
2709,BSCC_STU02709,0.0,0.0,0.0,0.0,0.0,0.0,0.0,0.0,0.0,,,,,BSCC,2025-10-28 15:47:53,36621
2710,BSCC_STU02710,0.0,0.0,0.0,0.0,0.0,0.0,0.0,0.0,-1.0,,,,,BSCC,2025-10-28 15:47:53,36607
2711,BSCC_STU02711,0.0,0.0,0.0,0.0,0.0,0.0,0.0,0.0,0.0,,,,,BSCC,2025-10-28 15:47:53,36672
2712,BSCC_STU02712,0.0,0.0,0.0,0.0,0.0,0.0,0.0,0.0,1.0,,,,,BSCC,2025-10-28 15:47:53,36650
2713,BSCC_STU02713,0.0,0.0,0.0,0.0,0.0,0.0,0.0,0.0,0.0,,,,,BSCC,2025-10-28 15:47:53,36622
2714,BSCC_STU02714,0.0,0.0,0.0,0.0,4.0,0.0,4.0,0.0,0.0,,,,,BSCC,2025-10-28 15:47:53,36615
2715,BSCC_STU02715,0.0,0.0,0.0,0.0,0.0,0.0,0.0,0.0,0.0,,,,,BSCC,2025-10-28 15:47:53,36674
2716,BSCC_STU02716,0.0,0.0,0.0,0.0,0.0,0.0,0.0,0.0,-1.0,,,,,BSCC,2025-10-28 15:47:53,36639
2717,BSCC_STU02717,0.0,0.0,0.0,0.0,0.0,0.0,0.0,0.0,-1.0,,,,,BSCC,2025-10-28 15:47:53,36634
2718,BSCC_STU02718,0.0,0.0,0.0,0.0,0.0,0.0,0.0,0.0,-1.0,,,,,BSCC,2025-10-28 15:47:53,36629
2719,BSCC_STU02719,0.0,0.0,0.0,0.0,0.0,0.0,0.0,0.0,-1.0,,,,,BSCC,2025-10-28 15:47:53,36671
2720,BSCC_STU02720,0.0,0.0,0.0,0.0,0.0,0.0,0.0,0.0,1.0,,,,,BSCC,2025-10-28 15:47:53,36602
2721,BSCC_STU02721,0.0,0.0,0.0,0.0,0.0,0.0,0.0,0.0,-1.0,,,,,BSCC,2025-10-28 15:47:53,36685
2722,BSCC_STU02722,0.0,0.0,0.0,0.0,0.0,0.0,0.0,0.0,-1.0,,,,,BSCC,2025-10-28 15:47:53,36631
2723,BSCC_STU02723,0.0,0.0,0.0,0.0,0.0,0.0,0.0,0.0,-1.0,,,,,BSCC,2025-10-28 15:47:53,36621
2724,BSCC_STU02724,0.0,0.0,0.0,0.0,0.0,0.0,0.0,0.0,1.0,,,,,BSCC,2025-10-28 15:47:53,36661
2725,BSCC_STU02725,0.0,0.0,0.0,0.0,0.0,0.0,0.0,0.0,0.0,,,,,BSCC,2025-10-28 15:47:53,36643
2726,BSCC_STU02726,0.0,0.0,0.0,0.0,0.0,0.0,0.0,0.0,0.0,,,,,BSCC,2025-10-28 15:47:53,36603
2727,BSCC_STU02727,0.0,0.0,0.0,0.0,0.0,0.0,0.0,0.0,-1.0,,,,,BSCC,2025-10-28 15:47:53,36657
2728,BSCC_STU02728,0.0,0.0,0.0,0.0,0.0,0.0,0.0,0.0,-1.0,,,,,BSCC,2025-10-28 15:47:53,36659
2729,BSCC_STU02729,0.0,0.0,0.0,0.0,0.0,0.0,0.0,0.0,0.0,,,,,BSCC,2025-10-28 15:47:53,36601
2730,BSCC_STU02730,0.0,0.0,0.0,0.0,4.0,0.0,4.0,0.0,-1.0,,,,,BSCC,2025-10-28 15:47:53,36695
2731,BSCC_STU02731,0.0,0.0,0.0,0.0,0.0,0.0,0.0,0.0,-1.0,,,,,BSCC,2025-10-28 15:47:53,36662
2732,BSCC_STU02732,0.0,0.0,0.0,0.0,0.0,0.0,0.0,0.0,0.0,,,,,BSCC,2025-10-28 15:47:53,36611
2733,BSCC_STU02733,0.0,0.0,0.0,0.0,0.0,0.0,0.0,0.0,-1.0,,,,,BSCC,2025-10-28 15:47:53,36605
2734,BSCC_STU02734,0.0,0.0,0.0,0.0,0.0,0.0,0.0,0.0,0.0,,,,,BSCC,2025-10-28 15:47:53,36626
2735,BSCC_STU02735,0.0,0.0,0.0,0.0,0.0,4.0,0.0,4.0,-1.0,TN,Associate's Colleges,Associate's Colleges,Urban,BSCC,2025-10-28 15:47:53,36638
2736,BSCC_STU02736,0.0,4.0,0.0,4.0,3.0,0.0,3.0,0.0,1.0,,,,,BSCC,2025-10-28 15:47:53,36658
2737,BSCC_STU02737,0.0,0.0,0.0,0.0,4.0,0.0,4.0,0.0,0.0,,,,,BSCC,2025-10-28 15:47:53,36675
2738,BSCC_STU02738,0.0,0.0,0.0,0.0,0.0,0.0,0.0,0.0,1.0,,,,,BSCC,2025-10-28 15:47:53,36606
2739,BSCC_STU02739,0.0,0.0,0.0,0.0,0.0,0.0,0.0,0.0,1.0,,,,,BSCC,2025-10-28 15:47:53,36684
2740,BSCC_STU02740,0.0,0.0,0.0,0.0,0.0,0.0,0.0,0.0,0.0,,,,,BSCC,2025-10-28 15:47:53,36571
2741,BSCC_STU02741,0.0,0.0,0.0,0.0,0.0,0.0,0.0,0.0,-1.0,,,,,BSCC,2025-10-28 15:47:53,36609
2742,BSCC_STU02742,0.0,0.0,0.0,0.0,0.0,0.0,0.0,0.0,-1.0,,,,,BSCC,2025-10-28 15:47:53,36681
2743,BSCC_STU02743,0.0,0.0,0.0,0.0,0.0,0.0,0.0,0.0,-1.0,,,,,BSCC,2025-10-28 15:47:53,36603
2744,BSCC_STU02744,0.0,0.0,0.0,0.0,0.0,0.0,0.0,0.0,-1.0,,,,,BSCC,2025-10-28 15:47:53,36688
2745,BSCC_STU02745,0.0,0.0,0.0,0.0,0.0,0.0,0.0,0.0,0.0,,,,,BSCC,2025-10-28 15:47:53,36651
2746,BSCC_STU02746,0.0,0.0,0.0,0.0,0.0,0.0,0.0,0.0,-1.0,,,,,BSCC,2025-10-28 15:47:53,36607
2747,BSCC_STU02747,0.0,0.0,0.0,0.0,0.0,0.0,0.0,0.0,1.0,,,,,BSCC,2025-10-28 15:47:53,36545
2748,BSCC_STU02748,0.0,0.0,0.0,0.0,0.0,0.0,0.0,0.0,-1.0,,,,,BSCC,2025-10-28 15:47:53,36605
2749,BSCC_STU02749,0.0,0.0,0.0,0.0,0.0,0.0,0.0,0.0,1.0,,,,,BSCC,2025-10-28 15:47:53,36634
2750,BSCC_STU02750,0.0,0.0,0.0,0.0,0.0,0.0,0.0,0.0,1.0,,,,,BSCC,2025-10-28 15:47:53,36695
2751,BSCC_STU02751,0.0,0.0,0.0,0.0,0.0,0.0,0.0,0.0,0.0,,,,,BSCC,2025-10-28 15:47:53,36672
2752,BSCC_STU02752,0.0,0.0,0.0,0.0,0.0,0.0,0.0,0.0,-1.0,,,,,BSCC,2025-10-28 15:47:53,36640
2753,BSCC_STU02753,0.0,0.0,0.0,0.0,4.0,0.0,4.0,0.0,-1.0,,,,,BSCC,2025-10-28 15:47:53,36689
2754,BSCC_STU02754,0.0,0.0,0.0,0.0,0.0,0.0,0.0,0.0,0.0,,,,,BSCC,2025-10-28 15:47:53,36602
2755,BSCC_STU02755,0.0,0.0,0.0,0.0,0.0,0.0,0.0,0.0,0.0,,,,,BSCC,2025-10-28 15:47:53,36601
2756,BSCC_STU02756,0.0,0.0,0.0,0.0,0.0,0.0,0.0,0.0,1.0,,,,,BSCC,2025-10-28 15:47:53,36685
2757,BSCC_STU02757,0.0,0.0,0.0,0.0,0.0,0.0,0.0,0.0,-1.0,,,,,BSCC,2025-10-28 15:47:53,36657
2758,BSCC_STU02758,0.0,0.0,0.0,0.0,0.0,0.0,0.0,0.0,-1.0,,,,,BSCC,2025-10-28 15:47:53,36675
2759,BSCC_STU02759,0.0,0.0,0.0,0.0,2.0,0.0,2.0,0.0,-1.0,,,,,BSCC,2025-10-28 15:47:53,36653
2760,BSCC_STU02760,0.0,0.0,0.0,0.0,0.0,0.0,0.0,0.0,-1.0,,,,,BSCC,2025-10-28 15:47:53,36651
2761,BSCC_STU02761,0.0,0.0,0.0,0.0,0.0,0.0,0.0,0.0,0.0,,,,,BSCC,2025-10-28 15:47:53,36626
2762,BSCC_STU02762,0.0,0.0,0.0,0.0,0.0,0.0,0.0,0.0,-1.0,,,,,BSCC,2025-10-28 15:47:53,36689
2763,BSCC_STU02763,0.0,3.0,0.0,3.0,2.0,0.0,2.0,0.0,-1.0,,,,,BSCC,2025-10-28 15:47:53,36673
2764,BSCC_STU02764,0.0,0.0,0.0,0.0,0.0,0.0,0.0,0.0,0.0,,,,,BSCC,2025-10-28 15:47:53,36653
2765,BSCC_STU02765,0.0,0.0,0.0,0.0,2.0,0.0,2.0,0.0,0.0,,,,,BSCC,2025-10-28 15:47:53,36690
2766,BSCC_STU02766,0.0,0.0,0.0,0.0,0.0,0.0,0.0,0.0,0.0,,,,,BSCC,2025-10-28 15:47:53,36651
2767,BSCC_STU02767,0.0,0.0,0.0,0.0,0.0,0.0,0.0,0.0,-1.0,,,,,BSCC,2025-10-28 15:47:53,36607
2768,BSCC_STU02768,0.0,0.0,0.0,0.0,0.0,0.0,0.0,0.0,1.0,,,,,BSCC,2025-10-28 15:47:53,36607
2769,BSCC_STU02769,0.0,0.0,0.0,0.0,3.0,0.0,3.0,0.0,1.0,,,,,BSCC,2025-10-28 15:47:53,36662
2770,BSCC_STU02770,0.0,0.0,0.0,0.0,0.0,0.0,0.0,0.0,1.0,,,,,BSCC,2025-10-28 15:47:53,36677
2771,BSCC_STU02771,0.0,0.0,0.0,0.0,0.0,0.0,0.0,0.0,0.0,,,,,BSCC,2025-10-28 15:47:53,36663
2772,BSCC_STU02772,0.0,0.0,0.0,0.0,0.0,0.0,0.0,0.0,-1.0,,,,,BSCC,2025-10-28 15:47:53,36623
2773,BSCC_STU02773,0.0,0.0,0.0,0.0,0.0,0.0,0.0,0.0,0.0,,,,,BSCC,2025-10-28 15:47:53,36670
2774,BSCC_STU02774,0.0,0.0,0.0,0.0,0.0,0.0,0.0,0.0,1.0,,,,,BSCC,2025-10-28 15:47:53,36587
2775,BSCC_STU02775,0.0,0.0,0.0,0.0,0.0,4.0,0.0,4.0,-1.0,MS,Associate's Colleges,Associate's Colleges,Suburb,BSCC,2025-10-28 15:47:53,36640
2776,BSCC_STU02776,0.0,0.0,0.0,0.0,0.0,0.0,0.0,0.0,1.0,,,,,BSCC,2025-10-28 15:47:53,36617
2777,BSCC_STU02777,0.0,0.0,0.0,0.0,0.0,0.0,0.0,0.0,-1.0,,,,,BSCC,2025-10-28 15:47:53,36638
2778,BSCC_STU02778,0.0,0.0,0.0,0.0,0.0,0.0,0.0,0.0,-1.0,,,,,BSCC,2025-10-28 15:47:53,36653
2779,BSCC_STU02779,0.0,0.0,0.0,0.0,0.0,0.0,0.0,0.0,-1.0,,,,,BSCC,2025-10-28 15:47:53,36684
2780,BSCC_STU02780,0.0,3.0,0.0,3.0,3.0,0.0,3.0,0.0,0.0,,,,,BSCC,2025-10-28 15:47:53,36607
2781,BSCC_STU02781,0.0,0.0,0.0,0.0,3.0,0.0,3.0,0.0,-1.0,,,,,BSCC,2025-10-28 15:47:53,36688
2782,BSCC_STU02782,0.0,5.0,0.0,5.0,3.0,0.0,3.0,0.0,-1.0,,,,,BSCC,2025-10-28 15:47:53,36677
2783,BSCC_STU02783,0.0,0.0,0.0,0.0,4.0,0.0,4.0,0.0,-1.0,,,,,BSCC,2025-10-28 15:47:53,36654
2784,BSCC_STU02784,0.0,0.0,0.0,0.0,0.0,0.0,0.0,0.0,-1.0,,,,,BSCC,2025-10-28 15:47:53,36677
2785,BSCC_STU02785,0.0,0.0,0.0,0.0,0.0,0.0,0.0,0.0,1.0,,,,,BSCC,2025-10-28 15:47:53,36660
2786,BSCC_STU02786,0.0,0.0,0.0,0.0,0.0,0.0,0.0,0.0,0.0,,,,,BSCC,2025-10-28 15:47:53,36646
2787,BSCC_STU02787,0.0,0.0,0.0,0.0,0.0,0.0,0.0,0.0,-1.0,,,,,BSCC,2025-10-28 15:47:53,36671
2788,BSCC_STU02788,0.0,0.0,0.0,0.0,0.0,0.0,0.0,0.0,1.0,,,,,BSCC,2025-10-28 15:47:53,36641
2789,BSCC_STU02789,0.0,0.0,0.0,0.0,0.0,0.0,0.0,0.0,1.0,,,,,BSCC,2025-10-28 15:47:53,36587
2790,BSCC_STU02790,0.0,0.0,0.0,0.0,0.0,0.0,0.0,0.0,1.0,,,,,BSCC,2025-10-28 15:47:53,36679
2791,BSCC_STU02791,0.0,0.0,0.0,0.0,0.0,0.0,0.0,0.0,0.0,,,,,BSCC,2025-10-28 15:47:53,36633
2792,BSCC_STU02792,0.0,0.0,0.0,0.0,0.0,0.0,0.0,0.0,0.0,,,,,BSCC,2025-10-28 15:47:53,36661
2793,BSCC_STU02793,0.0,0.0,0.0,0.0,0.0,0.0,0.0,0.0,-1.0,,,,,BSCC,2025-10-28 15:47:53,36670
2794,BSCC_STU02794,0.0,0.0,0.0,0.0,0.0,0.0,0.0,0.0,0.0,,,,,BSCC,2025-10-28 15:47:53,36682
2795,BSCC_STU02795,0.0,0.0,0.0,0.0,0.0,0.0,0.0,0.0,-1.0,,,,,BSCC,2025-10-28 15:47:53,36665
2796,BSCC_STU02796,0.0,0.0,0.0,0.0,0.0,0.0,0.0,0.0,0.0,,,,,BSCC,2025-10-28 15:47:53,36601
2797,BSCC_STU02797,0.0,0.0,0.0,0.0,0.0,0.0,0.0,0.0,0.0,,,,,BSCC,2025-10-28 15:47:53,36622
2798,BSCC_STU02798,0.0,4.0,0.0,4.0,0.0,3.0,0.0,3.0,-1.0,GA,Associate's Colleges,Associate's Colleges,Town/Rural,BSCC,2025-10-28 15:47:53,36650
2799,BSCC_STU02799,0.0,0.0,0.0,0.0,0.0,0.0,0.0,0.0,0.0,,,,,BSCC,2025-10-28 15:47:53,36695
2800,BSCC_STU02800,0.0,0.0,0.0,0.0,0.0,0.0,0.0,0.0,0.0,,,,,BSCC,2025-10-28 15:47:53,36620
2801,BSCC_STU02801,0.0,0.0,0.0,0.0,0.0,0.0,0.0,0.0,-1.0,,,,,BSCC,2025-10-28 15:47:53,36525
2802,BSCC_STU02802,0.0,3.0,0.0,3.0,2.0,0.0,2.0,0.0,-1.0,,,,,BSCC,2025-10-28 15:47:53,36626
2803,BSCC_STU02803,0.0,0.0,0.0,0.0,0.0,0.0,0.0,0.0,1.0,,,,,BSCC,2025-10-28 15:47:53,36607
2804,BSCC_STU02804,0.0,0.0,0.0,0.0,0.0,0.0,0.0,0.0,0.0,,,,,BSCC,2025-10-28 15:47:53,36647
2805,BSCC_STU02805,0.0,0.0,0.0,0.0,0.0,0.0,0.0,0.0,-1.0,,,,,BSCC,2025-10-28 15:47:53,36659
2806,BSCC_STU02806,0.0,0.0,0.0,0.0,0.0,0.0,0.0,0.0,1.0,,,,,BSCC,2025-10-28 15:47:53,36607
2807,BSCC_STU02807,0.0,0.0,0.0,0.0,0.0,0.0,0.0,0.0,0.0,,,,,BSCC,2025-10-28 15:47:53,36560
2808,BSCC_STU02808,0.0,0.0,0.0,0.0,0.0,0.0,0.0,0.0,0.0,,,,,BSCC,2025-10-28 15:47:53,36662
2809,BSCC_STU02809,0.0,0.0,0.0,0.0,0.0,0.0,0.0,0.0,0.0,,,,,BSCC,2025-10-28 15:47:53,36675
2810,BSCC_STU02810,0.0,0.0,0.0,0.0,0.0,0.0,0.0,0.0,-1.0,,,,,BSCC,2025-10-28 15:47:53,36624
2811,BSCC_STU02811,0.0,0.0,0.0,0.0,0.0,0.0,0.0,0.0,-1.0,,,,,BSCC,2025-10-28 15:47:53,36670
2812,BSCC_STU02812,0.0,0.0,0.0,0.0,0.0,0.0,0.0,0.0,0.0,,,,,BSCC,2025-10-28 15:47:53,36674
2813,BSCC_STU02813,0.0,0.0,0.0,0.0,0.0,1.0,0.0,1.0,0.0,MS,Master's Colleges and Universities,Master's Colleges and Universities,Town/Rural,BSCC,2025-10-28 15:47:53,36634
2814,BSCC_STU02814,0.0,0.0,0.0,0.0,0.0,0.0,0.0,0.0,0.0,,,,,BSCC,2025-10-28 15:47:53,36695
2815,BSCC_STU02815,0.0,0.0,0.0,0.0,0.0,0.0,0.0,0.0,-1.0,,,,,BSCC,2025-10-28 15:47:53,36688
2816,BSCC_STU02816,0.0,0.0,0.0,0.0,0.0,0.0,0.0,0.0,0.0,,,,,BSCC,2025-10-28 15:47:53,36614
2817,BSCC_STU02817,0.0,0.0,0.0,0.0,0.0,0.0,0.0,0.0,0.0,,,,,BSCC,2025-10-28 15:47:53,36630
2818,BSCC_STU02818,0.0,0.0,0.0,0.0,0.0,0.0,0.0,0.0,0.0,,,,,BSCC,2025-10-28 15:47:53,36637
2819,BSCC_STU02819,0.0,0.0,0.0,0.0,0.0,0.0,0.0,0.0,0.0,,,,,BSCC,2025-10-28 15:47:53,36617
2820,BSCC_STU02820,0.0,0.0,0.0,0.0,0.0,0.0,0.0,0.0,0.0,,,,,BSCC,2025-10-28 15:47:53,36674
2821,BSCC_STU02821,0.0,0.0,0.0,0.0,0.0,0.0,0.0,0.0,0.0,,,,,BSCC,2025-10-28 15:47:53,36685
2822,BSCC_STU02822,0.0,0.0,0.0,0.0,0.0,0.0,0.0,0.0,1.0,,,,,BSCC,2025-10-28 15:47:53,36636
2823,BSCC_STU02823,0.0,0.0,0.0,0.0,0.0,0.0,0.0,0.0,0.0,,,,,BSCC,2025-10-28 15:47:53,36605
2824,BSCC_STU02824,0.0,0.0,0.0,0.0,0.0,0.0,0.0,0.0,0.0,,,,,BSCC,2025-10-28 15:47:53,36654
2825,BSCC_STU02825,0.0,0.0,0.0,0.0,3.0,0.0,3.0,0.0,0.0,,,,,BSCC,2025-10-28 15:47:53,36610
2826,BSCC_STU02826,0.0,0.0,0.0,0.0,0.0,0.0,0.0,0.0,-1.0,,,,,BSCC,2025-10-28 15:47:53,36605
2827,BSCC_STU02827,0.0,0.0,0.0,0.0,0.0,0.0,0.0,0.0,-1.0,,,,,BSCC,2025-10-28 15:47:53,36653
2828,BSCC_STU02828,0.0,0.0,0.0,0.0,0.0,0.0,0.0,0.0,-1.0,,,,,BSCC,2025-10-28 15:47:53,36668
2829,BSCC_STU02829,0.0,0.0,0.0,0.0,0.0,0.0,0.0,0.0,1.0,,,,,BSCC,2025-10-28 15:47:53,36687
2830,BSCC_STU02830,0.0,0.0,0.0,0.0,0.0,0.0,0.0,0.0,-1.0,,,,,BSCC,2025-10-28 15:47:53,36633
2831,BSCC_STU02831,0.0,0.0,0.0,0.0,0.0,0.0,0.0,0.0,0.0,,,,,BSCC,2025-10-28 15:47:53,36560
2832,BSCC_STU02832,0.0,0.0,0.0,0.0,0.0,0.0,0.0,0.0,1.0,,,,,BSCC,2025-10-28 15:47:53,36676
2833,BSCC_STU02833,0.0,0.0,0.0,0.0,0.0,0.0,0.0,0.0,0.0,,,,,BSCC,2025-10-28 15:47:53,36657
2834,BSCC_STU02834,0.0,0.0,0.0,0.0,0.0,0.0,0.0,0.0,0.0,,,,,BSCC,2025-10-28 15:47:53,36659
2835,BSCC_STU02835,0.0,0.0,0.0,0.0,0.0,0.0,0.0,0.0,0.0,,,,,BSCC,2025-10-28 15:47:53,36674
2836,BSCC_STU02836,0.0,0.0,0.0,0.0,0.0,0.0,0.0,0.0,-1.0,,,,,BSCC,2025-10-28 15:47:53,36683
2837,BSCC_STU02837,0.0,0.0,0.0,0.0,0.0,0.0,0.0,0.0,0.0,,,,,BSCC,2025-10-28 15:47:53,36674
2838,BSCC_STU02838,0.0,0.0,0.0,0.0,0.0,0.0,0.0,0.0,0.0,,,,,BSCC,2025-10-28 15:47:53,36656
2839,BSCC_STU02839,0.0,0.0,0.0,0.0,0.0,0.0,0.0,0.0,0.0,,,,,BSCC,2025-10-28 15:47:53,36658
2840,BSCC_STU02840,0.0,0.0,0.0,0.0,0.0,0.0,0.0,0.0,0.0,,,,,BSCC,2025-10-28 15:47:53,36615
2841,BSCC_STU02841,0.0,0.0,0.0,0.0,0.0,0.0,0.0,0.0,0.0,,,,,BSCC,2025-10-28 15:47:53,36571
2842,BSCC_STU02842,0.0,0.0,0.0,0.0,0.0,0.0,0.0,0.0,1.0,,,,,BSCC,2025-10-28 15:47:53,36524
2843,BSCC_STU02843,0.0,0.0,0.0,0.0,0.0,5.0,0.0,5.0,-1.0,FL,Master's Colleges and Universities,Master's Colleges and Universities,Suburb,BSCC,2025-10-28 15:47:53,36669
2844,BSCC_STU02844,0.0,4.0,0.0,4.0,3.0,0.0,3.0,0.0,0.0,,,,,BSCC,2025-10-28 15:47:53,36627
2845,BSCC_STU02845,0.0,0.0,0.0,0.0,0.0,0.0,0.0,0.0,1.0,,,,,BSCC,2025-10-28 15:47:53,36661
2846,BSCC_STU02846,0.0,0.0,0.0,0.0,0.0,0.0,0.0,0.0,0.0,,,,,BSCC,2025-10-28 15:47:53,36655
2847,BSCC_STU02847,0.0,0.0,0.0,0.0,0.0,0.0,0.0,0.0,0.0,,,,,BSCC,2025-10-28 15:47:53,36626
2848,BSCC_STU02848,0.0,0.0,0.0,0.0,0.0,0.0,0.0,0.0,0.0,,,,,BSCC,2025-10-28 15:47:53,36633
2849,BSCC_STU02849,0.0,0.0,0.0,0.0,0.0,0.0,0.0,0.0,-1.0,,,,,BSCC,2025-10-28 15:47:53,36675
2850,BSCC_STU02850,0.0,5.0,0.0,5.0,0.0,3.0,0.0,3.0,0.0,GA,Associate's Colleges,Associate's Colleges,Suburb,BSCC,2025-10-28 15:47:53,36662
2851,BSCC_STU02851,0.0,0.0,0.0,0.0,0.0,0.0,0.0,0.0,0.0,,,,,BSCC,2025-10-28 15:47:53,36601
2852,BSCC_STU02852,0.0,0.0,0.0,0.0,0.0,0.0,0.0,0.0,1.0,,,,,BSCC,2025-10-28 15:47:53,36613
2853,BSCC_STU02853,0.0,0.0,0.0,0.0,0.0,0.0,0.0,0.0,-1.0,,,,,BSCC,2025-10-28 15:47:53,36650
2854,BSCC_STU02854,0.0,0.0,0.0,0.0,0.0,0.0,0.0,0.0,-1.0,,,,,BSCC,2025-10-28 15:47:53,36668
2855,BSCC_STU02855,0.0,0.0,0.0,0.0,2.0,0.0,2.0,0.0,-1.0,,,,,BSCC,2025-10-28 15:47:53,36661
2856,BSCC_STU02856,0.0,0.0,0.0,0.0,0.0,0.0,0.0,0.0,0.0,,,,,BSCC,2025-10-28 15:47:53,36687
2857,BSCC_STU02857,0.0,0.0,0.0,0.0,0.0,0.0,0.0,0.0,0.0,,,,,BSCC,2025-10-28 15:47:53,36673
2858,BSCC_STU02858,0.0,0.0,0.0,0.0,0.0,0.0,0.0,0.0,-1.0,,,,,BSCC,2025-10-28 15:47:53,36650
2859,BSCC_STU02859,0.0,0.0,0.0,0.0,0.0,3.0,0.0,3.0,0.0,MS,Master's Colleges and Universities,Master's Colleges and Universities,Suburb,BSCC,2025-10-28 15:47:53,36629
2860,BSCC_STU02860,0.0,0.0,0.0,0.0,2.0,0.0,2.0,0.0,0.0,,,,,BSCC,2025-10-28 15:47:53,36651
2861,BSCC_STU02861,0.0,0.0,0.0,0.0,0.0,0.0,0.0,0.0,-1.0,,,,,BSCC,2025-10-28 15:47:53,36629
2862,BSCC_STU02862,0.0,0.0,0.0,0.0,0.0,0.0,0.0,0.0,0.0,,,,,BSCC,2025-10-28 15:47:53,36664
2863,BSCC_STU02863,0.0,0.0,0.0,0.0,0.0,0.0,0.0,0.0,0.0,,,,,BSCC,2025-10-28 15:47:53,36659
2864,BSCC_STU02864,0.0,0.0,0.0,0.0,0.0,0.0,0.0,0.0,0.0,,,,,BSCC,2025-10-28 15:47:53,36610
2865,BSCC_STU02865,0.0,0.0,0.0,0.0,4.0,0.0,4.0,0.0,1.0,,,,,BSCC,2025-10-28 15:47:53,36668
2866,BSCC_STU02866,0.0,0.0,0.0,0.0,0.0,0.0,0.0,0.0,-1.0,,,,,BSCC,2025-10-28 15:47:53,36611
2867,BSCC_STU02867,0.0,0.0,0.0,0.0,0.0,0.0,0.0,0.0,1.0,,,,,BSCC,2025-10-28 15:47:53,36674
2868,BSCC_STU02868,0.0,0.0,0.0,0.0,0.0,0.0,0.0,0.0,1.0,,,,,BSCC,2025-10-28 15:47:53,36678
2869,BSCC_STU02869,0.0,0.0,0.0,0.0,0.0,0.0,0.0,0.0,0.0,,,,,BSCC,2025-10-28 15:47:53,36525
2870,BSCC_STU02870,0.0,0.0,0.0,0.0,0.0,0.0,0.0,0.0,0.0,,,,,BSCC,2025-10-28 15:47:53,36621
2871,BSCC_STU02871,0.0,0.0,0.0,0.0,0.0,2.0,0.0,2.0,0.0,FL,Associate's Colleges,Associate's Colleges,Town/Rural,BSCC,2025-10-28 15:47:53,36646
2872,BSCC_STU02872,0.0,0.0,0.0,0.0,0.0,0.0,0.0,0.0,0.0,,,,,BSCC,2025-10-28 15:47:53,36664
2873,BSCC_STU02873,0.0,0.0,0.0,0.0,0.0,0.0,0.0,0.0,0.0,,,,,BSCC,2025-10-28 15:47:53,36633
2874,BSCC_STU02874,0.0,0.0,0.0,0.0,0.0,0.0,0.0,0.0,0.0,,,,,BSCC,2025-10-28 15:47:53,36685
2875,BSCC_STU02875,0.0,0.0,0.0,0.0,0.0,0.0,0.0,0.0,-1.0,,,,,BSCC,2025-10-28 15:47:53,36695
2876,BSCC_STU02876,0.0,0.0,0.0,0.0,3.0,0.0,3.0,0.0,-1.0,,,,,BSCC,2025-10-28 15:47:53,36601
2877,BSCC_STU02877,0.0,0.0,0.0,0.0,0.0,0.0,0.0,0.0,0.0,,,,,BSCC,2025-10-28 15:47:53,36678
2878,BSCC_STU02878,0.0,0.0,0.0,0.0,0.0,0.0,0.0,0.0,0.0,,,,,BSCC,2025-10-28 15:47:53,36647
2879,BSCC_STU02879,0.0,0.0,0.0,0.0,0.0,0.0,0.0,0.0,-1.0,,,,,BSCC,2025-10-28 15:47:53,36668
2880,BSCC_STU02880,0.0,0.0,0.0,0.0,0.0,0.0,0.0,0.0,1.0,,,,,BSCC,2025-10-28 15:47:53,36644
2881,BSCC_STU02881,0.0,0.0,0.0,0.0,2.0,0.0,2.0,0.0,-1.0,,,,,BSCC,2025-10-28 15:47:53,36692
2882,BSCC_STU02882,0.0,0.0,0.0,0.0,0.0,0.0,0.0,0.0,0.0,,,,,BSCC,2025-10-28 15:47:53,36620
2883,BSCC_STU02883,0.0,0.0,0.0,0.0,0.0,0.0,0.0,0.0,1.0,,,,,BSCC,2025-10-28 15:47:53,36617
2884,BSCC_STU02884,0.0,0.0,0.0,0.0,0.0,0.0,0.0,0.0,1.0,,,,,BSCC,2025-10-28 15:47:53,36603
2885,BSCC_STU02885,0.0,0.0,0.0,0.0,0.0,0.0,0.0,0.0,1.0,,,,,BSCC,2025-10-28 15:47:53,36664
2886,BSCC_STU02886,0.0,0.0,0.0,0.0,0.0,0.0,0.0,0.0,0.0,,,,,BSCC,2025-10-28 15:47:53,36650
2887,BSCC_STU02887,0.0,0.0,0.0,0.0,0.0,0.0,0.0,0.0,0.0,,,,,BSCC,2025-10-28 15:47:53,36608
2888,BSCC_STU02888,0.0,0.0,0.0,0.0,0.0,0.0,0.0,0.0,1.0,,,,,BSCC,2025-10-28 15:47:53,36673
2889,BSCC_STU02889,0.0,0.0,0.0,0.0,0.0,0.0,0.0,0.0,0.0,,,,,BSCC,2025-10-28 15:47:53,36524
2890,BSCC_STU02890,0.0,0.0,0.0,0.0,3.0,0.0,3.0,0.0,0.0,,,,,BSCC,2025-10-28 15:47:53,36642
2891,BSCC_STU02891,0.0,0.0,0.0,0.0,0.0,0.0,0.0,0.0,-1.0,,,,,BSCC,2025-10-28 15:47:53,36648
2892,BSCC_STU02892,0.0,0.0,0.0,0.0,0.0,0.0,0.0,0.0,0.0,,,,,BSCC,2025-10-28 15:47:53,36524
2893,BSCC_STU02893,0.0,0.0,0.0,0.0,0.0,0.0,0.0,0.0,-1.0,,,,,BSCC,2025-10-28 15:47:53,36636
2894,BSCC_STU02894,0.0,0.0,0.0,0.0,0.0,0.0,0.0,0.0,0.0,,,,,BSCC,2025-10-28 15:47:53,36674
2895,BSCC_STU02895,0.0,0.0,0.0,0.0,0.0,0.0,0.0,0.0,0.0,,,,,BSCC,2025-10-28 15:47:53,36607
2896,BSCC_STU02896,0.0,0.0,0.0,0.0,0.0,0.0,0.0,0.0,1.0,,,,,BSCC,2025-10-28 15:47:53,36656
2897,BSCC_STU02897,0.0,0.0,0.0,0.0,5.0,0.0,5.0,0.0,1.0,,,,,BSCC,2025-10-28 15:47:53,36540
2898,BSCC_STU02898,0.0,0.0,0.0,0.0,0.0,0.0,0.0,0.0,0.0,,,,,BSCC,2025-10-28 15:47:53,36560
2899,BSCC_STU02899,0.0,0.0,0.0,0.0,3.0,0.0,3.0,0.0,1.0,,,,,BSCC,2025-10-28 15:47:53,36650
2900,BSCC_STU02900,0.0,3.0,0.0,3.0,1.0,0.0,1.0,0.0,1.0,,,,,BSCC,2025-10-28 15:47:53,36655
2901,BSCC_STU02901,0.0,0.0,0.0,0.0,0.0,0.0,0.0,0.0,0.0,,,,,BSCC,2025-10-28 15:47:53,36604
2902,BSCC_STU02902,0.0,0.0,0.0,0.0,0.0,0.0,0.0,0.0,-1.0,,,,,BSCC,2025-10-28 15:47:53,36673
2903,BSCC_STU02903,0.0,0.0,0.0,0.0,0.0,0.0,0.0,0.0,0.0,,,,,BSCC,2025-10-28 15:47:53,36650
2904,BSCC_STU02904,0.0,0.0,0.0,0.0,0.0,0.0,0.0,0.0,1.0,,,,,BSCC,2025-10-28 15:47:53,36670
2905,BSCC_STU02905,0.0,0.0,0.0,0.0,0.0,0.0,0.0,0.0,0.0,,,,,BSCC,2025-10-28 15:47:53,36616
2906,BSCC_STU02906,0.0,0.0,0.0,0.0,0.0,0.0,0.0,0.0,0.0,,,,,BSCC,2025-10-28 15:47:53,36659
2907,BSCC_STU02907,0.0,0.0,0.0,0.0,0.0,0.0,0.0,0.0,1.0,,,,,BSCC,2025-10-28 15:47:53,36695
2908,BSCC_STU02908,0.0,0.0,0.0,0.0,0.0,0.0,0.0,0.0,-1.0,,,,,BSCC,2025-10-28 15:47:53,36629
2909,BSCC_STU02909,0.0,0.0,0.0,0.0,0.0,0.0,0.0,0.0,1.0,,,,,BSCC,2025-10-28 15:47:53,36614
2910,BSCC_STU02910,0.0,0.0,0.0,0.0,0.0,0.0,0.0,0.0,-1.0,,,,,BSCC,2025-10-28 15:47:53,36626
2911,BSCC_STU02911,0.0,0.0,0.0,0.0,0.0,0.0,0.0,0.0,0.0,,,,,BSCC,2025-10-28 15:47:53,36615
2912,BSCC_STU02912,0.0,0.0,0.0,0.0,0.0,0.0,0.0,0.0,1.0,,,,,BSCC,2025-10-28 15:47:53,36667
2913,BSCC_STU02913,0.0,0.0,0.0,0.0,2.0,0.0,2.0,0.0,1.0,,,,,BSCC,2025-10-28 15:47:53,36644
2914,BSCC_STU02914,0.0,0.0,0.0,0.0,0.0,0.0,0.0,0.0,0.0,,,,,BSCC,2025-10-28 15:47:53,36686
2915,BSCC_STU02915,0.0,0.0,0.0,0.0,0.0,0.0,0.0,0.0,-1.0,,,,,BSCC,2025-10-28 15:47:53,36668
2916,BSCC_STU02916,0.0,5.0,0.0,5.0,0.0,2.0,0.0,2.0,1.0,GA,Associate's Colleges,Associate's Colleges,Urban,BSCC,2025-10-28 15:47:53,36647
2917,BSCC_STU02917,0.0,3.0,0.0,3.0,3.0,0.0,3.0,0.0,-1.0,,,,,BSCC,2025-10-28 15:47:53,36637
2918,BSCC_STU02918,0.0,0.0,0.0,0.0,0.0,0.0,0.0,0.0,0.0,,,,,BSCC,2025-10-28 15:47:53,36640
2919,BSCC_STU02919,0.0,0.0,0.0,0.0,0.0,0.0,0.0,0.0,-1.0,,,,,BSCC,2025-10-28 15:47:53,36601
2920,BSCC_STU02920,0.0,0.0,0.0,0.0,0.0,0.0,0.0,0.0,0.0,,,,,BSCC,2025-10-28 15:47:53,36664
2921,BSCC_STU02921,0.0,0.0,0.0,0.0,0.0,0.0,0.0,0.0,-1.0,,,,,BSCC,2025-10-28 15:47:53,36616
2922,BSCC_STU02922,0.0,5.0,0.0,5.0,3.0,0.0,3.0,0.0,1.0,,,,,BSCC,2025-10-28 15:47:53,36632
2923,BSCC_STU02923,0.0,0.0,0.0,0.0,0.0,0.0,0.0,0.0,0.0,,,,,BSCC,2025-10-28 15:47:53,36602
2924,BSCC_STU02924,0.0,0.0,0.0,0.0,0.0,0.0,0.0,0.0,1.0,,,,,BSCC,2025-10-28 15:47:53,36644
2925,BSCC_STU02925,0.0,0.0,0.0,0.0,0.0,0.0,0.0,0.0,-1.0,,,,,BSCC,2025-10-28 15:47:53,36695
2926,BSCC_STU02926,0.0,0.0,0.0,0.0,0.0,0.0,0.0,0.0,-1.0,,,,,BSCC,2025-10-28 15:47:53,36659
2927,BSCC_STU02927,0.0,0.0,0.0,0.0,0.0,0.0,0.0,0.0,0.0,,,,,BSCC,2025-10-28 15:47:53,36691
2928,BSCC_STU02928,0.0,0.0,0.0,0.0,0.0,0.0,0.0,0.0,1.0,,,,,BSCC,2025-10-28 15:47:53,36628
2929,BSCC_STU02929,0.0,0.0,0.0,0.0,0.0,0.0,0.0,0.0,-1.0,,,,,BSCC,2025-10-28 15:47:53,36622
2930,BSCC_STU02930,0.0,0.0,0.0,0.0,0.0,0.0,0.0,0.0,0.0,,,,,BSCC,2025-10-28 15:47:53,36637
2931,BSCC_STU02931,0.0,0.0,0.0,0.0,0.0,0.0,0.0,0.0,-1.0,,,,,BSCC,2025-10-28 15:47:53,36630
2932,BSCC_STU02932,0.0,0.0,0.0,0.0,0.0,0.0,0.0,0.0,1.0,,,,,BSCC,2025-10-28 15:47:53,36608
2933,BSCC_STU02933,0.0,0.0,0.0,0.0,0.0,0.0,0.0,0.0,-1.0,,,,,BSCC,2025-10-28 15:47:53,36631
2934,BSCC_STU02934,0.0,0.0,0.0,0.0,0.0,0.0,0.0,0.0,0.0,,,,,BSCC,2025-10-28 15:47:53,36620
2935,BSCC_STU02935,0.0,0.0,0.0,0.0,0.0,0.0,0.0,0.0,1.0,,,,,BSCC,2025-10-28 15:47:53,36634
2936,BSCC_STU02936,0.0,0.0,0.0,0.0,0.0,0.0,0.0,0.0,1.0,,,,,BSCC,2025-10-28 15:47:53,36682
2937,BSCC_STU02937,0.0,0.0,0.0,0.0,0.0,0.0,0.0,0.0,0.0,,,,,BSCC,2025-10-28 15:47:53,36617
2938,BSCC_STU02938,0.0,0.0,0.0,0.0,2.0,0.0,2.0,0.0,-1.0,,,,,BSCC,2025-10-28 15:47:53,36664
2939,BSCC_STU02939,0.0,0.0,0.0,0.0,0.0,0.0,0.0,0.0,1.0,,,,,BSCC,2025-10-28 15:47:53,36687
2940,BSCC_STU02940,0.0,0.0,0.0,0.0,0.0,0.0,0.0,0.0,0.0,,,,,BSCC,2025-10-28 15:47:53,36693
2941,BSCC_STU02941,0.0,3.0,0.0,3.0,4.0,0.0,4.0,0.0,0.0,,,,,BSCC,2025-10-28 15:47:53,36695
2942,BSCC_STU02942,0.0,0.0,0.0,0.0,0.0,0.0,0.0,0.0,1.0,,,,,BSCC,2025-10-28 15:47:53,36619
2943,BSCC_STU02943,0.0,0.0,0.0,0.0,0.0,0.0,0.0,0.0,-1.0,,,,,BSCC,2025-10-28 15:47:53,36686
2944,BSCC_STU02944,0.0,0.0,0.0,0.0,0.0,0.0,0.0,0.0,1.0,,,,,BSCC,2025-10-28 15:47:53,36690
2945,BSCC_STU02945,0.0,0.0,0.0,0.0,0.0,0.0,0.0,0.0,-1.0,,,,,BSCC,2025-10-28 15:47:53,36688
2946,BSCC_STU02946,0.0,0.0,0.0,0.0,0.0,0.0,0.0,0.0,0.0,,,,,BSCC,2025-10-28 15:47:53,36621
2947,BSCC_STU02947,0.0,0.0,0.0,0.0,0.0,0.0,0.0,0.0,-1.0,,,,,BSCC,2025-10-28 15:47:53,36633
2948,BSCC_STU02948,0.0,0.0,0.0,0.0,0.0,0.0,0.0,0.0,1.0,,,,,BSCC,2025-10-28 15:47:53,36623
2949,BSCC_STU02949,0.0,0.0,0.0,0.0,0.0,0.0,0.0,0.0,0.0,,,,,BSCC,2025-10-28 15:47:53,36686
2950,BSCC_STU02950,0.0,0.0,0.0,0.0,0.0,0.0,0.0,0.0,-1.0,,,,,BSCC,2025-10-28 15:47:53,36684
2951,BSCC_STU02951,0.0,0.0,0.0,0.0,2.0,0.0,2.0,0.0,0.0,,,,,BSCC,2025-10-28 15:47:53,36587
2952,BSCC_STU02952,0.0,0.0,0.0,0.0,0.0,0.0,0.0,0.0,0.0,,,,,BSCC,2025-10-28 15:47:53,36689
2953,BSCC_STU02953,0.0,0.0,0.0,0.0,3.0,0.0,3.0,0.0,0.0,,,,,BSCC,2025-10-28 15:47:53,36662
2954,BSCC_STU02954,0.0,0.0,0.0,0.0,0.0,0.0,0.0,0.0,0.0,,,,,BSCC,2025-10-28 15:47:53,36540
2955,BSCC_STU02955,0.0,0.0,0.0,0.0,0.0,0.0,0.0,0.0,0.0,,,,,BSCC,2025-10-28 15:47:53,36629
2956,BSCC_STU02956,0.0,0.0,0.0,0.0,0.0,0.0,0.0,0.0,-1.0,,,,,BSCC,2025-10-28 15:47:53,36663
2957,BSCC_STU02957,0.0,0.0,0.0,0.0,0.0,0.0,0.0,0.0,0.0,,,,,BSCC,2025-10-28 15:47:53,36656
2958,BSCC_STU02958,0.0,0.0,0.0,0.0,0.0,0.0,0.0,0.0,0.0,,,,,BSCC,2025-10-28 15:47:53,36656
2959,BSCC_STU02959,0.0,0.0,0.0,0.0,0.0,0.0,0.0,0.0,0.0,,,,,BSCC,2025-10-28 15:47:53,36620
2960,BSCC_STU02960,0.0,0.0,0.0,0.0,0.0,0.0,0.0,0.0,0.0,,,,,BSCC,2025-10-28 15:47:53,36665
2961,BSCC_STU02961,0.0,0.0,0.0,0.0,0.0,0.0,0.0,0.0,-1.0,,,,,BSCC,2025-10-28 15:47:53,36673
2962,BSCC_STU02962,0.0,0.0,0.0,0.0,0.0,0.0,0.0,0.0,0.0,,,,,BSCC,2025-10-28 15:47:53,36694
2963,BSCC_STU02963,0.0,0.0,0.0,0.0,0.0,0.0,0.0,0.0,1.0,,,,,BSCC,2025-10-28 15:47:53,36525
2964,BSCC_STU02964,0.0,0.0,0.0,0.0,0.0,0.0,0.0,0.0,0.0,,,,,BSCC,2025-10-28 15:47:53,36611
2965,BSCC_STU02965,0.0,4.0,0.0,4.0,2.0,0.0,2.0,0.0,0.0,,,,,BSCC,2025-10-28 15:47:53,36661
2966,BSCC_STU02966,0.0,0.0,0.0,0.0,0.0,0.0,0.0,0.0,0.0,,,,,BSCC,2025-10-28 15:47:53,36637
2967,BSCC_STU02967,0.0,0.0,0.0,0.0,0.0,0.0,0.0,0.0,1.0,,,,,BSCC,2025-10-28 15:47:53,36680
2968,BSCC_STU02968,0.0,0.0,0.0,0.0,0.0,0.0,0.0,0.0,1.0,,,,,BSCC,2025-10-28 15:47:53,36640
2969,BSCC_STU02969,0.0,0.0,0.0,0.0,0.0,0.0,0.0,0.0,1.0,,,,,BSCC,2025-10-28 15:47:53,36621
2970,BSCC_STU02970,0.0,0.0,0.0,0.0,0.0,0.0,0.0,0.0,0.0,,,,,BSCC,2025-10-28 15:47:53,36633
2971,BSCC_STU02971,0.0,0.0,0.0,0.0,0.0,0.0,0.0,0.0,-1.0,,,,,BSCC,2025-10-28 15:47:53,36653
2972,BSCC_STU02972,0.0,0.0,0.0,0.0,0.0,0.0,0.0,0.0,0.0,,,,,BSCC,2025-10-28 15:47:53,36665
2973,BSCC_STU02973,0.0,0.0,0.0,0.0,0.0,0.0,0.0,0.0,-1.0,,,,,BSCC,2025-10-28 15:47:53,36628
2974,BSCC_STU02974,0.0,0.0,0.0,0.0,0.0,0.0,0.0,0.0,0.0,,,,,BSCC,2025-10-28 15:47:53,36631
2975,BSCC_STU02975,0.0,0.0,0.0,0.0,0.0,0.0,0.0,0.0,-1.0,,,,,BSCC,2025-10-28 15:47:53,36641
2976,BSCC_STU02976,0.0,0.0,0.0,0.0,0.0,0.0,0.0,0.0,1.0,,,,,BSCC,2025-10-28 15:47:53,36621
2977,BSCC_STU02977,0.0,0.0,0.0,0.0,0.0,0.0,0.0,0.0,-1.0,,,,,BSCC,2025-10-28 15:47:53,36633
2978,BSCC_STU02978,0.0,0.0,0.0,0.0,4.0,0.0,4.0,0.0,1.0,,,,,BSCC,2025-10-28 15:47:53,36622
2979,BSCC_STU02979,0.0,0.0,0.0,0.0,0.0,2.0,0.0,2.0,0.0,MS,Master's Colleges and Universities,Master's Colleges and Universities,Urban,BSCC,2025-10-28 15:47:53,36621
2980,BSCC_STU02980,0.0,0.0,0.0,0.0,0.0,0.0,0.0,0.0,-1.0,,,,,BSCC,2025-10-28 15:47:53,36608
2981,BSCC_STU02981,0.0,0.0,0.0,0.0,0.0,0.0,0.0,0.0,1.0,,,,,BSCC,2025-10-28 15:47:53,36560
2982,BSCC_STU02982,0.0,0.0,0.0,0.0,0.0,0.0,0.0,0.0,1.0,,,,,BSCC,2025-10-28 15:47:53,36612
2983,BSCC_STU02983,0.0,0.0,0.0,0.0,0.0,0.0,0.0,0.0,-1.0,,,,,BSCC,2025-10-28 15:47:53,36623
2984,BSCC_STU02984,0.0,0.0,0.0,0.0,0.0,0.0,0.0,0.0,0.0,,,,,BSCC,2025-10-28 15:47:53,36540
2985,BSCC_STU02985,0.0,0.0,0.0,0.0,0.0,3.0,0.0,3.0,-1.0,MS,Master's Colleges and Universities,Master's Colleges and Universities,Suburb,BSCC,2025-10-28 15:47:53,36633
2986,BSCC_STU02986,0.0,0.0,0.0,0.0,0.0,0.0,0.0,0.0,-1.0,,,,,BSCC,2025-10-28 15:47:53,36605
2987,BSCC_STU02987,0.0,0.0,0.0,0.0,0.0,0.0,0.0,0.0,-1.0,,,,,BSCC,2025-10-28 15:47:53,36587
2988,BSCC_STU02988,0.0,0.0,0.0,0.0,0.0,0.0,0.0,0.0,1.0,,,,,BSCC,2025-10-28 15:47:53,36641
2989,BSCC_STU02989,0.0,0.0,0.0,0.0,0.0,0.0,0.0,0.0,1.0,,,,,BSCC,2025-10-28 15:47:53,36609
2990,BSCC_STU02990,0.0,0.0,0.0,0.0,0.0,0.0,0.0,0.0,-1.0,,,,,BSCC,2025-10-28 15:47:53,36637
2991,BSCC_STU02991,0.0,0.0,0.0,0.0,0.0,0.0,0.0,0.0,1.0,,,,,BSCC,2025-10-28 15:47:53,36610
2992,BSCC_STU02992,0.0,0.0,0.0,0.0,0.0,0.0,0.0,0.0,0.0,,,,,BSCC,2025-10-28 15:47:53,36666
2993,BSCC_STU02993,0.0,0.0,0.0,0.0,0.0,0.0,0.0,0.0,0.0,,,,,BSCC,2025-10-28 15:47:53,36622
2994,BSCC_STU02994,0.0,0.0,0.0,0.0,0.0,0.0,0.0,0.0,-1.0,,,,,BSCC,2025-10-28 15:47:53,36663
2995,BSCC_STU02995,0.0,0.0,0.0,0.0,3.0,0.0,3.0,0.0,1.0,,,,,BSCC,2025-10-28 15:47:53,36669
2996,BSCC_STU02996,0.0,4.0,0.0,4.0,0.0,3.0,0.0,3.0,0.0,AL,Associate's Colleges,Associate's Colleges,Town/Rural,BSCC,2025-10-28 15:47:53,36629
2997,BSCC_STU02997,0.0,0.0,0.0,0.0,3.0,0.0,3.0,0.0,0.0,,,,,BSCC,2025-10-28 15:47:53,36650
2998,BSCC_STU02998,0.0,0.0,0.0,0.0,0.0,0.0,0.0,0.0,1.0,,,,,BSCC,2025-10-28 15:47:53,36689
2999,BSCC_STU02999,0.0,0.0,0.0,0.0,0.0,0.0,0.0,0.0,0.0,,,,,BSCC,2025-10-28 15:47:53,36663
3000,BSCC_STU03000,0.0,0.0,0.0,0.0,0.0,0.0,0.0,0.0,-1.0,,,,,BSCC,2025-10-28 15:47:53,36638
3001,BSCC_STU03001,0.0,0.0,0.0,0.0,0.0,0.0,0.0,0.0,0.0,,,,,BSCC,2025-10-28 15:47:53,36647
3002,BSCC_STU03002,0.0,0.0,0.0,0.0,0.0,0.0,0.0,0.0,-1.0,,,,,BSCC,2025-10-28 15:47:53,36663
3003,BSCC_STU03003,0.0,0.0,0.0,0.0,3.0,0.0,3.0,0.0,0.0,,,,,BSCC,2025-10-28 15:47:53,36650
3004,BSCC_STU03004,0.0,0.0,0.0,0.0,4.0,0.0,4.0,0.0,0.0,,,,,BSCC,2025-10-28 15:47:53,36605
3005,BSCC_STU03005,0.0,0.0,0.0,0.0,0.0,0.0,0.0,0.0,1.0,,,,,BSCC,2025-10-28 15:47:53,36681
3006,BSCC_STU03006,0.0,0.0,0.0,0.0,0.0,0.0,0.0,0.0,0.0,,,,,BSCC,2025-10-28 15:47:53,36602
3007,BSCC_STU03007,0.0,0.0,0.0,0.0,0.0,0.0,0.0,0.0,0.0,,,,,BSCC,2025-10-28 15:47:53,36525
3008,BSCC_STU03008,0.0,0.0,0.0,0.0,0.0,0.0,0.0,0.0,0.0,,,,,BSCC,2025-10-28 15:47:53,36638
3009,BSCC_STU03009,0.0,0.0,0.0,0.0,3.0,0.0,3.0,0.0,0.0,,,,,BSCC,2025-10-28 15:47:53,36641
3010,BSCC_STU03010,0.0,0.0,0.0,0.0,0.0,2.0,0.0,2.0,-1.0,AL,Master's Colleges and Universities,Master's Colleges and Universities,Suburb,BSCC,2025-10-28 15:47:53,36657
3011,BSCC_STU03011,0.0,0.0,0.0,0.0,0.0,0.0,0.0,0.0,1.0,,,,,BSCC,2025-10-28 15:47:53,36624
3012,BSCC_STU03012,0.0,0.0,0.0,0.0,0.0,0.0,0.0,0.0,-1.0,,,,,BSCC,2025-10-28 15:47:53,36658
3013,BSCC_STU03013,0.0,0.0,0.0,0.0,0.0,0.0,0.0,0.0,0.0,,,,,BSCC,2025-10-28 15:47:53,36621
3014,BSCC_STU03014,0.0,0.0,0.0,0.0,0.0,0.0,0.0,0.0,-1.0,,,,,BSCC,2025-10-28 15:47:53,36662
3015,BSCC_STU03015,0.0,5.0,0.0,5.0,4.0,0.0,4.0,0.0,-1.0,,,,,BSCC,2025-10-28 15:47:53,36675
3016,BSCC_STU03016,0.0,0.0,0.0,0.0,0.0,0.0,0.0,0.0,0.0,,,,,BSCC,2025-10-28 15:47:53,36540
3017,BSCC_STU03017,0.0,0.0,0.0,0.0,0.0,0.0,0.0,0.0,1.0,,,,,BSCC,2025-10-28 15:47:53,36668
3018,BSCC_STU03018,0.0,0.0,0.0,0.0,3.0,0.0,3.0,0.0,-1.0,,,,,BSCC,2025-10-28 15:47:53,36694
3019,BSCC_STU03019,0.0,0.0,0.0,0.0,0.0,0.0,0.0,0.0,-1.0,,,,,BSCC,2025-10-28 15:47:53,36613
3020,BSCC_STU03020,0.0,0.0,0.0,0.0,0.0,0.0,0.0,0.0,-1.0,,,,,BSCC,2025-10-28 15:47:53,36666
3021,BSCC_STU03021,0.0,0.0,0.0,0.0,0.0,0.0,0.0,0.0,-1.0,,,,,BSCC,2025-10-28 15:47:53,36649
3022,BSCC_STU03022,0.0,0.0,0.0,0.0,0.0,0.0,0.0,0.0,-1.0,,,,,BSCC,2025-10-28 15:47:53,36642
3023,BSCC_STU03023,0.0,0.0,0.0,0.0,0.0,0.0,0.0,0.0,1.0,,,,,BSCC,2025-10-28 15:47:53,36674
3024,BSCC_STU03024,0.0,0.0,0.0,0.0,0.0,0.0,0.0,0.0,1.0,,,,,BSCC,2025-10-28 15:47:53,36688
3025,BSCC_STU03025,0.0,0.0,0.0,0.0,0.0,0.0,0.0,0.0,0.0,,,,,BSCC,2025-10-28 15:47:53,36610
3026,BSCC_STU03026,0.0,0.0,0.0,0.0,0.0,0.0,0.0,0.0,1.0,,,,,BSCC,2025-10-28 15:47:53,36633
3027,BSCC_STU03027,0.0,0.0,0.0,0.0,0.0,0.0,0.0,0.0,1.0,,,,,BSCC,2025-10-28 15:47:53,36609
3028,BSCC_STU03028,0.0,0.0,0.0,0.0,0.0,0.0,0.0,0.0,0.0,,,,,BSCC,2025-10-28 15:47:53,36671
3029,BSCC_STU03029,0.0,0.0,0.0,0.0,0.0,0.0,0.0,0.0,1.0,,,,,BSCC,2025-10-28 15:47:53,36609
3030,BSCC_STU03030,0.0,0.0,0.0,0.0,0.0,0.0,0.0,0.0,-1.0,,,,,BSCC,2025-10-28 15:47:53,36605
3031,BSCC_STU03031,0.0,0.0,0.0,0.0,0.0,0.0,0.0,0.0,1.0,,,,,BSCC,2025-10-28 15:47:53,36695
3032,BSCC_STU03032,0.0,0.0,0.0,0.0,0.0,0.0,0.0,0.0,0.0,,,,,BSCC,2025-10-28 15:47:53,36652
3033,BSCC_STU03033,0.0,0.0,0.0,0.0,0.0,0.0,0.0,0.0,-1.0,,,,,BSCC,2025-10-28 15:47:53,36690
3034,BSCC_STU03034,0.0,0.0,0.0,0.0,0.0,0.0,0.0,0.0,0.0,,,,,BSCC,2025-10-28 15:47:53,36632
3035,BSCC_STU03035,0.0,0.0,0.0,0.0,0.0,0.0,0.0,0.0,-1.0,,,,,BSCC,2025-10-28 15:47:53,36668
3036,BSCC_STU03036,0.0,0.0,0.0,0.0,0.0,0.0,0.0,0.0,-1.0,,,,,BSCC,2025-10-28 15:47:53,36560
3037,BSCC_STU03037,0.0,0.0,0.0,0.0,0.0,0.0,0.0,0.0,-1.0,,,,,BSCC,2025-10-28 15:47:53,36676
3038,BSCC_STU03038,0.0,0.0,0.0,0.0,0.0,0.0,0.0,0.0,0.0,,,,,BSCC,2025-10-28 15:47:53,36630
3039,BSCC_STU03039,0.0,0.0,0.0,0.0,0.0,0.0,0.0,0.0,1.0,,,,,BSCC,2025-10-28 15:47:53,36614
3040,BSCC_STU03040,0.0,0.0,0.0,0.0,0.0,0.0,0.0,0.0,0.0,,,,,BSCC,2025-10-28 15:47:53,36662
3041,BSCC_STU03041,0.0,0.0,0.0,0.0,0.0,0.0,0.0,0.0,1.0,,,,,BSCC,2025-10-28 15:47:53,36682
3042,BSCC_STU03042,0.0,0.0,0.0,0.0,0.0,0.0,0.0,0.0,-1.0,,,,,BSCC,2025-10-28 15:47:53,36687
3043,BSCC_STU03043,0.0,0.0,0.0,0.0,0.0,0.0,0.0,0.0,1.0,,,,,BSCC,2025-10-28 15:47:53,36644
3044,BSCC_STU03044,0.0,0.0,0.0,0.0,0.0,0.0,0.0,0.0,-1.0,,,,,BSCC,2025-10-28 15:47:53,36640
3045,BSCC_STU03045,0.0,0.0,0.0,0.0,0.0,0.0,0.0,0.0,0.0,,,,,BSCC,2025-10-28 15:47:53,36667
3046,BSCC_STU03046,0.0,0.0,0.0,0.0,0.0,0.0,0.0,0.0,-1.0,,,,,BSCC,2025-10-28 15:47:53,36657
3047,BSCC_STU03047,0.0,0.0,0.0,0.0,0.0,0.0,0.0,0.0,1.0,,,,,BSCC,2025-10-28 15:47:53,36666
3048,BSCC_STU03048,0.0,0.0,0.0,0.0,0.0,0.0,0.0,0.0,0.0,,,,,BSCC,2025-10-28 15:47:53,36687
3049,BSCC_STU03049,0.0,0.0,0.0,0.0,0.0,0.0,0.0,0.0,0.0,,,,,BSCC,2025-10-28 15:47:53,36647
3050,BSCC_STU03050,0.0,0.0,0.0,0.0,0.0,0.0,0.0,0.0,1.0,,,,,BSCC,2025-10-28 15:47:53,36627
3051,BSCC_STU03051,0.0,0.0,0.0,0.0,0.0,0.0,0.0,0.0,0.0,,,,,BSCC,2025-10-28 15:47:53,36685
3052,BSCC_STU03052,0.0,0.0,0.0,0.0,0.0,0.0,0.0,0.0,-1.0,,,,,BSCC,2025-10-28 15:47:53,36638
3053,BSCC_STU03053,0.0,4.0,0.0,4.0,4.0,0.0,4.0,0.0,1.0,,,,,BSCC,2025-10-28 15:47:53,36587
3054,BSCC_STU03054,0.0,0.0,0.0,0.0,0.0,0.0,0.0,0.0,-1.0,,,,,BSCC,2025-10-28 15:47:53,36670
3055,BSCC_STU03055,0.0,0.0,0.0,0.0,0.0,0.0,0.0,0.0,-1.0,,,,,BSCC,2025-10-28 15:47:53,36637
3056,BSCC_STU03056,0.0,0.0,0.0,0.0,0.0,0.0,0.0,0.0,0.0,,,,,BSCC,2025-10-28 15:47:53,36658
3057,BSCC_STU03057,0.0,0.0,0.0,0.0,0.0,0.0,0.0,0.0,-1.0,,,,,BSCC,2025-10-28 15:47:53,36628
3058,BSCC_STU03058,0.0,0.0,0.0,0.0,0.0,0.0,0.0,0.0,0.0,,,,,BSCC,2025-10-28 15:47:53,36661
3059,BSCC_STU03059,0.0,0.0,0.0,0.0,0.0,0.0,0.0,0.0,-1.0,,,,,BSCC,2025-10-28 15:47:53,36645
3060,BSCC_STU03060,0.0,0.0,0.0,0.0,0.0,0.0,0.0,0.0,1.0,,,,,BSCC,2025-10-28 15:47:53,36649
3061,BSCC_STU03061,0.0,0.0,0.0,0.0,0.0,0.0,0.0,0.0,1.0,,,,,BSCC,2025-10-28 15:47:53,36660
3062,BSCC_STU03062,0.0,0.0,0.0,0.0,0.0,0.0,0.0,0.0,-1.0,,,,,BSCC,2025-10-28 15:47:53,36672
3063,BSCC_STU03063,0.0,0.0,0.0,0.0,0.0,0.0,0.0,0.0,1.0,,,,,BSCC,2025-10-28 15:47:53,36678
3064,BSCC_STU03064,0.0,0.0,0.0,0.0,0.0,0.0,0.0,0.0,1.0,,,,,BSCC,2025-10-28 15:47:53,36637
3065,BSCC_STU03065,0.0,0.0,0.0,0.0,4.0,0.0,4.0,0.0,-1.0,,,,,BSCC,2025-10-28 15:47:53,36609
3066,BSCC_STU03066,0.0,0.0,0.0,0.0,0.0,0.0,0.0,0.0,0.0,,,,,BSCC,2025-10-28 15:47:53,36631
3067,BSCC_STU03067,0.0,0.0,0.0,0.0,0.0,0.0,0.0,0.0,-1.0,,,,,BSCC,2025-10-28 15:47:53,36659
3068,BSCC_STU03068,0.0,0.0,0.0,0.0,0.0,0.0,0.0,0.0,0.0,,,,,BSCC,2025-10-28 15:47:53,36689
3069,BSCC_STU03069,0.0,0.0,0.0,0.0,0.0,0.0,0.0,0.0,1.0,,,,,BSCC,2025-10-28 15:47:53,36694
3070,BSCC_STU03070,0.0,0.0,0.0,0.0,0.0,0.0,0.0,0.0,0.0,,,,,BSCC,2025-10-28 15:47:53,36617
3071,BSCC_STU03071,0.0,0.0,0.0,0.0,0.0,0.0,0.0,0.0,-1.0,,,,,BSCC,2025-10-28 15:47:53,36637
3072,BSCC_STU03072,0.0,0.0,0.0,0.0,0.0,0.0,0.0,0.0,0.0,,,,,BSCC,2025-10-28 15:47:53,36669
3073,BSCC_STU03073,0.0,0.0,0.0,0.0,0.0,0.0,0.0,0.0,1.0,,,,,BSCC,2025-10-28 15:47:53,36677
3074,BSCC_STU03074,0.0,0.0,0.0,0.0,0.0,0.0,0.0,0.0,-1.0,,,,,BSCC,2025-10-28 15:47:53,36666
3075,BSCC_STU03075,0.0,0.0,0.0,0.0,0.0,0.0,0.0,0.0,0.0,,,,,BSCC,2025-10-28 15:47:53,36631
3076,BSCC_STU03076,0.0,0.0,0.0,0.0,3.0,0.0,3.0,0.0,0.0,,,,,BSCC,2025-10-28 15:47:53,36611
3077,BSCC_STU03077,0.0,0.0,0.0,0.0,0.0,0.0,0.0,0.0,0.0,,,,,BSCC,2025-10-28 15:47:53,36682
3078,BSCC_STU03078,0.0,0.0,0.0,0.0,0.0,0.0,0.0,0.0,-1.0,,,,,BSCC,2025-10-28 15:47:53,36655
3079,BSCC_STU03079,0.0,0.0,0.0,0.0,0.0,0.0,0.0,0.0,0.0,,,,,BSCC,2025-10-28 15:47:53,36687
3080,BSCC_STU03080,0.0,0.0,0.0,0.0,0.0,0.0,0.0,0.0,1.0,,,,,BSCC,2025-10-28 15:47:53,36644
3081,BSCC_STU03081,0.0,0.0,0.0,0.0,0.0,0.0,0.0,0.0,1.0,,,,,BSCC,2025-10-28 15:47:53,36637
3082,BSCC_STU03082,0.0,0.0,0.0,0.0,0.0,0.0,0.0,0.0,0.0,,,,,BSCC,2025-10-28 15:47:53,36618
3083,BSCC_STU03083,0.0,0.0,0.0,0.0,0.0,0.0,0.0,0.0,-1.0,,,,,BSCC,2025-10-28 15:47:53,36545
3084,BSCC_STU03084,0.0,0.0,0.0,0.0,3.0,0.0,3.0,0.0,0.0,,,,,BSCC,2025-10-28 15:47:53,36633
3085,BSCC_STU03085,0.0,3.0,0.0,3.0,4.0,0.0,4.0,0.0,-1.0,,,,,BSCC,2025-10-28 15:47:53,36605
3086,BSCC_STU03086,0.0,0.0,0.0,0.0,0.0,0.0,0.0,0.0,-1.0,,,,,BSCC,2025-10-28 15:47:53,36693
3087,BSCC_STU03087,0.0,0.0,0.0,0.0,0.0,0.0,0.0,0.0,-1.0,,,,,BSCC,2025-10-28 15:47:53,36630
3088,BSCC_STU03088,0.0,0.0,0.0,0.0,0.0,0.0,0.0,0.0,0.0,,,,,BSCC,2025-10-28 15:47:53,36602
3089,BSCC_STU03089,0.0,0.0,0.0,0.0,0.0,0.0,0.0,0.0,-1.0,,,,,BSCC,2025-10-28 15:47:53,36658
3090,BSCC_STU03090,0.0,0.0,0.0,0.0,0.0,0.0,0.0,0.0,1.0,,,,,BSCC,2025-10-28 15:47:53,36613
3091,BSCC_STU03091,0.0,0.0,0.0,0.0,0.0,0.0,0.0,0.0,0.0,,,,,BSCC,2025-10-28 15:47:53,36587
3092,BSCC_STU03092,0.0,0.0,0.0,0.0,0.0,0.0,0.0,0.0,1.0,,,,,BSCC,2025-10-28 15:47:53,36681
3093,BSCC_STU03093,0.0,0.0,0.0,0.0,0.0,0.0,0.0,0.0,0.0,,,,,BSCC,2025-10-28 15:47:53,36679
3094,BSCC_STU03094,0.0,0.0,0.0,0.0,0.0,0.0,0.0,0.0,1.0,,,,,BSCC,2025-10-28 15:47:53,36636
3095,BSCC_STU03095,0.0,0.0,0.0,0.0,0.0,0.0,0.0,0.0,0.0,,,,,BSCC,2025-10-28 15:47:53,36614
3096,BSCC_STU03096,0.0,0.0,0.0,0.0,0.0,0.0,0.0,0.0,0.0,,,,,BSCC,2025-10-28 15:47:53,36664
3097,BSCC_STU03097,0.0,0.0,0.0,0.0,0.0,0.0,0.0,0.0,1.0,,,,,BSCC,2025-10-28 15:47:53,36617
3098,BSCC_STU03098,0.0,0.0,0.0,0.0,0.0,0.0,0.0,0.0,0.0,,,,,BSCC,2025-10-28 15:47:53,36668
3099,BSCC_STU03099,0.0,0.0,0.0,0.0,0.0,0.0,0.0,0.0,-1.0,,,,,BSCC,2025-10-28 15:47:53,36684
3100,BSCC_STU03100,0.0,0.0,0.0,0.0,0.0,0.0,0.0,0.0,0.0,,,,,BSCC,2025-10-28 15:47:53,36652
3101,BSCC_STU03101,0.0,0.0,0.0,0.0,0.0,0.0,0.0,0.0,0.0,,,,,BSCC,2025-10-28 15:47:53,36668
3102,BSCC_STU03102,0.0,0.0,0.0,0.0,0.0,0.0,0.0,0.0,-1.0,,,,,BSCC,2025-10-28 15:47:53,36623
3103,BSCC_STU03103,0.0,0.0,0.0,0.0,0.0,0.0,0.0,0.0,0.0,,,,,BSCC,2025-10-28 15:47:53,36587
3104,BSCC_STU03104,0.0,0.0,0.0,0.0,0.0,0.0,0.0,0.0,1.0,,,,,BSCC,2025-10-28 15:47:53,36612
3105,BSCC_STU03105,0.0,0.0,0.0,0.0,0.0,0.0,0.0,0.0,1.0,,,,,BSCC,2025-10-28 15:47:53,36671
3106,BSCC_STU03106,0.0,0.0,0.0,0.0,0.0,0.0,0.0,0.0,0.0,,,,,BSCC,2025-10-28 15:47:53,36614
3107,BSCC_STU03107,0.0,0.0,0.0,0.0,0.0,0.0,0.0,0.0,-1.0,,,,,BSCC,2025-10-28 15:47:53,36617
3108,BSCC_STU03108,0.0,0.0,0.0,0.0,0.0,0.0,0.0,0.0,0.0,,,,,BSCC,2025-10-28 15:47:53,36654
3109,BSCC_STU03109,0.0,0.0,0.0,0.0,0.0,2.0,0.0,2.0,1.0,GA,Master's Colleges and Universities,Master's Colleges and Universities,Urban,BSCC,2025-10-28 15:47:53,36602
3110,BSCC_STU03110,0.0,0.0,0.0,0.0,1.0,0.0,1.0,0.0,1.0,,,,,BSCC,2025-10-28 15:47:53,36623
3111,BSCC_STU03111,0.0,0.0,0.0,0.0,0.0,0.0,0.0,0.0,0.0,,,,,BSCC,2025-10-28 15:47:53,36613
3112,BSCC_STU03112,0.0,0.0,0.0,0.0,4.0,0.0,4.0,0.0,0.0,,,,,BSCC,2025-10-28 15:47:53,36619
3113,BSCC_STU03113,0.0,0.0,0.0,0.0,0.0,0.0,0.0,0.0,-1.0,,,,,BSCC,2025-10-28 15:47:53,36525
3114,BSCC_STU03114,0.0,0.0,0.0,0.0,0.0,0.0,0.0,0.0,-1.0,,,,,BSCC,2025-10-28 15:47:53,36651
3115,BSCC_STU03115,0.0,0.0,0.0,0.0,0.0,0.0,0.0,0.0,-1.0,,,,,BSCC,2025-10-28 15:47:53,36627
3116,BSCC_STU03116,0.0,0.0,0.0,0.0,0.0,0.0,0.0,0.0,0.0,,,,,BSCC,2025-10-28 15:47:53,36619
3117,BSCC_STU03117,0.0,0.0,0.0,0.0,0.0,0.0,0.0,0.0,-1.0,,,,,BSCC,2025-10-28 15:47:53,36639
3118,BSCC_STU03118,0.0,0.0,0.0,0.0,0.0,0.0,0.0,0.0,0.0,,,,,BSCC,2025-10-28 15:47:53,36614
3119,BSCC_STU03119,0.0,0.0,0.0,0.0,0.0,0.0,0.0,0.0,0.0,,,,,BSCC,2025-10-28 15:47:53,36629
3120,BSCC_STU03120,0.0,0.0,0.0,0.0,0.0,0.0,0.0,0.0,-1.0,,,,,BSCC,2025-10-28 15:47:53,36657
3121,BSCC_STU03121,0.0,4.0,0.0,4.0,5.0,0.0,5.0,0.0,1.0,,,,,BSCC,2025-10-28 15:47:53,36540
3122,BSCC_STU03122,0.0,0.0,0.0,0.0,0.0,0.0,0.0,0.0,0.0,,,,,BSCC,2025-10-28 15:47:53,36688
3123,BSCC_STU03123,0.0,0.0,0.0,0.0,0.0,0.0,0.0,0.0,1.0,,,,,BSCC,2025-10-28 15:47:53,36682
3124,BSCC_STU03124,0.0,0.0,0.0,0.0,0.0,0.0,0.0,0.0,-1.0,,,,,BSCC,2025-10-28 15:47:53,36663
3125,BSCC_STU03125,0.0,0.0,0.0,0.0,0.0,0.0,0.0,0.0,0.0,,,,,BSCC,2025-10-28 15:47:53,36673
3126,BSCC_STU03126,0.0,0.0,0.0,0.0,0.0,0.0,0.0,0.0,0.0,,,,,BSCC,2025-10-28 15:47:53,36659
3127,BSCC_STU03127,0.0,0.0,0.0,0.0,0.0,3.0,0.0,3.0,0.0,AL,Master's Colleges and Universities,Master's Colleges and Universities,Suburb,BSCC,2025-10-28 15:47:53,36601
3128,BSCC_STU03128,0.0,0.0,0.0,0.0,0.0,0.0,0.0,0.0,-1.0,,,,,BSCC,2025-10-28 15:47:53,36678
3129,BSCC_STU03129,0.0,0.0,0.0,0.0,0.0,0.0,0.0,0.0,-1.0,,,,,BSCC,2025-10-28 15:47:53,36622
3130,BSCC_STU03130,0.0,0.0,0.0,0.0,0.0,0.0,0.0,0.0,0.0,,,,,BSCC,2025-10-28 15:47:53,36545
3131,BSCC_STU03131,0.0,0.0,0.0,0.0,0.0,0.0,0.0,0.0,-1.0,,,,,BSCC,2025-10-28 15:47:53,36607
3132,BSCC_STU03132,0.0,0.0,0.0,0.0,0.0,0.0,0.0,0.0,-1.0,,,,,BSCC,2025-10-28 15:47:53,36660
3133,BSCC_STU03133,0.0,0.0,0.0,0.0,0.0,0.0,0.0,0.0,0.0,,,,,BSCC,2025-10-28 15:47:53,36680
3134,BSCC_STU03134,0.0,0.0,0.0,0.0,0.0,0.0,0.0,0.0,-1.0,,,,,BSCC,2025-10-28 15:47:53,36691
3135,BSCC_STU03135,0.0,0.0,0.0,0.0,0.0,0.0,0.0,0.0,0.0,,,,,BSCC,2025-10-28 15:47:53,36607
3136,BSCC_STU03136,0.0,0.0,0.0,0.0,0.0,0.0,0.0,0.0,-1.0,,,,,BSCC,2025-10-28 15:47:53,36683
3137,BSCC_STU03137,0.0,0.0,0.0,0.0,0.0,0.0,0.0,0.0,1.0,,,,,BSCC,2025-10-28 15:47:53,36677
3138,BSCC_STU03138,0.0,0.0,0.0,0.0,0.0,0.0,0.0,0.0,0.0,,,,,BSCC,2025-10-28 15:47:53,36560
3139,BSCC_STU03139,0.0,0.0,0.0,0.0,0.0,0.0,0.0,0.0,-1.0,,,,,BSCC,2025-10-28 15:47:53,36616
3140,BSCC_STU03140,0.0,0.0,0.0,0.0,0.0,0.0,0.0,0.0,-1.0,,,,,BSCC,2025-10-28 15:47:53,36603
3141,BSCC_STU03141,0.0,0.0,0.0,0.0,0.0,0.0,0.0,0.0,-1.0,,,,,BSCC,2025-10-28 15:47:53,36540
3142,BSCC_STU03142,0.0,0.0,0.0,0.0,2.0,0.0,2.0,0.0,0.0,,,,,BSCC,2025-10-28 15:47:53,36682
3143,BSCC_STU03143,0.0,0.0,0.0,0.0,0.0,0.0,0.0,0.0,1.0,,,,,BSCC,2025-10-28 15:47:53,36571
3144,BSCC_STU03144,0.0,0.0,0.0,0.0,0.0,0.0,0.0,0.0,1.0,,,,,BSCC,2025-10-28 15:47:53,36607
3145,BSCC_STU03145,0.0,0.0,0.0,0.0,0.0,0.0,0.0,0.0,0.0,,,,,BSCC,2025-10-28 15:47:53,36607
3146,BSCC_STU03146,0.0,0.0,0.0,0.0,0.0,0.0,0.0,0.0,-1.0,,,,,BSCC,2025-10-28 15:47:53,36665
3147,BSCC_STU03147,0.0,0.0,0.0,0.0,0.0,0.0,0.0,0.0,0.0,,,,,BSCC,2025-10-28 15:47:53,36659
3148,BSCC_STU03148,0.0,0.0,0.0,0.0,0.0,0.0,0.0,0.0,-1.0,,,,,BSCC,2025-10-28 15:47:53,36647
3149,BSCC_STU03149,0.0,0.0,0.0,0.0,2.0,0.0,2.0,0.0,-1.0,,,,,BSCC,2025-10-28 15:47:53,36662
3150,BSCC_STU03150,0.0,0.0,0.0,0.0,0.0,0.0,0.0,0.0,-1.0,,,,,BSCC,2025-10-28 15:47:53,36680
3151,BSCC_STU03151,0.0,0.0,0.0,0.0,0.0,0.0,0.0,0.0,1.0,,,,,BSCC,2025-10-28 15:47:53,36662
3152,BSCC_STU03152,0.0,0.0,0.0,0.0,0.0,0.0,0.0,0.0,0.0,,,,,BSCC,2025-10-28 15:47:53,36636
3153,BSCC_STU03153,0.0,0.0,0.0,0.0,0.0,0.0,0.0,0.0,-1.0,,,,,BSCC,2025-10-28 15:47:53,36693
3154,BSCC_STU03154,0.0,0.0,0.0,0.0,0.0,0.0,0.0,0.0,-1.0,,,,,BSCC,2025-10-28 15:47:53,36649
3155,BSCC_STU03155,0.0,0.0,0.0,0.0,0.0,0.0,0.0,0.0,-1.0,,,,,BSCC,2025-10-28 15:47:53,36678
3156,BSCC_STU03156,0.0,0.0,0.0,0.0,0.0,0.0,0.0,0.0,0.0,,,,,BSCC,2025-10-28 15:47:53,36690
3157,BSCC_STU03157,0.0,0.0,0.0,0.0,0.0,0.0,0.0,0.0,0.0,,,,,BSCC,2025-10-28 15:47:53,36695
3158,BSCC_STU03158,0.0,0.0,0.0,0.0,0.0,0.0,0.0,0.0,0.0,,,,,BSCC,2025-10-28 15:47:53,36680
3159,BSCC_STU03159,0.0,0.0,0.0,0.0,0.0,0.0,0.0,0.0,-1.0,,,,,BSCC,2025-10-28 15:47:53,36630
3160,BSCC_STU03160,0.0,0.0,0.0,0.0,0.0,0.0,0.0,0.0,0.0,,,,,BSCC,2025-10-28 15:47:53,36648
3161,BSCC_STU03161,0.0,0.0,0.0,0.0,0.0,0.0,0.0,0.0,0.0,,,,,BSCC,2025-10-28 15:47:53,36635
3162,BSCC_STU03162,0.0,0.0,0.0,0.0,0.0,0.0,0.0,0.0,-1.0,,,,,BSCC,2025-10-28 15:47:53,36606
3163,BSCC_STU03163,0.0,0.0,0.0,0.0,0.0,0.0,0.0,0.0,1.0,,,,,BSCC,2025-10-28 15:47:53,36632
3164,BSCC_STU03164,0.0,0.0,0.0,0.0,0.0,0.0,0.0,0.0,-1.0,,,,,BSCC,2025-10-28 15:47:53,36645
3165,BSCC_STU03165,0.0,0.0,0.0,0.0,0.0,0.0,0.0,0.0,0.0,,,,,BSCC,2025-10-28 15:47:53,36693
3166,BSCC_STU03166,0.0,0.0,0.0,0.0,0.0,0.0,0.0,0.0,-1.0,,,,,BSCC,2025-10-28 15:47:53,36603
3167,BSCC_STU03167,0.0,0.0,0.0,0.0,0.0,0.0,0.0,0.0,1.0,,,,,BSCC,2025-10-28 15:47:53,36654
3168,BSCC_STU03168,0.0,0.0,0.0,0.0,0.0,0.0,0.0,0.0,0.0,,,,,BSCC,2025-10-28 15:47:53,36673
3169,BSCC_STU03169,0.0,0.0,0.0,0.0,0.0,0.0,0.0,0.0,-1.0,,,,,BSCC,2025-10-28 15:47:53,36601
3170,BSCC_STU03170,0.0,0.0,0.0,0.0,0.0,0.0,0.0,0.0,0.0,,,,,BSCC,2025-10-28 15:47:53,36667
3171,BSCC_STU03171,0.0,0.0,0.0,0.0,3.0,0.0,3.0,0.0,-1.0,,,,,BSCC,2025-10-28 15:47:53,36603
3172,BSCC_STU03172,0.0,0.0,0.0,0.0,4.0,0.0,4.0,0.0,1.0,,,,,BSCC,2025-10-28 15:47:53,36639
3173,BSCC_STU03173,0.0,0.0,0.0,0.0,0.0,0.0,0.0,0.0,0.0,,,,,BSCC,2025-10-28 15:47:53,36635
3174,BSCC_STU03174,0.0,0.0,0.0,0.0,0.0,0.0,0.0,0.0,-1.0,,,,,BSCC,2025-10-28 15:47:53,36630
3175,BSCC_STU03175,0.0,0.0,0.0,0.0,0.0,0.0,0.0,0.0,-1.0,,,,,BSCC,2025-10-28 15:47:53,36613
3176,BSCC_STU03176,0.0,0.0,0.0,0.0,0.0,0.0,0.0,0.0,-1.0,,,,,BSCC,2025-10-28 15:47:53,36649
3177,BSCC_STU03177,0.0,0.0,0.0,0.0,0.0,0.0,0.0,0.0,0.0,,,,,BSCC,2025-10-28 15:47:53,36601
3178,BSCC_STU03178,0.0,0.0,0.0,0.0,0.0,0.0,0.0,0.0,-1.0,,,,,BSCC,2025-10-28 15:47:53,36693
3179,BSCC_STU03179,0.0,0.0,0.0,0.0,3.0,0.0,3.0,0.0,0.0,,,,,BSCC,2025-10-28 15:47:53,36659
3180,BSCC_STU03180,0.0,5.0,0.0,5.0,2.0,0.0,2.0,0.0,0.0,,,,,BSCC,2025-10-28 15:47:53,36604
3181,BSCC_STU03181,0.0,0.0,0.0,0.0,0.0,0.0,0.0,0.0,-1.0,,,,,BSCC,2025-10-28 15:47:53,36650
3182,BSCC_STU03182,0.0,0.0,0.0,0.0,0.0,0.0,0.0,0.0,0.0,,,,,BSCC,2025-10-28 15:47:53,36605
3183,BSCC_STU03183,0.0,0.0,0.0,0.0,0.0,0.0,0.0,0.0,-1.0,,,,,BSCC,2025-10-28 15:47:53,36627
3184,BSCC_STU03184,0.0,0.0,0.0,0.0,3.0,0.0,3.0,0.0,1.0,,,,,BSCC,2025-10-28 15:47:53,36644
3185,BSCC_STU03185,0.0,0.0,0.0,0.0,4.0,0.0,4.0,0.0,0.0,,,,,BSCC,2025-10-28 15:47:53,36654
3186,BSCC_STU03186,0.0,0.0,0.0,0.0,0.0,0.0,0.0,0.0,-1.0,,,,,BSCC,2025-10-28 15:47:53,36682
3187,BSCC_STU03187,0.0,0.0,0.0,0.0,0.0,0.0,0.0,0.0,-1.0,,,,,BSCC,2025-10-28 15:47:53,36682
3188,BSCC_STU03188,0.0,0.0,0.0,0.0,4.0,0.0,4.0,0.0,-1.0,,,,,BSCC,2025-10-28 15:47:53,36684
3189,BSCC_STU03189,0.0,0.0,0.0,0.0,0.0,0.0,0.0,0.0,0.0,,,,,BSCC,2025-10-28 15:47:53,36626
3190,BSCC_STU03190,0.0,0.0,0.0,0.0,0.0,0.0,0.0,0.0,-1.0,,,,,BSCC,2025-10-28 15:47:53,36653
3191,BSCC_STU03191,0.0,0.0,0.0,0.0,0.0,0.0,0.0,0.0,0.0,,,,,BSCC,2025-10-28 15:47:53,36662
3192,BSCC_STU03192,0.0,0.0,0.0,0.0,0.0,0.0,0.0,0.0,1.0,,,,,BSCC,2025-10-28 15:47:53,36680
3193,BSCC_STU03193,0.0,0.0,0.0,0.0,0.0,0.0,0.0,0.0,-1.0,,,,,BSCC,2025-10-28 15:47:53,36637
3194,BSCC_STU03194,0.0,0.0,0.0,0.0,0.0,0.0,0.0,0.0,-1.0,,,,,BSCC,2025-10-28 15:47:53,36695
3195,BSCC_STU03195,0.0,0.0,0.0,0.0,3.0,0.0,3.0,0.0,1.0,,,,,BSCC,2025-10-28 15:47:53,36633
3196,BSCC_STU03196,0.0,0.0,0.0,0.0,0.0,2.0,0.0,2.0,-1.0,TN,Master's Colleges and Universities,Master's Colleges and Universities,Town/Rural,BSCC,2025-10-28 15:47:53,36627
3197,BSCC_STU03197,0.0,0.0,0.0,0.0,0.0,0.0,0.0,0.0,1.0,,,,,BSCC,2025-10-28 15:47:53,36602
3198,BSCC_STU03198,0.0,0.0,0.0,0.0,0.0,0.0,0.0,0.0,-1.0,,,,,BSCC,2025-10-28 15:47:53,36659
3199,BSCC_STU03199,0.0,0.0,0.0,0.0,0.0,0.0,0.0,0.0,1.0,,,,,BSCC,2025-10-28 15:47:53,36625
3200,BSCC_STU03200,0.0,0.0,0.0,0.0,0.0,0.0,0.0,0.0,-1.0,,,,,BSCC,2025-10-28 15:47:53,36628
3201,BSCC_STU03201,0.0,0.0,0.0,0.0,0.0,0.0,0.0,0.0,1.0,,,,,BSCC,2025-10-28 15:47:53,36639
3202,BSCC_STU03202,0.0,0.0,0.0,0.0,0.0,0.0,0.0,0.0,-1.0,,,,,BSCC,2025-10-28 15:47:53,36687
3203,BSCC_STU03203,0.0,0.0,0.0,0.0,0.0,0.0,0.0,0.0,-1.0,,,,,BSCC,2025-10-28 15:47:53,36545
3204,BSCC_STU03204,0.0,0.0,0.0,0.0,0.0,0.0,0.0,0.0,-1.0,,,,,BSCC,2025-10-28 15:47:53,36643
3205,BSCC_STU03205,0.0,0.0,0.0,0.0,0.0,0.0,0.0,0.0,0.0,,,,,BSCC,2025-10-28 15:47:53,36662
3206,BSCC_STU03206,0.0,0.0,0.0,0.0,0.0,0.0,0.0,0.0,0.0,,,,,BSCC,2025-10-28 15:47:53,36690
3207,BSCC_STU03207,0.0,0.0,0.0,0.0,0.0,0.0,0.0,0.0,0.0,,,,,BSCC,2025-10-28 15:47:53,36607
3208,BSCC_STU03208,0.0,0.0,0.0,0.0,0.0,0.0,0.0,0.0,1.0,,,,,BSCC,2025-10-28 15:47:53,36608
3209,BSCC_STU03209,0.0,0.0,0.0,0.0,3.0,0.0,3.0,0.0,0.0,,,,,BSCC,2025-10-28 15:47:53,36694
3210,BSCC_STU03210,0.0,0.0,0.0,0.0,0.0,0.0,0.0,0.0,1.0,,,,,BSCC,2025-10-28 15:47:53,36671
3211,BSCC_STU03211,0.0,0.0,0.0,0.0,0.0,0.0,0.0,0.0,0.0,,,,,BSCC,2025-10-28 15:47:53,36628
3212,BSCC_STU03212,0.0,0.0,0.0,0.0,0.0,2.0,0.0,2.0,0.0,FL,Master's Colleges and Universities,Master's Colleges and Universities,Urban,BSCC,2025-10-28 15:47:53,36687
3213,BSCC_STU03213,0.0,0.0,0.0,0.0,0.0,0.0,0.0,0.0,1.0,,,,,BSCC,2025-10-28 15:47:53,36674
3214,BSCC_STU03214,0.0,0.0,0.0,0.0,0.0,0.0,0.0,0.0,0.0,,,,,BSCC,2025-10-28 15:47:53,36657
3215,BSCC_STU03215,0.0,0.0,0.0,0.0,0.0,0.0,0.0,0.0,1.0,,,,,BSCC,2025-10-28 15:47:53,36664
3216,BSCC_STU03216,0.0,0.0,0.0,0.0,0.0,0.0,0.0,0.0,-1.0,,,,,BSCC,2025-10-28 15:47:53,36648
3217,BSCC_STU03217,0.0,0.0,0.0,0.0,3.0,0.0,3.0,0.0,-1.0,,,,,BSCC,2025-10-28 15:47:53,36623
3218,BSCC_STU03218,0.0,0.0,0.0,0.0,0.0,0.0,0.0,0.0,0.0,,,,,BSCC,2025-10-28 15:47:53,36651
3219,BSCC_STU03219,0.0,0.0,0.0,0.0,0.0,0.0,0.0,0.0,1.0,,,,,BSCC,2025-10-28 15:47:53,36618
3220,BSCC_STU03220,0.0,0.0,0.0,0.0,0.0,0.0,0.0,0.0,-1.0,,,,,BSCC,2025-10-28 15:47:53,36631
3221,BSCC_STU03221,0.0,0.0,0.0,0.0,0.0,0.0,0.0,0.0,1.0,,,,,BSCC,2025-10-28 15:47:53,36611
3222,BSCC_STU03222,0.0,0.0,0.0,0.0,0.0,2.0,0.0,2.0,0.0,GA,Associate's Colleges,Associate's Colleges,Town/Rural,BSCC,2025-10-28 15:47:53,36683
3223,BSCC_STU03223,0.0,0.0,0.0,0.0,0.0,0.0,0.0,0.0,-1.0,,,,,BSCC,2025-10-28 15:47:53,36667
3224,BSCC_STU03224,0.0,0.0,0.0,0.0,0.0,0.0,0.0,0.0,-1.0,,,,,BSCC,2025-10-28 15:47:53,36625
3225,BSCC_STU03225,0.0,0.0,0.0,0.0,0.0,0.0,0.0,0.0,0.0,,,,,BSCC,2025-10-28 15:47:53,36571
3226,BSCC_STU03226,0.0,4.0,0.0,4.0,2.0,0.0,2.0,0.0,0.0,,,,,BSCC,2025-10-28 15:47:53,36608
3227,BSCC_STU03227,0.0,0.0,0.0,0.0,0.0,0.0,0.0,0.0,1.0,,,,,BSCC,2025-10-28 15:47:53,36638
3228,BSCC_STU03228,0.0,0.0,0.0,0.0,0.0,0.0,0.0,0.0,0.0,,,,,BSCC,2025-10-28 15:47:53,36603
3229,BSCC_STU03229,0.0,0.0,0.0,0.0,0.0,0.0,0.0,0.0,1.0,,,,,BSCC,2025-10-28 15:47:53,36681
3230,BSCC_STU03230,0.0,0.0,0.0,0.0,0.0,0.0,0.0,0.0,-1.0,,,,,BSCC,2025-10-28 15:47:53,36626
3231,BSCC_STU03231,0.0,0.0,0.0,0.0,0.0,0.0,0.0,0.0,1.0,,,,,BSCC,2025-10-28 15:47:53,36651
3232,BSCC_STU03232,0.0,0.0,0.0,0.0,0.0,0.0,0.0,0.0,-1.0,,,,,BSCC,2025-10-28 15:47:53,36603
3233,BSCC_STU03233,0.0,0.0,0.0,0.0,0.0,0.0,0.0,0.0,-1.0,,,,,BSCC,2025-10-28 15:47:53,36610
3234,BSCC_STU03234,0.0,0.0,0.0,0.0,0.0,0.0,0.0,0.0,1.0,,,,,BSCC,2025-10-28 15:47:53,36668
3235,BSCC_STU03235,0.0,0.0,0.0,0.0,0.0,0.0,0.0,0.0,1.0,,,,,BSCC,2025-10-28 15:47:53,36604
3236,BSCC_STU03236,0.0,0.0,0.0,0.0,0.0,0.0,0.0,0.0,0.0,,,,,BSCC,2025-10-28 15:47:53,36666
3237,BSCC_STU03237,0.0,0.0,0.0,0.0,0.0,3.0,0.0,3.0,0.0,MS,Associate's Colleges,Associate's Colleges,Town/Rural,BSCC,2025-10-28 15:47:53,36692
3238,BSCC_STU03238,0.0,0.0,0.0,0.0,2.0,0.0,2.0,0.0,0.0,,,,,BSCC,2025-10-28 15:47:53,36683
3239,BSCC_STU03239,0.0,0.0,0.0,0.0,0.0,0.0,0.0,0.0,0.0,,,,,BSCC,2025-10-28 15:47:53,36608
3240,BSCC_STU03240,0.0,0.0,0.0,0.0,0.0,0.0,0.0,0.0,0.0,,,,,BSCC,2025-10-28 15:47:53,36587
3241,BSCC_STU03241,0.0,0.0,0.0,0.0,0.0,0.0,0.0,0.0,-1.0,,,,,BSCC,2025-10-28 15:47:53,36643
3242,BSCC_STU03242,0.0,0.0,0.0,0.0,0.0,0.0,0.0,0.0,1.0,,,,,BSCC,2025-10-28 15:47:53,36654
3243,BSCC_STU03243,0.0,0.0,0.0,0.0,0.0,0.0,0.0,0.0,1.0,,,,,BSCC,2025-10-28 15:47:53,36602
3244,BSCC_STU03244,0.0,0.0,0.0,0.0,0.0,0.0,0.0,0.0,0.0,,,,,BSCC,2025-10-28 15:47:53,36675
3245,BSCC_STU03245,0.0,0.0,0.0,0.0,0.0,0.0,0.0,0.0,0.0,,,,,BSCC,2025-10-28 15:47:53,36609
3246,BSCC_STU03246,0.0,0.0,0.0,0.0,0.0,0.0,0.0,0.0,0.0,,,,,BSCC,2025-10-28 15:47:53,36658
3247,BSCC_STU03247,0.0,0.0,0.0,0.0,0.0,0.0,0.0,0.0,-1.0,,,,,BSCC,2025-10-28 15:47:53,36635
3248,BSCC_STU03248,0.0,0.0,0.0,0.0,0.0,0.0,0.0,0.0,0.0,,,,,BSCC,2025-10-28 15:47:53,36692
3249,BSCC_STU03249,0.0,0.0,0.0,0.0,0.0,4.0,0.0,4.0,1.0,GA,Associate's Colleges,Associate's Colleges,Urban,BSCC,2025-10-28 15:47:53,36645
3250,BSCC_STU03250,0.0,0.0,0.0,0.0,0.0,0.0,0.0,0.0,-1.0,,,,,BSCC,2025-10-28 15:47:53,36610
3251,BSCC_STU03251,0.0,0.0,0.0,0.0,0.0,0.0,0.0,0.0,1.0,,,,,BSCC,2025-10-28 15:47:53,36623
3252,BSCC_STU03252,0.0,0.0,0.0,0.0,0.0,0.0,0.0,0.0,1.0,,,,,BSCC,2025-10-28 15:47:53,36688
3253,BSCC_STU03253,0.0,0.0,0.0,0.0,0.0,0.0,0.0,0.0,-1.0,,,,,BSCC,2025-10-28 15:47:53,36620
3254,BSCC_STU03254,0.0,0.0,0.0,0.0,0.0,0.0,0.0,0.0,-1.0,,,,,BSCC,2025-10-28 15:47:53,36645
3255,BSCC_STU03255,0.0,0.0,0.0,0.0,0.0,0.0,0.0,0.0,0.0,,,,,BSCC,2025-10-28 15:47:53,36656
3256,BSCC_STU03256,0.0,0.0,0.0,0.0,3.0,0.0,3.0,0.0,-1.0,,,,,BSCC,2025-10-28 15:47:53,36671
3257,BSCC_STU03257,0.0,0.0,0.0,0.0,0.0,0.0,0.0,0.0,0.0,,,,,BSCC,2025-10-28 15:47:53,36694
3258,BSCC_STU03258,0.0,0.0,0.0,0.0,0.0,0.0,0.0,0.0,-1.0,,,,,BSCC,2025-10-28 15:47:53,36630
3259,BSCC_STU03259,0.0,0.0,0.0,0.0,4.0,0.0,4.0,0.0,-1.0,,,,,BSCC,2025-10-28 15:47:53,36571
3260,BSCC_STU03260,0.0,0.0,0.0,0.0,0.0,2.0,0.0,2.0,0.0,MS,Associate's Colleges,Associate's Colleges,Urban,BSCC,2025-10-28 15:47:53,36675
3261,BSCC_STU03261,0.0,0.0,0.0,0.0,0.0,0.0,0.0,0.0,0.0,,,,,BSCC,2025-10-28 15:47:53,36679
3262,BSCC_STU03262,0.0,0.0,0.0,0.0,0.0,0.0,0.0,0.0,0.0,,,,,BSCC,2025-10-28 15:47:53,36695
3263,BSCC_STU03263,0.0,0.0,0.0,0.0,0.0,0.0,0.0,0.0,1.0,,,,,BSCC,2025-10-28 15:47:53,36614
3264,BSCC_STU03264,0.0,0.0,0.0,0.0,0.0,5.0,0.0,5.0,0.0,MS,Master's Colleges and Universities,Master's Colleges and Universities,Urban,BSCC,2025-10-28 15:47:53,36666
3265,BSCC_STU03265,0.0,0.0,0.0,0.0,0.0,0.0,0.0,0.0,1.0,,,,,BSCC,2025-10-28 15:47:53,36624
3266,BSCC_STU03266,0.0,0.0,0.0,0.0,0.0,0.0,0.0,0.0,-1.0,,,,,BSCC,2025-10-28 15:47:53,36677
3267,BSCC_STU03267,0.0,0.0,0.0,0.0,0.0,0.0,0.0,0.0,-1.0,,,,,BSCC,2025-10-28 15:47:53,36617
3268,BSCC_STU03268,0.0,0.0,0.0,0.0,0.0,0.0,0.0,0.0,-1.0,,,,,BSCC,2025-10-28 15:47:53,36654
3269,BSCC_STU03269,0.0,0.0,0.0,0.0,0.0,0.0,0.0,0.0,-1.0,,,,,BSCC,2025-10-28 15:47:53,36678
3270,BSCC_STU03270,0.0,0.0,0.0,0.0,0.0,0.0,0.0,0.0,1.0,,,,,BSCC,2025-10-28 15:47:53,36623
3271,BSCC_STU03271,0.0,0.0,0.0,0.0,0.0,0.0,0.0,0.0,1.0,,,,,BSCC,2025-10-28 15:47:53,36603
3272,BSCC_STU03272,0.0,0.0,0.0,0.0,0.0,0.0,0.0,0.0,0.0,,,,,BSCC,2025-10-28 15:47:53,36605
3273,BSCC_STU03273,0.0,0.0,0.0,0.0,4.0,0.0,4.0,0.0,1.0,,,,,BSCC,2025-10-28 15:47:53,36631
3274,BSCC_STU03274,0.0,0.0,0.0,0.0,0.0,0.0,0.0,0.0,1.0,,,,,BSCC,2025-10-28 15:47:53,36634
3275,BSCC_STU03275,0.0,0.0,0.0,0.0,0.0,0.0,0.0,0.0,0.0,,,,,BSCC,2025-10-28 15:47:53,36682
3276,BSCC_STU03276,0.0,0.0,0.0,0.0,0.0,0.0,0.0,0.0,-1.0,,,,,BSCC,2025-10-28 15:47:53,36671
3277,BSCC_STU03277,0.0,0.0,0.0,0.0,0.0,0.0,0.0,0.0,-1.0,,,,,BSCC,2025-10-28 15:47:53,36636
3278,BSCC_STU03278,0.0,0.0,0.0,0.0,0.0,0.0,0.0,0.0,0.0,,,,,BSCC,2025-10-28 15:47:53,36693
3279,BSCC_STU03279,0.0,0.0,0.0,0.0,0.0,0.0,0.0,0.0,0.0,,,,,BSCC,2025-10-28 15:47:53,36656
3280,BSCC_STU03280,0.0,0.0,0.0,0.0,0.0,0.0,0.0,0.0,-1.0,,,,,BSCC,2025-10-28 15:47:53,36608
3281,BSCC_STU03281,0.0,0.0,0.0,0.0,4.0,0.0,4.0,0.0,0.0,,,,,BSCC,2025-10-28 15:47:53,36677
3282,BSCC_STU03282,0.0,0.0,0.0,0.0,0.0,0.0,0.0,0.0,0.0,,,,,BSCC,2025-10-28 15:47:53,36622
3283,BSCC_STU03283,0.0,3.0,0.0,3.0,3.0,0.0,3.0,0.0,1.0,,,,,BSCC,2025-10-28 15:47:53,36640
3284,BSCC_STU03284,0.0,0.0,0.0,0.0,0.0,1.0,0.0,1.0,0.0,GA,Master's Colleges and Universities,Master's Colleges and Universities,Urban,BSCC,2025-10-28 15:47:53,36648
3285,BSCC_STU03285,0.0,0.0,0.0,0.0,0.0,0.0,0.0,0.0,-1.0,,,,,BSCC,2025-10-28 15:47:53,36645
3286,BSCC_STU03286,0.0,0.0,0.0,0.0,0.0,0.0,0.0,0.0,0.0,,,,,BSCC,2025-10-28 15:47:53,36655
3287,BSCC_STU03287,0.0,0.0,0.0,0.0,0.0,0.0,0.0,0.0,-1.0,,,,,BSCC,2025-10-28 15:47:53,36673
3288,BSCC_STU03288,0.0,4.0,0.0,4.0,1.0,0.0,1.0,0.0,0.0,,,,,BSCC,2025-10-28 15:47:53,36663
3289,BSCC_STU03289,0.0,0.0,0.0,0.0,0.0,0.0,0.0,0.0,1.0,,,,,BSCC,2025-10-28 15:47:53,36611
3290,BSCC_STU03290,0.0,0.0,0.0,0.0,0.0,0.0,0.0,0.0,0.0,,,,,BSCC,2025-10-28 15:47:53,36618
3291,BSCC_STU03291,0.0,0.0,0.0,0.0,0.0,0.0,0.0,0.0,-1.0,,,,,BSCC,2025-10-28 15:47:53,36695
3292,BSCC_STU03292,0.0,0.0,0.0,0.0,0.0,0.0,0.0,0.0,-1.0,,,,,BSCC,2025-10-28 15:47:53,36680
3293,BSCC_STU03293,0.0,3.0,0.0,3.0,3.0,0.0,3.0,0.0,-1.0,,,,,BSCC,2025-10-28 15:47:53,36682
3294,BSCC_STU03294,0.0,0.0,0.0,0.0,0.0,0.0,0.0,0.0,1.0,,,,,BSCC,2025-10-28 15:47:53,36627
3295,BSCC_STU03295,0.0,0.0,0.0,0.0,0.0,0.0,0.0,0.0,-1.0,,,,,BSCC,2025-10-28 15:47:53,36687
3296,BSCC_STU03296,0.0,0.0,0.0,0.0,5.0,0.0,5.0,0.0,-1.0,,,,,BSCC,2025-10-28 15:47:53,36617
3297,BSCC_STU03297,0.0,0.0,0.0,0.0,0.0,0.0,0.0,0.0,1.0,,,,,BSCC,2025-10-28 15:47:53,36695
3298,BSCC_STU03298,0.0,0.0,0.0,0.0,0.0,0.0,0.0,0.0,1.0,,,,,BSCC,2025-10-28 15:47:53,36668
3299,BSCC_STU03299,0.0,0.0,0.0,0.0,0.0,0.0,0.0,0.0,-1.0,,,,,BSCC,2025-10-28 15:47:53,36607
3300,BSCC_STU03300,0.0,0.0,0.0,0.0,0.0,0.0,0.0,0.0,1.0,,,,,BSCC,2025-10-28 15:47:53,36658
3301,BSCC_STU03301,0.0,0.0,0.0,0.0,0.0,0.0,0.0,0.0,1.0,,,,,BSCC,2025-10-28 15:47:53,36667
3302,BSCC_STU03302,0.0,0.0,0.0,0.0,0.0,0.0,0.0,0.0,0.0,,,,,BSCC,2025-10-28 15:47:53,36571
3303,BSCC_STU03303,0.0,0.0,0.0,0.0,0.0,0.0,0.0,0.0,-1.0,,,,,BSCC,2025-10-28 15:47:53,36623
3304,BSCC_STU03304,0.0,0.0,0.0,0.0,0.0,0.0,0.0,0.0,1.0,,,,,BSCC,2025-10-28 15:47:53,36642
3305,BSCC_STU03305,0.0,0.0,0.0,0.0,0.0,3.0,0.0,3.0,-1.0,FL,Master's Colleges and Universities,Master's Colleges and Universities,Suburb,BSCC,2025-10-28 15:47:53,36628
3306,BSCC_STU03306,0.0,0.0,0.0,0.0,0.0,0.0,0.0,0.0,0.0,,,,,BSCC,2025-10-28 15:47:53,36680
3307,BSCC_STU03307,0.0,0.0,0.0,0.0,0.0,0.0,0.0,0.0,0.0,,,,,BSCC,2025-10-28 15:47:53,36608
3308,BSCC_STU03308,0.0,0.0,0.0,0.0,3.0,0.0,3.0,0.0,1.0,,,,,BSCC,2025-10-28 15:47:53,36617
3309,BSCC_STU03309,0.0,5.0,0.0,5.0,2.0,0.0,2.0,0.0,1.0,,,,,BSCC,2025-10-28 15:47:53,36587
3310,BSCC_STU03310,0.0,0.0,0.0,0.0,0.0,0.0,0.0,0.0,-1.0,,,,,BSCC,2025-10-28 15:47:53,36611
3311,BSCC_STU03311,0.0,0.0,0.0,0.0,0.0,0.0,0.0,0.0,0.0,,,,,BSCC,2025-10-28 15:47:53,36619
3312,BSCC_STU03312,0.0,0.0,0.0,0.0,0.0,0.0,0.0,0.0,0.0,,,,,BSCC,2025-10-28 15:47:53,36686
3313,BSCC_STU03313,0.0,0.0,0.0,0.0,0.0,0.0,0.0,0.0,0.0,,,,,BSCC,2025-10-28 15:47:53,36629
3314,BSCC_STU03314,0.0,0.0,0.0,0.0,0.0,0.0,0.0,0.0,0.0,,,,,BSCC,2025-10-28 15:47:53,36653
3315,BSCC_STU03315,0.0,0.0,0.0,0.0,0.0,0.0,0.0,0.0,-1.0,,,,,BSCC,2025-10-28 15:47:53,36626
3316,BSCC_STU03316,0.0,0.0,0.0,0.0,0.0,0.0,0.0,0.0,-1.0,,,,,BSCC,2025-10-28 15:47:53,36661
3317,BSCC_STU03317,0.0,0.0,0.0,0.0,0.0,0.0,0.0,0.0,0.0,,,,,BSCC,2025-10-28 15:47:53,36685
3318,BSCC_STU03318,0.0,0.0,0.0,0.0,5.0,0.0,5.0,0.0,-1.0,,,,,BSCC,2025-10-28 15:47:53,36651
3319,BSCC_STU03319,0.0,0.0,0.0,0.0,0.0,0.0,0.0,0.0,-1.0,,,,,BSCC,2025-10-28 15:47:53,36610
3320,BSCC_STU03320,0.0,0.0,0.0,0.0,0.0,0.0,0.0,0.0,-1.0,,,,,BSCC,2025-10-28 15:47:53,36619
3321,BSCC_STU03321,0.0,0.0,0.0,0.0,0.0,0.0,0.0,0.0,1.0,,,,,BSCC,2025-10-28 15:47:53,36686
3322,BSCC_STU03322,0.0,0.0,0.0,0.0,3.0,0.0,3.0,0.0,0.0,,,,,BSCC,2025-10-28 15:47:53,36607
3323,BSCC_STU03323,0.0,0.0,0.0,0.0,0.0,0.0,0.0,0.0,1.0,,,,,BSCC,2025-10-28 15:47:53,36631
3324,BSCC_STU03324,0.0,0.0,0.0,0.0,0.0,0.0,0.0,0.0,1.0,,,,,BSCC,2025-10-28 15:47:53,36612
3325,BSCC_STU03325,0.0,0.0,0.0,0.0,0.0,0.0,0.0,0.0,-1.0,,,,,BSCC,2025-10-28 15:47:53,36634
3326,BSCC_STU03326,0.0,0.0,0.0,0.0,0.0,0.0,0.0,0.0,-1.0,,,,,BSCC,2025-10-28 15:47:53,36623
3327,BSCC_STU03327,0.0,0.0,0.0,0.0,0.0,0.0,0.0,0.0,-1.0,,,,,BSCC,2025-10-28 15:47:53,36525
3328,BSCC_STU03328,0.0,0.0,0.0,0.0,3.0,0.0,3.0,0.0,1.0,,,,,BSCC,2025-10-28 15:47:53,36663
3329,BSCC_STU03329,0.0,0.0,0.0,0.0,0.0,0.0,0.0,0.0,1.0,,,,,BSCC,2025-10-28 15:47:53,36633
3330,BSCC_STU03330,0.0,0.0,0.0,0.0,0.0,0.0,0.0,0.0,1.0,,,,,BSCC,2025-10-28 15:47:53,36571
3331,BSCC_STU03331,0.0,0.0,0.0,0.0,0.0,0.0,0.0,0.0,-1.0,,,,,BSCC,2025-10-28 15:47:53,36642
3332,BSCC_STU03332,0.0,0.0,0.0,0.0,5.0,0.0,5.0,0.0,1.0,,,,,BSCC,2025-10-28 15:47:53,36659
3333,BSCC_STU03333,0.0,0.0,0.0,0.0,0.0,0.0,0.0,0.0,0.0,,,,,BSCC,2025-10-28 15:47:53,36659
3334,BSCC_STU03334,0.0,0.0,0.0,0.0,3.0,0.0,3.0,0.0,0.0,,,,,BSCC,2025-10-28 15:47:53,36675
3335,BSCC_STU03335,0.0,0.0,0.0,0.0,0.0,0.0,0.0,0.0,1.0,,,,,BSCC,2025-10-28 15:47:53,36695
3336,BSCC_STU03336,0.0,0.0,0.0,0.0,3.0,0.0,3.0,0.0,-1.0,,,,,BSCC,2025-10-28 15:47:53,36613
3337,BSCC_STU03337,0.0,0.0,0.0,0.0,0.0,0.0,0.0,0.0,1.0,,,,,BSCC,2025-10-28 15:47:53,36604
3338,BSCC_STU03338,0.0,0.0,0.0,0.0,0.0,0.0,0.0,0.0,0.0,,,,,BSCC,2025-10-28 15:47:53,36631
3339,BSCC_STU03339,0.0,0.0,0.0,0.0,0.0,0.0,0.0,0.0,0.0,,,,,BSCC,2025-10-28 15:47:53,36690
3340,BSCC_STU03340,0.0,0.0,0.0,0.0,0.0,0.0,0.0,0.0,-1.0,,,,,BSCC,2025-10-28 15:47:53,36622
3341,BSCC_STU03341,0.0,0.0,0.0,0.0,0.0,0.0,0.0,0.0,-1.0,,,,,BSCC,2025-10-28 15:47:53,36644
3342,BSCC_STU03342,0.0,0.0,0.0,0.0,4.0,0.0,4.0,0.0,0.0,,,,,BSCC,2025-10-28 15:47:53,36611
3343,BSCC_STU03343,0.0,0.0,0.0,0.0,0.0,0.0,0.0,0.0,0.0,,,,,BSCC,2025-10-28 15:47:53,36654
3344,BSCC_STU03344,0.0,0.0,0.0,0.0,0.0,0.0,0.0,0.0,-1.0,,,,,BSCC,2025-10-28 15:47:53,36611
3345,BSCC_STU03345,0.0,0.0,0.0,0.0,0.0,0.0,0.0,0.0,1.0,,,,,BSCC,2025-10-28 15:47:53,36680
3346,BSCC_STU03346,0.0,0.0,0.0,0.0,0.0,0.0,0.0,0.0,-1.0,,,,,BSCC,2025-10-28 15:47:53,36650
3347,BSCC_STU03347,0.0,0.0,0.0,0.0,0.0,0.0,0.0,0.0,1.0,,,,,BSCC,2025-10-28 15:47:53,36656
3348,BSCC_STU03348,0.0,0.0,0.0,0.0,0.0,0.0,0.0,0.0,0.0,,,,,BSCC,2025-10-28 15:47:53,36645
3349,BSCC_STU03349,0.0,0.0,0.0,0.0,0.0,0.0,0.0,0.0,-1.0,,,,,BSCC,2025-10-28 15:47:53,36626
3350,BSCC_STU03350,0.0,0.0,0.0,0.0,0.0,0.0,0.0,0.0,-1.0,,,,,BSCC,2025-10-28 15:47:53,36640
3351,BSCC_STU03351,0.0,0.0,0.0,0.0,0.0,0.0,0.0,0.0,1.0,,,,,BSCC,2025-10-28 15:47:53,36619
3352,BSCC_STU03352,0.0,0.0,0.0,0.0,0.0,0.0,0.0,0.0,1.0,,,,,BSCC,2025-10-28 15:47:53,36682
3353,BSCC_STU03353,0.0,0.0,0.0,0.0,3.0,0.0,3.0,0.0,-1.0,,,,,BSCC,2025-10-28 15:47:53,36665
3354,BSCC_STU03354,0.0,0.0,0.0,0.0,0.0,0.0,0.0,0.0,0.0,,,,,BSCC,2025-10-28 15:47:53,36690
3355,BSCC_STU03355,0.0,0.0,0.0,0.0,0.0,0.0,0.0,0.0,1.0,,,,,BSCC,2025-10-28 15:47:53,36650
3356,BSCC_STU03356,0.0,0.0,0.0,0.0,0.0,0.0,0.0,0.0,-1.0,,,,,BSCC,2025-10-28 15:47:53,36626
3357,BSCC_STU03357,0.0,0.0,0.0,0.0,0.0,0.0,0.0,0.0,-1.0,,,,,BSCC,2025-10-28 15:47:53,36674
3358,BSCC_STU03358,0.0,4.0,0.0,4.0,1.0,0.0,1.0,0.0,1.0,,,,,BSCC,2025-10-28 15:47:53,36630
3359,BSCC_STU03359,0.0,0.0,0.0,0.0,0.0,0.0,0.0,0.0,-1.0,,,,,BSCC,2025-10-28 15:47:53,36571
3360,BSCC_STU03360,0.0,0.0,0.0,0.0,0.0,0.0,0.0,0.0,0.0,,,,,BSCC,2025-10-28 15:47:53,36662
3361,BSCC_STU03361,0.0,0.0,0.0,0.0,0.0,0.0,0.0,0.0,0.0,,,,,BSCC,2025-10-28 15:47:53,36637
3362,BSCC_STU03362,0.0,0.0,0.0,0.0,0.0,0.0,0.0,0.0,0.0,,,,,BSCC,2025-10-28 15:47:53,36694
3363,BSCC_STU03363,0.0,0.0,0.0,0.0,0.0,0.0,0.0,0.0,0.0,,,,,BSCC,2025-10-28 15:47:53,36606
3364,BSCC_STU03364,0.0,0.0,0.0,0.0,0.0,0.0,0.0,0.0,0.0,,,,,BSCC,2025-10-28 15:47:53,36695
3365,BSCC_STU03365,0.0,0.0,0.0,0.0,0.0,0.0,0.0,0.0,1.0,,,,,BSCC,2025-10-28 15:47:53,36540
3366,BSCC_STU03366,0.0,0.0,0.0,0.0,0.0,0.0,0.0,0.0,0.0,,,,,BSCC,2025-10-28 15:47:53,36673
3367,BSCC_STU03367,0.0,0.0,0.0,0.0,0.0,0.0,0.0,0.0,-1.0,,,,,BSCC,2025-10-28 15:47:53,36631
3368,BSCC_STU03368,0.0,0.0,0.0,0.0,0.0,0.0,0.0,0.0,0.0,,,,,BSCC,2025-10-28 15:47:53,36631
3369,BSCC_STU03369,0.0,0.0,0.0,0.0,0.0,0.0,0.0,0.0,0.0,,,,,BSCC,2025-10-28 15:47:53,36676
3370,BSCC_STU03370,0.0,0.0,0.0,0.0,0.0,0.0,0.0,0.0,0.0,,,,,BSCC,2025-10-28 15:47:53,36610
3371,BSCC_STU03371,0.0,0.0,0.0,0.0,0.0,0.0,0.0,0.0,0.0,,,,,BSCC,2025-10-28 15:47:53,36667
3372,BSCC_STU03372,0.0,0.0,0.0,0.0,0.0,0.0,0.0,0.0,0.0,,,,,BSCC,2025-10-28 15:47:53,36667
3373,BSCC_STU03373,0.0,0.0,0.0,0.0,0.0,0.0,0.0,0.0,-1.0,,,,,BSCC,2025-10-28 15:47:53,36667
3374,BSCC_STU03374,0.0,0.0,0.0,0.0,0.0,0.0,0.0,0.0,0.0,,,,,BSCC,2025-10-28 15:47:53,36687
3375,BSCC_STU03375,0.0,5.0,0.0,5.0,0.0,5.0,0.0,5.0,0.0,GA,Associate's Colleges,Associate's Colleges,Town/Rural,BSCC,2025-10-28 15:47:53,36659
3376,BSCC_STU03376,0.0,0.0,0.0,0.0,0.0,0.0,0.0,0.0,-1.0,,,,,BSCC,2025-10-28 15:47:53,36608
3377,BSCC_STU03377,0.0,0.0,0.0,0.0,0.0,0.0,0.0,0.0,-1.0,,,,,BSCC,2025-10-28 15:47:53,36683
3378,BSCC_STU03378,0.0,0.0,0.0,0.0,0.0,0.0,0.0,0.0,0.0,,,,,BSCC,2025-10-28 15:47:53,36680
3379,BSCC_STU03379,0.0,0.0,0.0,0.0,0.0,0.0,0.0,0.0,0.0,,,,,BSCC,2025-10-28 15:47:53,36648
3380,BSCC_STU03380,0.0,0.0,0.0,0.0,0.0,0.0,0.0,0.0,-1.0,,,,,BSCC,2025-10-28 15:47:53,36525
3381,BSCC_STU03381,0.0,0.0,0.0,0.0,0.0,0.0,0.0,0.0,0.0,,,,,BSCC,2025-10-28 15:47:53,36645
3382,BSCC_STU03382,0.0,0.0,0.0,0.0,0.0,0.0,0.0,0.0,1.0,,,,,BSCC,2025-10-28 15:47:53,36642
3383,BSCC_STU03383,0.0,0.0,0.0,0.0,3.0,0.0,3.0,0.0,1.0,,,,,BSCC,2025-10-28 15:47:53,36648
3384,BSCC_STU03384,0.0,0.0,0.0,0.0,0.0,0.0,0.0,0.0,1.0,,,,,BSCC,2025-10-28 15:47:53,36606
3385,BSCC_STU03385,0.0,0.0,0.0,0.0,0.0,0.0,0.0,0.0,0.0,,,,,BSCC,2025-10-28 15:47:53,36540
3386,BSCC_STU03386,0.0,0.0,0.0,0.0,0.0,0.0,0.0,0.0,1.0,,,,,BSCC,2025-10-28 15:47:53,36618
3387,BSCC_STU03387,0.0,0.0,0.0,0.0,0.0,0.0,0.0,0.0,-1.0,,,,,BSCC,2025-10-28 15:47:53,36525
3388,BSCC_STU03388,0.0,0.0,0.0,0.0,0.0,0.0,0.0,0.0,0.0,,,,,BSCC,2025-10-28 15:47:53,36688
3389,BSCC_STU03389,0.0,0.0,0.0,0.0,0.0,0.0,0.0,0.0,0.0,,,,,BSCC,2025-10-28 15:47:53,36692
3390,BSCC_STU03390,0.0,0.0,0.0,0.0,0.0,0.0,0.0,0.0,1.0,,,,,BSCC,2025-10-28 15:47:53,36616
3391,BSCC_STU03391,0.0,0.0,0.0,0.0,0.0,0.0,0.0,0.0,0.0,,,,,BSCC,2025-10-28 15:47:53,36678
3392,BSCC_STU03392,0.0,0.0,0.0,0.0,0.0,0.0,0.0,0.0,-1.0,,,,,BSCC,2025-10-28 15:47:53,36627
3393,BSCC_STU03393,0.0,0.0,0.0,0.0,2.0,0.0,2.0,0.0,0.0,,,,,BSCC,2025-10-28 15:47:53,36624
3394,BSCC_STU03394,0.0,0.0,0.0,0.0,0.0,2.0,0.0,2.0,-1.0,MS,Master's Colleges and Universities,Master's Colleges and Universities,Urban,BSCC,2025-10-28 15:47:53,36540
3395,BSCC_STU03395,0.0,0.0,0.0,0.0,0.0,0.0,0.0,0.0,-1.0,,,,,BSCC,2025-10-28 15:47:53,36670
3396,BSCC_STU03396,0.0,0.0,0.0,0.0,0.0,0.0,0.0,0.0,-1.0,,,,,BSCC,2025-10-28 15:47:53,36695
3397,BSCC_STU03397,0.0,0.0,0.0,0.0,0.0,0.0,0.0,0.0,0.0,,,,,BSCC,2025-10-28 15:47:53,36668
3398,BSCC_STU03398,0.0,0.0,0.0,0.0,0.0,0.0,0.0,0.0,1.0,,,,,BSCC,2025-10-28 15:47:53,36647
3399,BSCC_STU03399,0.0,0.0,0.0,0.0,0.0,0.0,0.0,0.0,1.0,,,,,BSCC,2025-10-28 15:47:53,36626
3400,BSCC_STU03400,0.0,4.0,0.0,4.0,4.0,0.0,4.0,0.0,0.0,,,,,BSCC,2025-10-28 15:47:53,36615
3401,BSCC_STU03401,0.0,0.0,0.0,0.0,0.0,0.0,0.0,0.0,0.0,,,,,BSCC,2025-10-28 15:47:53,36540
3402,BSCC_STU03402,0.0,0.0,0.0,0.0,3.0,0.0,3.0,0.0,1.0,,,,,BSCC,2025-10-28 15:47:53,36693
3403,BSCC_STU03403,0.0,3.0,0.0,3.0,2.0,0.0,2.0,0.0,-1.0,,,,,BSCC,2025-10-28 15:47:53,36641
3404,BSCC_STU03404,0.0,0.0,0.0,0.0,0.0,0.0,0.0,0.0,-1.0,,,,,BSCC,2025-10-28 15:47:53,36666
3405,BSCC_STU03405,0.0,0.0,0.0,0.0,0.0,0.0,0.0,0.0,0.0,,,,,BSCC,2025-10-28 15:47:53,36631
3406,BSCC_STU03406,0.0,0.0,0.0,0.0,0.0,0.0,0.0,0.0,-1.0,,,,,BSCC,2025-10-28 15:47:53,36674
3407,BSCC_STU03407,0.0,0.0,0.0,0.0,0.0,0.0,0.0,0.0,0.0,,,,,BSCC,2025-10-28 15:47:53,36671
3408,BSCC_STU03408,0.0,0.0,0.0,0.0,0.0,0.0,0.0,0.0,0.0,,,,,BSCC,2025-10-28 15:47:53,36602
3409,BSCC_STU03409,0.0,0.0,0.0,0.0,3.0,0.0,3.0,0.0,0.0,,,,,BSCC,2025-10-28 15:47:53,36614
3410,BSCC_STU03410,0.0,0.0,0.0,0.0,0.0,0.0,0.0,0.0,0.0,,,,,BSCC,2025-10-28 15:47:53,36676
3411,BSCC_STU03411,0.0,0.0,0.0,0.0,0.0,0.0,0.0,0.0,1.0,,,,,BSCC,2025-10-28 15:47:53,36637
3412,BSCC_STU03412,0.0,0.0,0.0,0.0,0.0,0.0,0.0,0.0,0.0,,,,,BSCC,2025-10-28 15:47:53,36639
3413,BSCC_STU03413,0.0,0.0,0.0,0.0,3.0,0.0,3.0,0.0,1.0,,,,,BSCC,2025-10-28 15:47:53,36649
3414,BSCC_STU03414,0.0,0.0,0.0,0.0,3.0,0.0,3.0,0.0,0.0,,,,,BSCC,2025-10-28 15:47:53,36668
3415,BSCC_STU03415,0.0,0.0,0.0,0.0,0.0,0.0,0.0,0.0,0.0,,,,,BSCC,2025-10-28 15:47:53,36692
3416,BSCC_STU03416,0.0,0.0,0.0,0.0,0.0,0.0,0.0,0.0,0.0,,,,,BSCC,2025-10-28 15:47:53,36657
3417,BSCC_STU03417,0.0,0.0,0.0,0.0,0.0,0.0,0.0,0.0,1.0,,,,,BSCC,2025-10-28 15:47:53,36627
3418,BSCC_STU03418,0.0,0.0,0.0,0.0,0.0,0.0,0.0,0.0,0.0,,,,,BSCC,2025-10-28 15:47:53,36621
3419,BSCC_STU03419,0.0,0.0,0.0,0.0,2.0,0.0,2.0,0.0,0.0,,,,,BSCC,2025-10-28 15:47:53,36668
3420,BSCC_STU03420,0.0,0.0,0.0,0.0,0.0,0.0,0.0,0.0,-1.0,,,,,BSCC,2025-10-28 15:47:53,36524
3421,BSCC_STU03421,0.0,0.0,0.0,0.0,0.0,0.0,0.0,0.0,-1.0,,,,,BSCC,2025-10-28 15:47:53,36635
3422,BSCC_STU03422,0.0,0.0,0.0,0.0,0.0,0.0,0.0,0.0,0.0,,,,,BSCC,2025-10-28 15:47:53,36604
3423,BSCC_STU03423,0.0,0.0,0.0,0.0,0.0,0.0,0.0,0.0,1.0,,,,,BSCC,2025-10-28 15:47:53,36662
3424,BSCC_STU03424,0.0,0.0,0.0,0.0,2.0,0.0,2.0,0.0,0.0,,,,,BSCC,2025-10-28 15:47:53,36610
3425,BSCC_STU03425,0.0,0.0,0.0,0.0,3.0,0.0,3.0,0.0,1.0,,,,,BSCC,2025-10-28 15:47:53,36675
3426,BSCC_STU03426,0.0,0.0,0.0,0.0,0.0,1.0,0.0,1.0,-1.0,MS,Master's Colleges and Universities,Master's Colleges and Universities,Suburb,BSCC,2025-10-28 15:47:53,36607
3427,BSCC_STU03427,0.0,0.0,0.0,0.0,0.0,0.0,0.0,0.0,0.0,,,,,BSCC,2025-10-28 15:47:53,36631
3428,BSCC_STU03428,0.0,0.0,0.0,0.0,0.0,0.0,0.0,0.0,-1.0,,,,,BSCC,2025-10-28 15:47:53,36665
3429,BSCC_STU03429,0.0,0.0,0.0,0.0,0.0,0.0,0.0,0.0,-1.0,,,,,BSCC,2025-10-28 15:47:53,36643
3430,BSCC_STU03430,0.0,0.0,0.0,0.0,0.0,0.0,0.0,0.0,0.0,,,,,BSCC,2025-10-28 15:47:53,36620
3431,BSCC_STU03431,0.0,0.0,0.0,0.0,0.0,0.0,0.0,0.0,1.0,,,,,BSCC,2025-10-28 15:47:53,36687
3432,BSCC_STU03432,0.0,0.0,0.0,0.0,0.0,0.0,0.0,0.0,-1.0,,,,,BSCC,2025-10-28 15:47:53,36649
3433,BSCC_STU03433,0.0,0.0,0.0,0.0,0.0,0.0,0.0,0.0,1.0,,,,,BSCC,2025-10-28 15:47:53,36657
3434,BSCC_STU03434,0.0,0.0,0.0,0.0,0.0,0.0,0.0,0.0,-1.0,,,,,BSCC,2025-10-28 15:47:53,36636
3435,BSCC_STU03435,0.0,0.0,0.0,0.0,0.0,0.0,0.0,0.0,1.0,,,,,BSCC,2025-10-28 15:47:53,36630
3436,BSCC_STU03436,0.0,0.0,0.0,0.0,0.0,2.0,0.0,2.0,0.0,MS,Master's Colleges and Universities,Master's Colleges and Universities,Urban,BSCC,2025-10-28 15:47:53,36609
3437,BSCC_STU03437,0.0,0.0,0.0,0.0,0.0,0.0,0.0,0.0,0.0,,,,,BSCC,2025-10-28 15:47:53,36645
3438,BSCC_STU03438,0.0,0.0,0.0,0.0,0.0,0.0,0.0,0.0,-1.0,,,,,BSCC,2025-10-28 15:47:53,36604
3439,BSCC_STU03439,0.0,0.0,0.0,0.0,0.0,0.0,0.0,0.0,-1.0,,,,,BSCC,2025-10-28 15:47:53,36658
3440,BSCC_STU03440,0.0,0.0,0.0,0.0,0.0,0.0,0.0,0.0,1.0,,,,,BSCC,2025-10-28 15:47:53,36652
3441,BSCC_STU03441,0.0,0.0,0.0,0.0,0.0,0.0,0.0,0.0,0.0,,,,,BSCC,2025-10-28 15:47:53,36624
3442,BSCC_STU03442,0.0,0.0,0.0,0.0,0.0,0.0,0.0,0.0,-1.0,,,,,BSCC,2025-10-28 15:47:53,36678
3443,BSCC_STU03443,0.0,0.0,0.0,0.0,0.0,0.0,0.0,0.0,1.0,,,,,BSCC,2025-10-28 15:47:53,36628
3444,BSCC_STU03444,0.0,0.0,0.0,0.0,0.0,0.0,0.0,0.0,0.0,,,,,BSCC,2025-10-28 15:47:53,36641
3445,BSCC_STU03445,0.0,0.0,0.0,0.0,0.0,0.0,0.0,0.0,0.0,,,,,BSCC,2025-10-28 15:47:53,36587
3446,BSCC_STU03446,0.0,0.0,0.0,0.0,0.0,0.0,0.0,0.0,-1.0,,,,,BSCC,2025-10-28 15:47:53,36560
3447,BSCC_STU03447,0.0,0.0,0.0,0.0,0.0,0.0,0.0,0.0,-1.0,,,,,BSCC,2025-10-28 15:47:53,36525
3448,BSCC_STU03448,0.0,0.0,0.0,0.0,0.0,0.0,0.0,0.0,0.0,,,,,BSCC,2025-10-28 15:47:53,36658
3449,BSCC_STU03449,0.0,0.0,0.0,0.0,0.0,0.0,0.0,0.0,-1.0,,,,,BSCC,2025-10-28 15:47:53,36677
3450,BSCC_STU03450,0.0,0.0,0.0,0.0,0.0,0.0,0.0,0.0,1.0,,,,,BSCC,2025-10-28 15:47:53,36606
3451,BSCC_STU03451,0.0,0.0,0.0,0.0,0.0,0.0,0.0,0.0,-1.0,,,,,BSCC,2025-10-28 15:47:53,36524
3452,BSCC_STU03452,0.0,0.0,0.0,0.0,0.0,0.0,0.0,0.0,0.0,,,,,BSCC,2025-10-28 15:47:53,36660
3453,BSCC_STU03453,0.0,0.0,0.0,0.0,0.0,0.0,0.0,0.0,-1.0,,,,,BSCC,2025-10-28 15:47:53,36673
3454,BSCC_STU03454,0.0,0.0,0.0,0.0,0.0,0.0,0.0,0.0,0.0,,,,,BSCC,2025-10-28 15:47:53,36571
3455,BSCC_STU03455,0.0,0.0,0.0,0.0,0.0,0.0,0.0,0.0,-1.0,,,,,BSCC,2025-10-28 15:47:53,36642
3456,BSCC_STU03456,0.0,0.0,0.0,0.0,0.0,0.0,0.0,0.0,-1.0,,,,,BSCC,2025-10-28 15:47:53,36648
3457,BSCC_STU03457,0.0,0.0,0.0,0.0,0.0,0.0,0.0,0.0,-1.0,,,,,BSCC,2025-10-28 15:47:53,36560
3458,BSCC_STU03458,0.0,0.0,0.0,0.0,0.0,0.0,0.0,0.0,-1.0,,,,,BSCC,2025-10-28 15:47:53,36679
3459,BSCC_STU03459,0.0,0.0,0.0,0.0,0.0,0.0,0.0,0.0,0.0,,,,,BSCC,2025-10-28 15:47:53,36525
3460,BSCC_STU03460,0.0,0.0,0.0,0.0,0.0,0.0,0.0,0.0,0.0,,,,,BSCC,2025-10-28 15:47:53,36677
3461,BSCC_STU03461,0.0,0.0,0.0,0.0,0.0,0.0,0.0,0.0,-1.0,,,,,BSCC,2025-10-28 15:47:53,36653
3462,BSCC_STU03462,0.0,0.0,0.0,0.0,0.0,0.0,0.0,0.0,-1.0,,,,,BSCC,2025-10-28 15:47:53,36667
3463,BSCC_STU03463,0.0,0.0,0.0,0.0,0.0,0.0,0.0,0.0,1.0,,,,,BSCC,2025-10-28 15:47:53,36642
3464,BSCC_STU03464,0.0,0.0,0.0,0.0,0.0,0.0,0.0,0.0,0.0,,,,,BSCC,2025-10-28 15:47:53,36689
3465,BSCC_STU03465,0.0,0.0,0.0,0.0,0.0,0.0,0.0,0.0,0.0,,,,,BSCC,2025-10-28 15:47:53,36525
3466,BSCC_STU03466,0.0,0.0,0.0,0.0,0.0,0.0,0.0,0.0,0.0,,,,,BSCC,2025-10-28 15:47:53,36650
3467,BSCC_STU03467,0.0,0.0,0.0,0.0,0.0,0.0,0.0,0.0,0.0,,,,,BSCC,2025-10-28 15:47:53,36639
3468,BSCC_STU03468,0.0,0.0,0.0,0.0,0.0,0.0,0.0,0.0,-1.0,,,,,BSCC,2025-10-28 15:47:53,36682
3469,BSCC_STU03469,0.0,0.0,0.0,0.0,0.0,0.0,0.0,0.0,0.0,,,,,BSCC,2025-10-28 15:47:53,36620
3470,BSCC_STU03470,0.0,0.0,0.0,0.0,0.0,0.0,0.0,0.0,0.0,,,,,BSCC,2025-10-28 15:47:53,36674
3471,BSCC_STU03471,0.0,0.0,0.0,0.0,0.0,0.0,0.0,0.0,1.0,,,,,BSCC,2025-10-28 15:47:53,36525
3472,BSCC_STU03472,0.0,0.0,0.0,0.0,0.0,0.0,0.0,0.0,-1.0,,,,,BSCC,2025-10-28 15:47:53,36602
3473,BSCC_STU03473,0.0,0.0,0.0,0.0,0.0,0.0,0.0,0.0,0.0,,,,,BSCC,2025-10-28 15:47:53,36623
3474,BSCC_STU03474,0.0,0.0,0.0,0.0,0.0,0.0,0.0,0.0,0.0,,,,,BSCC,2025-10-28 15:47:53,36636
3475,BSCC_STU03475,0.0,0.0,0.0,0.0,3.0,0.0,3.0,0.0,-1.0,,,,,BSCC,2025-10-28 15:47:53,36615
3476,BSCC_STU03476,0.0,0.0,0.0,0.0,0.0,0.0,0.0,0.0,0.0,,,,,BSCC,2025-10-28 15:47:53,36646
3477,BSCC_STU03477,0.0,0.0,0.0,0.0,0.0,0.0,0.0,0.0,-1.0,,,,,BSCC,2025-10-28 15:47:53,36621
3478,BSCC_STU03478,0.0,0.0,0.0,0.0,0.0,0.0,0.0,0.0,0.0,,,,,BSCC,2025-10-28 15:47:53,36616
3479,BSCC_STU03479,0.0,0.0,0.0,0.0,0.0,0.0,0.0,0.0,0.0,,,,,BSCC,2025-10-28 15:47:53,36670
3480,BSCC_STU03480,0.0,0.0,0.0,0.0,0.0,0.0,0.0,0.0,0.0,,,,,BSCC,2025-10-28 15:47:53,36684
3481,BSCC_STU03481,0.0,0.0,0.0,0.0,0.0,0.0,0.0,0.0,1.0,,,,,BSCC,2025-10-28 15:47:53,36668
3482,BSCC_STU03482,0.0,0.0,0.0,0.0,0.0,0.0,0.0,0.0,0.0,,,,,BSCC,2025-10-28 15:47:53,36612
3483,BSCC_STU03483,0.0,0.0,0.0,0.0,0.0,0.0,0.0,0.0,-1.0,,,,,BSCC,2025-10-28 15:47:53,36688
3484,BSCC_STU03484,0.0,0.0,0.0,0.0,0.0,0.0,0.0,0.0,-1.0,,,,,BSCC,2025-10-28 15:47:53,36655
3485,BSCC_STU03485,0.0,0.0,0.0,0.0,0.0,0.0,0.0,0.0,1.0,,,,,BSCC,2025-10-28 15:47:53,36662
3486,BSCC_STU03486,0.0,0.0,0.0,0.0,0.0,0.0,0.0,0.0,0.0,,,,,BSCC,2025-10-28 15:47:53,36614
3487,BSCC_STU03487,0.0,4.0,0.0,4.0,0.0,2.0,0.0,2.0,0.0,MS,Associate's Colleges,Associate's Colleges,Urban,BSCC,2025-10-28 15:47:53,36674
3488,BSCC_STU03488,0.0,0.0,0.0,0.0,0.0,0.0,0.0,0.0,0.0,,,,,BSCC,2025-10-28 15:47:53,36622
3489,BSCC_STU03489,0.0,0.0,0.0,0.0,3.0,0.0,3.0,0.0,1.0,,,,,BSCC,2025-10-28 15:47:53,36657
3490,BSCC_STU03490,0.0,0.0,0.0,0.0,0.0,0.0,0.0,0.0,0.0,,,,,BSCC,2025-10-28 15:47:53,36695
3491,BSCC_STU03491,0.0,0.0,0.0,0.0,0.0,0.0,0.0,0.0,0.0,,,,,BSCC,2025-10-28 15:47:53,36652
3492,BSCC_STU03492,0.0,0.0,0.0,0.0,0.0,0.0,0.0,0.0,-1.0,,,,,BSCC,2025-10-28 15:47:53,36624
3493,BSCC_STU03493,0.0,0.0,0.0,0.0,0.0,0.0,0.0,0.0,1.0,,,,,BSCC,2025-10-28 15:47:53,36666
3494,BSCC_STU03494,0.0,0.0,0.0,0.0,0.0,0.0,0.0,0.0,0.0,,,,,BSCC,2025-10-28 15:47:53,36656
3495,BSCC_STU03495,0.0,0.0,0.0,0.0,3.0,0.0,3.0,0.0,-1.0,,,,,BSCC,2025-10-28 15:47:53,36681
3496,BSCC_STU03496,0.0,0.0,0.0,0.0,0.0,0.0,0.0,0.0,1.0,,,,,BSCC,2025-10-28 15:47:53,36662
3497,BSCC_STU03497,0.0,0.0,0.0,0.0,0.0,0.0,0.0,0.0,-1.0,,,,,BSCC,2025-10-28 15:47:53,36605
3498,BSCC_STU03498,0.0,0.0,0.0,0.0,0.0,0.0,0.0,0.0,0.0,,,,,BSCC,2025-10-28 15:47:53,36663
3499,BSCC_STU03499,0.0,0.0,0.0,0.0,0.0,0.0,0.0,0.0,0.0,,,,,BSCC,2025-10-28 15:47:53,36679
3500,BSCC_STU03500,0.0,0.0,0.0,0.0,0.0,0.0,0.0,0.0,-1.0,,,,,BSCC,2025-10-28 15:47:53,36613
3501,BSCC_STU03501,0.0,0.0,0.0,0.0,0.0,0.0,0.0,0.0,-1.0,,,,,BSCC,2025-10-28 15:47:53,36682
3502,BSCC_STU03502,0.0,0.0,0.0,0.0,0.0,0.0,0.0,0.0,1.0,,,,,BSCC,2025-10-28 15:47:53,36685
3503,BSCC_STU03503,0.0,0.0,0.0,0.0,0.0,3.0,0.0,3.0,1.0,GA,Associate's Colleges,Associate's Colleges,Urban,BSCC,2025-10-28 15:47:53,36644
3504,BSCC_STU03504,0.0,0.0,0.0,0.0,0.0,0.0,0.0,0.0,0.0,,,,,BSCC,2025-10-28 15:47:53,36612
3505,BSCC_STU03505,0.0,0.0,0.0,0.0,0.0,0.0,0.0,0.0,1.0,,,,,BSCC,2025-10-28 15:47:53,36658
3506,BSCC_STU03506,0.0,0.0,0.0,0.0,0.0,0.0,0.0,0.0,0.0,,,,,BSCC,2025-10-28 15:47:53,36659
3507,BSCC_STU03507,0.0,5.0,0.0,5.0,0.0,4.0,0.0,4.0,0.0,AL,Associate's Colleges,Associate's Colleges,Suburb,BSCC,2025-10-28 15:47:53,36691
3508,BSCC_STU03508,0.0,0.0,0.0,0.0,0.0,0.0,0.0,0.0,1.0,,,,,BSCC,2025-10-28 15:47:53,36651
3509,BSCC_STU03509,0.0,0.0,0.0,0.0,0.0,0.0,0.0,0.0,-1.0,,,,,BSCC,2025-10-28 15:47:53,36665
3510,BSCC_STU03510,0.0,0.0,0.0,0.0,0.0,0.0,0.0,0.0,0.0,,,,,BSCC,2025-10-28 15:47:53,36609
3511,BSCC_STU03511,0.0,0.0,0.0,0.0,0.0,0.0,0.0,0.0,0.0,,,,,BSCC,2025-10-28 15:47:53,36684
3512,BSCC_STU03512,0.0,0.0,0.0,0.0,0.0,0.0,0.0,0.0,1.0,,,,,BSCC,2025-10-28 15:47:53,36668
3513,BSCC_STU03513,0.0,0.0,0.0,0.0,0.0,0.0,0.0,0.0,1.0,,,,,BSCC,2025-10-28 15:47:53,36613
3514,BSCC_STU03514,0.0,0.0,0.0,0.0,0.0,0.0,0.0,0.0,0.0,,,,,BSCC,2025-10-28 15:47:53,36661
3515,BSCC_STU03515,0.0,0.0,0.0,0.0,0.0,0.0,0.0,0.0,1.0,,,,,BSCC,2025-10-28 15:47:53,36622
3516,BSCC_STU03516,0.0,0.0,0.0,0.0,0.0,0.0,0.0,0.0,-1.0,,,,,BSCC,2025-10-28 15:47:53,36615
3517,BSCC_STU03517,0.0,0.0,0.0,0.0,0.0,0.0,0.0,0.0,0.0,,,,,BSCC,2025-10-28 15:47:53,36645
3518,BSCC_STU03518,0.0,0.0,0.0,0.0,0.0,0.0,0.0,0.0,0.0,,,,,BSCC,2025-10-28 15:47:53,36632
3519,BSCC_STU03519,0.0,0.0,0.0,0.0,0.0,0.0,0.0,0.0,-1.0,,,,,BSCC,2025-10-28 15:47:53,36605
3520,BSCC_STU03520,0.0,0.0,0.0,0.0,0.0,0.0,0.0,0.0,-1.0,,,,,BSCC,2025-10-28 15:47:53,36674
3521,BSCC_STU03521,0.0,0.0,0.0,0.0,0.0,0.0,0.0,0.0,-1.0,,,,,BSCC,2025-10-28 15:47:53,36694
3522,BSCC_STU03522,0.0,0.0,0.0,0.0,0.0,0.0,0.0,0.0,1.0,,,,,BSCC,2025-10-28 15:47:53,36694
3523,BSCC_STU03523,0.0,0.0,0.0,0.0,0.0,4.0,0.0,4.0,1.0,GA,Master's Colleges and Universities,Master's Colleges and Universities,Urban,BSCC,2025-10-28 15:47:53,36651
3524,BSCC_STU03524,0.0,0.0,0.0,0.0,0.0,0.0,0.0,0.0,-1.0,,,,,BSCC,2025-10-28 15:47:53,36674
3525,BSCC_STU03525,0.0,0.0,0.0,0.0,0.0,0.0,0.0,0.0,1.0,,,,,BSCC,2025-10-28 15:47:53,36683
3526,BSCC_STU03526,0.0,0.0,0.0,0.0,0.0,0.0,0.0,0.0,-1.0,,,,,BSCC,2025-10-28 15:47:53,36629
3527,BSCC_STU03527,0.0,0.0,0.0,0.0,0.0,0.0,0.0,0.0,-1.0,,,,,BSCC,2025-10-28 15:47:53,36612
3528,BSCC_STU03528,0.0,0.0,0.0,0.0,0.0,0.0,0.0,0.0,1.0,,,,,BSCC,2025-10-28 15:47:53,36690
3529,BSCC_STU03529,0.0,5.0,0.0,5.0,5.0,0.0,5.0,0.0,-1.0,,,,,BSCC,2025-10-28 15:47:53,36642
3530,BSCC_STU03530,0.0,0.0,0.0,0.0,0.0,0.0,0.0,0.0,-1.0,,,,,BSCC,2025-10-28 15:47:53,36618
3531,BSCC_STU03531,0.0,0.0,0.0,0.0,0.0,0.0,0.0,0.0,0.0,,,,,BSCC,2025-10-28 15:47:53,36630
3532,BSCC_STU03532,0.0,0.0,0.0,0.0,0.0,0.0,0.0,0.0,1.0,,,,,BSCC,2025-10-28 15:47:53,36672
3533,BSCC_STU03533,0.0,0.0,0.0,0.0,0.0,0.0,0.0,0.0,0.0,,,,,BSCC,2025-10-28 15:47:53,36631
3534,BSCC_STU03534,0.0,0.0,0.0,0.0,0.0,0.0,0.0,0.0,-1.0,,,,,BSCC,2025-10-28 15:47:53,36693
3535,BSCC_STU03535,0.0,0.0,0.0,0.0,0.0,4.0,0.0,4.0,0.0,TN,Associate's Colleges,Associate's Colleges,Suburb,BSCC,2025-10-28 15:47:53,36620
3536,BSCC_STU03536,0.0,0.0,0.0,0.0,0.0,0.0,0.0,0.0,-1.0,,,,,BSCC,2025-10-28 15:47:53,36618
3537,BSCC_STU03537,0.0,0.0,0.0,0.0,0.0,0.0,0.0,0.0,0.0,,,,,BSCC,2025-10-28 15:47:53,36693
3538,BSCC_STU03538,0.0,0.0,0.0,0.0,0.0,0.0,0.0,0.0,-1.0,,,,,BSCC,2025-10-28 15:47:53,36560
3539,BSCC_STU03539,0.0,0.0,0.0,0.0,0.0,0.0,0.0,0.0,1.0,,,,,BSCC,2025-10-28 15:47:53,36673
3540,BSCC_STU03540,0.0,0.0,0.0,0.0,3.0,0.0,3.0,0.0,0.0,,,,,BSCC,2025-10-28 15:47:53,36650
3541,BSCC_STU03541,0.0,0.0,0.0,0.0,0.0,0.0,0.0,0.0,0.0,,,,,BSCC,2025-10-28 15:47:53,36652
3542,BSCC_STU03542,0.0,0.0,0.0,0.0,0.0,0.0,0.0,0.0,-1.0,,,,,BSCC,2025-10-28 15:47:53,36683
3543,BSCC_STU03543,0.0,0.0,0.0,0.0,0.0,0.0,0.0,0.0,0.0,,,,,BSCC,2025-10-28 15:47:53,36683
3544,BSCC_STU03544,0.0,0.0,0.0,0.0,0.0,0.0,0.0,0.0,0.0,,,,,BSCC,2025-10-28 15:47:53,36663
3545,BSCC_STU03545,0.0,4.0,0.0,4.0,3.0,0.0,3.0,0.0,-1.0,,,,,BSCC,2025-10-28 15:47:53,36620
3546,BSCC_STU03546,0.0,0.0,0.0,0.0,0.0,0.0,0.0,0.0,1.0,,,,,BSCC,2025-10-28 15:47:53,36661
3547,BSCC_STU03547,0.0,0.0,0.0,0.0,0.0,0.0,0.0,0.0,-1.0,,,,,BSCC,2025-10-28 15:47:53,36667
3548,BSCC_STU03548,0.0,0.0,0.0,0.0,2.0,0.0,2.0,0.0,-1.0,,,,,BSCC,2025-10-28 15:47:53,36647
3549,BSCC_STU03549,0.0,0.0,0.0,0.0,0.0,0.0,0.0,0.0,1.0,,,,,BSCC,2025-10-28 15:47:53,36524
3550,BSCC_STU03550,0.0,0.0,0.0,0.0,0.0,0.0,0.0,0.0,1.0,,,,,BSCC,2025-10-28 15:47:53,36631
3551,BSCC_STU03551,0.0,0.0,0.0,0.0,0.0,0.0,0.0,0.0,0.0,,,,,BSCC,2025-10-28 15:47:53,36602
3552,BSCC_STU03552,0.0,0.0,0.0,0.0,0.0,0.0,0.0,0.0,-1.0,,,,,BSCC,2025-10-28 15:47:53,36674
3553,BSCC_STU03553,0.0,0.0,0.0,0.0,4.0,0.0,4.0,0.0,-1.0,,,,,BSCC,2025-10-28 15:47:53,36673
3554,BSCC_STU03554,0.0,0.0,0.0,0.0,0.0,3.0,0.0,3.0,0.0,TN,Master's Colleges and Universities,Master's Colleges and Universities,Suburb,BSCC,2025-10-28 15:47:53,36674
3555,BSCC_STU03555,0.0,0.0,0.0,0.0,0.0,0.0,0.0,0.0,1.0,,,,,BSCC,2025-10-28 15:47:53,36545
3556,BSCC_STU03556,0.0,0.0,0.0,0.0,0.0,0.0,0.0,0.0,1.0,,,,,BSCC,2025-10-28 15:47:53,36601
3557,BSCC_STU03557,0.0,0.0,0.0,0.0,0.0,0.0,0.0,0.0,1.0,,,,,BSCC,2025-10-28 15:47:53,36643
3558,BSCC_STU03558,0.0,0.0,0.0,0.0,0.0,0.0,0.0,0.0,-1.0,,,,,BSCC,2025-10-28 15:47:53,36663
3559,BSCC_STU03559,0.0,0.0,0.0,0.0,0.0,0.0,0.0,0.0,1.0,,,,,BSCC,2025-10-28 15:47:53,36642
3560,BSCC_STU03560,0.0,5.0,0.0,5.0,4.0,0.0,4.0,0.0,0.0,,,,,BSCC,2025-10-28 15:47:53,36676
3561,BSCC_STU03561,0.0,0.0,0.0,0.0,0.0,0.0,0.0,0.0,-1.0,,,,,BSCC,2025-10-28 15:47:53,36658
3562,BSCC_STU03562,0.0,0.0,0.0,0.0,0.0,0.0,0.0,0.0,0.0,,,,,BSCC,2025-10-28 15:47:53,36545
3563,BSCC_STU03563,0.0,0.0,0.0,0.0,0.0,0.0,0.0,0.0,0.0,,,,,BSCC,2025-10-28 15:47:53,36671
3564,BSCC_STU03564,0.0,0.0,0.0,0.0,2.0,0.0,2.0,0.0,0.0,,,,,BSCC,2025-10-28 15:47:53,36670
3565,BSCC_STU03565,0.0,0.0,0.0,0.0,0.0,0.0,0.0,0.0,0.0,,,,,BSCC,2025-10-28 15:47:53,36659
3566,BSCC_STU03566,0.0,0.0,0.0,0.0,0.0,0.0,0.0,0.0,0.0,,,,,BSCC,2025-10-28 15:47:53,36638
3567,BSCC_STU03567,0.0,0.0,0.0,0.0,0.0,0.0,0.0,0.0,1.0,,,,,BSCC,2025-10-28 15:47:53,36651
3568,BSCC_STU03568,0.0,0.0,0.0,0.0,0.0,0.0,0.0,0.0,0.0,,,,,BSCC,2025-10-28 15:47:53,36646
3569,BSCC_STU03569,0.0,0.0,0.0,0.0,0.0,0.0,0.0,0.0,1.0,,,,,BSCC,2025-10-28 15:47:53,36666
3570,BSCC_STU03570,0.0,4.0,0.0,4.0,2.0,0.0,2.0,0.0,-1.0,,,,,BSCC,2025-10-28 15:47:53,36685
3571,BSCC_STU03571,0.0,0.0,0.0,0.0,0.0,0.0,0.0,0.0,1.0,,,,,BSCC,2025-10-28 15:47:53,36674
3572,BSCC_STU03572,0.0,0.0,0.0,0.0,0.0,0.0,0.0,0.0,0.0,,,,,BSCC,2025-10-28 15:47:53,36667
3573,BSCC_STU03573,0.0,0.0,0.0,0.0,0.0,0.0,0.0,0.0,-1.0,,,,,BSCC,2025-10-28 15:47:53,36602
3574,BSCC_STU03574,0.0,0.0,0.0,0.0,0.0,0.0,0.0,0.0,0.0,,,,,BSCC,2025-10-28 15:47:53,36657
3575,BSCC_STU03575,0.0,0.0,0.0,0.0,0.0,0.0,0.0,0.0,-1.0,,,,,BSCC,2025-10-28 15:47:53,36634
3576,BSCC_STU03576,0.0,0.0,0.0,0.0,0.0,0.0,0.0,0.0,1.0,,,,,BSCC,2025-10-28 15:47:53,36655
3577,BSCC_STU03577,0.0,0.0,0.0,0.0,0.0,0.0,0.0,0.0,-1.0,,,,,BSCC,2025-10-28 15:47:53,36623
3578,BSCC_STU03578,0.0,0.0,0.0,0.0,0.0,0.0,0.0,0.0,-1.0,,,,,BSCC,2025-10-28 15:47:53,36630
3579,BSCC_STU03579,0.0,0.0,0.0,0.0,0.0,0.0,0.0,0.0,0.0,,,,,BSCC,2025-10-28 15:47:53,36685
3580,BSCC_STU03580,0.0,0.0,0.0,0.0,0.0,0.0,0.0,0.0,-1.0,,,,,BSCC,2025-10-28 15:47:53,36605
3581,BSCC_STU03581,0.0,0.0,0.0,0.0,0.0,0.0,0.0,0.0,-1.0,,,,,BSCC,2025-10-28 15:47:53,36640
3582,BSCC_STU03582,0.0,0.0,0.0,0.0,0.0,0.0,0.0,0.0,-1.0,,,,,BSCC,2025-10-28 15:47:53,36601
3583,BSCC_STU03583,0.0,0.0,0.0,0.0,0.0,0.0,0.0,0.0,1.0,,,,,BSCC,2025-10-28 15:47:53,36607
3584,BSCC_STU03584,0.0,0.0,0.0,0.0,0.0,0.0,0.0,0.0,-1.0,,,,,BSCC,2025-10-28 15:47:53,36679
3585,BSCC_STU03585,0.0,0.0,0.0,0.0,0.0,0.0,0.0,0.0,-1.0,,,,,BSCC,2025-10-28 15:47:53,36525
3586,BSCC_STU03586,0.0,0.0,0.0,0.0,0.0,0.0,0.0,0.0,0.0,,,,,BSCC,2025-10-28 15:47:53,36679
3587,BSCC_STU03587,0.0,0.0,0.0,0.0,0.0,0.0,0.0,0.0,0.0,,,,,BSCC,2025-10-28 15:47:53,36691
3588,BSCC_STU03588,0.0,0.0,0.0,0.0,0.0,0.0,0.0,0.0,1.0,,,,,BSCC,2025-10-28 15:47:53,36678
3589,BSCC_STU03589,0.0,0.0,0.0,0.0,0.0,0.0,0.0,0.0,0.0,,,,,BSCC,2025-10-28 15:47:53,36655
3590,BSCC_STU03590,0.0,0.0,0.0,0.0,0.0,0.0,0.0,0.0,0.0,,,,,BSCC,2025-10-28 15:47:53,36683
3591,BSCC_STU03591,0.0,0.0,0.0,0.0,0.0,0.0,0.0,0.0,-1.0,,,,,BSCC,2025-10-28 15:47:53,36642
3592,BSCC_STU03592,0.0,0.0,0.0,0.0,0.0,0.0,0.0,0.0,-1.0,,,,,BSCC,2025-10-28 15:47:53,36655
3593,BSCC_STU03593,0.0,0.0,0.0,0.0,0.0,0.0,0.0,0.0,-1.0,,,,,BSCC,2025-10-28 15:47:53,36683
3594,BSCC_STU03594,0.0,4.0,0.0,4.0,2.0,0.0,2.0,0.0,-1.0,,,,,BSCC,2025-10-28 15:47:53,36525
3595,BSCC_STU03595,0.0,0.0,0.0,0.0,0.0,0.0,0.0,0.0,0.0,,,,,BSCC,2025-10-28 15:47:53,36609
3596,BSCC_STU03596,0.0,0.0,0.0,0.0,4.0,0.0,4.0,0.0,0.0,,,,,BSCC,2025-10-28 15:47:53,36692
3597,BSCC_STU03597,0.0,0.0,0.0,0.0,0.0,0.0,0.0,0.0,-1.0,,,,,BSCC,2025-10-28 15:47:53,36692
3598,BSCC_STU03598,0.0,0.0,0.0,0.0,0.0,0.0,0.0,0.0,1.0,,,,,BSCC,2025-10-28 15:47:53,36622
3599,BSCC_STU03599,0.0,0.0,0.0,0.0,0.0,0.0,0.0,0.0,1.0,,,,,BSCC,2025-10-28 15:47:53,36616
3600,BSCC_STU03600,0.0,0.0,0.0,0.0,0.0,0.0,0.0,0.0,0.0,,,,,BSCC,2025-10-28 15:47:53,36540
3601,BSCC_STU03601,0.0,0.0,0.0,0.0,0.0,0.0,0.0,0.0,0.0,,,,,BSCC,2025-10-28 15:47:53,36644
3602,BSCC_STU03602,0.0,0.0,0.0,0.0,0.0,0.0,0.0,0.0,-1.0,,,,,BSCC,2025-10-28 15:47:53,36682
3603,BSCC_STU03603,0.0,0.0,0.0,0.0,0.0,0.0,0.0,0.0,1.0,,,,,BSCC,2025-10-28 15:47:53,36677
3604,BSCC_STU03604,0.0,0.0,0.0,0.0,0.0,0.0,0.0,0.0,-1.0,,,,,BSCC,2025-10-28 15:47:53,36635
3605,BSCC_STU03605,0.0,0.0,0.0,0.0,0.0,0.0,0.0,0.0,1.0,,,,,BSCC,2025-10-28 15:47:53,36667
3606,BSCC_STU03606,0.0,0.0,0.0,0.0,0.0,0.0,0.0,0.0,0.0,,,,,BSCC,2025-10-28 15:47:53,36656
3607,BSCC_STU03607,0.0,0.0,0.0,0.0,0.0,0.0,0.0,0.0,-1.0,,,,,BSCC,2025-10-28 15:47:53,36640
3608,BSCC_STU03608,0.0,0.0,0.0,0.0,0.0,0.0,0.0,0.0,1.0,,,,,BSCC,2025-10-28 15:47:53,36611
3609,BSCC_STU03609,0.0,0.0,0.0,0.0,0.0,0.0,0.0,0.0,0.0,,,,,BSCC,2025-10-28 15:47:53,36654
3610,BSCC_STU03610,0.0,0.0,0.0,0.0,0.0,0.0,0.0,0.0,-1.0,,,,,BSCC,2025-10-28 15:47:53,36695
3611,BSCC_STU03611,0.0,0.0,0.0,0.0,0.0,3.0,0.0,3.0,1.0,AL,Master's Colleges and Universities,Master's Colleges and Universities,Urban,BSCC,2025-10-28 15:47:53,36671
3612,BSCC_STU03612,0.0,0.0,0.0,0.0,3.0,0.0,3.0,0.0,0.0,,,,,BSCC,2025-10-28 15:47:53,36691
3613,BSCC_STU03613,0.0,0.0,0.0,0.0,0.0,0.0,0.0,0.0,0.0,,,,,BSCC,2025-10-28 15:47:53,36690
3614,BSCC_STU03614,0.0,0.0,0.0,0.0,0.0,0.0,0.0,0.0,-1.0,,,,,BSCC,2025-10-28 15:47:53,36618
3615,BSCC_STU03615,0.0,0.0,0.0,0.0,0.0,0.0,0.0,0.0,0.0,,,,,BSCC,2025-10-28 15:47:53,36665
3616,BSCC_STU03616,0.0,0.0,0.0,0.0,0.0,0.0,0.0,0.0,-1.0,,,,,BSCC,2025-10-28 15:47:53,36621
3617,BSCC_STU03617,0.0,0.0,0.0,0.0,3.0,0.0,3.0,0.0,1.0,,,,,BSCC,2025-10-28 15:47:53,36680
3618,BSCC_STU03618,0.0,0.0,0.0,0.0,0.0,0.0,0.0,0.0,-1.0,,,,,BSCC,2025-10-28 15:47:53,36645
3619,BSCC_STU03619,0.0,0.0,0.0,0.0,2.0,0.0,2.0,0.0,0.0,,,,,BSCC,2025-10-28 15:47:53,36649
3620,BSCC_STU03620,0.0,0.0,0.0,0.0,0.0,0.0,0.0,0.0,0.0,,,,,BSCC,2025-10-28 15:47:53,36621
3621,BSCC_STU03621,0.0,0.0,0.0,0.0,0.0,0.0,0.0,0.0,0.0,,,,,BSCC,2025-10-28 15:47:53,36689
3622,BSCC_STU03622,0.0,0.0,0.0,0.0,0.0,0.0,0.0,0.0,0.0,,,,,BSCC,2025-10-28 15:47:53,36666
3623,BSCC_STU03623,0.0,0.0,0.0,0.0,0.0,3.0,0.0,3.0,-1.0,AL,Master's Colleges and Universities,Master's Colleges and Universities,Suburb,BSCC,2025-10-28 15:47:53,36673
3624,BSCC_STU03624,0.0,0.0,0.0,0.0,0.0,0.0,0.0,0.0,0.0,,,,,BSCC,2025-10-28 15:47:53,36659
3625,BSCC_STU03625,0.0,0.0,0.0,0.0,0.0,0.0,0.0,0.0,0.0,,,,,BSCC,2025-10-28 15:47:53,36615
3626,BSCC_STU03626,0.0,0.0,0.0,0.0,0.0,0.0,0.0,0.0,0.0,,,,,BSCC,2025-10-28 15:47:53,36634
3627,BSCC_STU03627,0.0,0.0,0.0,0.0,0.0,0.0,0.0,0.0,0.0,,,,,BSCC,2025-10-28 15:47:53,36689
3628,BSCC_STU03628,0.0,0.0,0.0,0.0,0.0,0.0,0.0,0.0,1.0,,,,,BSCC,2025-10-28 15:47:53,36683
3629,BSCC_STU03629,0.0,0.0,0.0,0.0,0.0,0.0,0.0,0.0,0.0,,,,,BSCC,2025-10-28 15:47:53,36695
3630,BSCC_STU03630,0.0,0.0,0.0,0.0,0.0,0.0,0.0,0.0,-1.0,,,,,BSCC,2025-10-28 15:47:53,36621
3631,BSCC_STU03631,0.0,0.0,0.0,0.0,0.0,0.0,0.0,0.0,-1.0,,,,,BSCC,2025-10-28 15:47:53,36621
3632,BSCC_STU03632,0.0,0.0,0.0,0.0,0.0,0.0,0.0,0.0,0.0,,,,,BSCC,2025-10-28 15:47:53,36655
3633,BSCC_STU03633,0.0,5.0,0.0,5.0,0.0,5.0,0.0,5.0,0.0,MS,Associate's Colleges,Associate's Colleges,Urban,BSCC,2025-10-28 15:47:53,36618
3634,BSCC_STU03634,0.0,0.0,0.0,0.0,0.0,0.0,0.0,0.0,1.0,,,,,BSCC,2025-10-28 15:47:53,36632
3635,BSCC_STU03635,0.0,0.0,0.0,0.0,0.0,0.0,0.0,0.0,0.0,,,,,BSCC,2025-10-28 15:47:53,36587
3636,BSCC_STU03636,0.0,0.0,0.0,0.0,0.0,0.0,0.0,0.0,1.0,,,,,BSCC,2025-10-28 15:47:53,36676
3637,BSCC_STU03637,0.0,0.0,0.0,0.0,0.0,0.0,0.0,0.0,1.0,,,,,BSCC,2025-10-28 15:47:53,36604
3638,BSCC_STU03638,0.0,0.0,0.0,0.0,2.0,0.0,2.0,0.0,0.0,,,,,BSCC,2025-10-28 15:47:53,36690
3639,BSCC_STU03639,0.0,0.0,0.0,0.0,0.0,4.0,0.0,4.0,1.0,AL,Associate's Colleges,Associate's Colleges,Town/Rural,BSCC,2025-10-28 15:47:53,36603
3640,BSCC_STU03640,0.0,0.0,0.0,0.0,0.0,0.0,0.0,0.0,1.0,,,,,BSCC,2025-10-28 15:47:53,36636
3641,BSCC_STU03641,0.0,0.0,0.0,0.0,0.0,0.0,0.0,0.0,1.0,,,,,BSCC,2025-10-28 15:47:53,36630
3642,BSCC_STU03642,0.0,0.0,0.0,0.0,0.0,0.0,0.0,0.0,0.0,,,,,BSCC,2025-10-28 15:47:53,36677
3643,BSCC_STU03643,0.0,0.0,0.0,0.0,0.0,0.0,0.0,0.0,-1.0,,,,,BSCC,2025-10-28 15:47:53,36571
3644,BSCC_STU03644,0.0,0.0,0.0,0.0,0.0,0.0,0.0,0.0,-1.0,,,,,BSCC,2025-10-28 15:47:53,36545
3645,BSCC_STU03645,0.0,0.0,0.0,0.0,0.0,0.0,0.0,0.0,1.0,,,,,BSCC,2025-10-28 15:47:53,36613
3646,BSCC_STU03646,0.0,0.0,0.0,0.0,0.0,0.0,0.0,0.0,-1.0,,,,,BSCC,2025-10-28 15:47:53,36613
3647,BSCC_STU03647,0.0,0.0,0.0,0.0,0.0,0.0,0.0,0.0,1.0,,,,,BSCC,2025-10-28 15:47:53,36613
3648,BSCC_STU03648,0.0,0.0,0.0,0.0,0.0,0.0,0.0,0.0,-1.0,,,,,BSCC,2025-10-28 15:47:53,36626
3649,BSCC_STU03649,0.0,0.0,0.0,0.0,2.0,0.0,2.0,0.0,-1.0,,,,,BSCC,2025-10-28 15:47:53,36681
3650,BSCC_STU03650,0.0,0.0,0.0,0.0,2.0,0.0,2.0,0.0,0.0,,,,,BSCC,2025-10-28 15:47:53,36603
3651,BSCC_STU03651,0.0,0.0,0.0,0.0,0.0,0.0,0.0,0.0,-1.0,,,,,BSCC,2025-10-28 15:47:53,36693
3652,BSCC_STU03652,0.0,0.0,0.0,0.0,0.0,0.0,0.0,0.0,-1.0,,,,,BSCC,2025-10-28 15:47:53,36601
3653,BSCC_STU03653,0.0,0.0,0.0,0.0,0.0,2.0,0.0,2.0,-1.0,GA,Associate's Colleges,Associate's Colleges,Suburb,BSCC,2025-10-28 15:47:53,36663
3654,BSCC_STU03654,0.0,4.0,0.0,4.0,0.0,2.0,0.0,2.0,0.0,MS,Associate's Colleges,Associate's Colleges,Urban,BSCC,2025-10-28 15:47:53,36525
3655,BSCC_STU03655,0.0,0.0,0.0,0.0,0.0,0.0,0.0,0.0,0.0,,,,,BSCC,2025-10-28 15:47:53,36608
3656,BSCC_STU03656,0.0,0.0,0.0,0.0,0.0,0.0,0.0,0.0,0.0,,,,,BSCC,2025-10-28 15:47:53,36666
3657,BSCC_STU03657,0.0,0.0,0.0,0.0,0.0,0.0,0.0,0.0,0.0,,,,,BSCC,2025-10-28 15:47:53,36612
3658,BSCC_STU03658,0.0,0.0,0.0,0.0,0.0,0.0,0.0,0.0,0.0,,,,,BSCC,2025-10-28 15:47:53,36613
3659,BSCC_STU03659,0.0,0.0,0.0,0.0,3.0,0.0,3.0,0.0,0.0,,,,,BSCC,2025-10-28 15:47:53,36540
3660,BSCC_STU03660,0.0,0.0,0.0,0.0,0.0,0.0,0.0,0.0,0.0,,,,,BSCC,2025-10-28 15:47:53,36625
3661,BSCC_STU03661,0.0,0.0,0.0,0.0,0.0,0.0,0.0,0.0,-1.0,,,,,BSCC,2025-10-28 15:47:53,36636
3662,BSCC_STU03662,0.0,0.0,0.0,0.0,0.0,0.0,0.0,0.0,0.0,,,,,BSCC,2025-10-28 15:47:53,36629
3663,BSCC_STU03663,0.0,0.0,0.0,0.0,0.0,0.0,0.0,0.0,0.0,,,,,BSCC,2025-10-28 15:47:53,36685
3664,BSCC_STU03664,0.0,0.0,0.0,0.0,0.0,0.0,0.0,0.0,1.0,,,,,BSCC,2025-10-28 15:47:53,36679
3665,BSCC_STU03665,0.0,0.0,0.0,0.0,0.0,0.0,0.0,0.0,0.0,,,,,BSCC,2025-10-28 15:47:53,36615
3666,BSCC_STU03666,0.0,0.0,0.0,0.0,0.0,0.0,0.0,0.0,0.0,,,,,BSCC,2025-10-28 15:47:53,36650
3667,BSCC_STU03667,0.0,0.0,0.0,0.0,0.0,0.0,0.0,0.0,0.0,,,,,BSCC,2025-10-28 15:47:53,36687
3668,BSCC_STU03668,0.0,0.0,0.0,0.0,0.0,0.0,0.0,0.0,1.0,,,,,BSCC,2025-10-28 15:47:53,36634
3669,BSCC_STU03669,0.0,0.0,0.0,0.0,0.0,0.0,0.0,0.0,0.0,,,,,BSCC,2025-10-28 15:47:53,36606
3670,BSCC_STU03670,0.0,0.0,0.0,0.0,0.0,0.0,0.0,0.0,-1.0,,,,,BSCC,2025-10-28 15:47:53,36669
3671,BSCC_STU03671,0.0,0.0,0.0,0.0,0.0,0.0,0.0,0.0,-1.0,,,,,BSCC,2025-10-28 15:47:53,36626
3672,BSCC_STU03672,0.0,0.0,0.0,0.0,0.0,0.0,0.0,0.0,-1.0,,,,,BSCC,2025-10-28 15:47:53,36671
3673,BSCC_STU03673,0.0,0.0,0.0,0.0,0.0,0.0,0.0,0.0,1.0,,,,,BSCC,2025-10-28 15:47:53,36587
3674,BSCC_STU03674,0.0,0.0,0.0,0.0,0.0,0.0,0.0,0.0,0.0,,,,,BSCC,2025-10-28 15:47:53,36641
3675,BSCC_STU03675,0.0,0.0,0.0,0.0,0.0,0.0,0.0,0.0,1.0,,,,,BSCC,2025-10-28 15:47:53,36642
3676,BSCC_STU03676,0.0,0.0,0.0,0.0,0.0,0.0,0.0,0.0,0.0,,,,,BSCC,2025-10-28 15:47:53,36674
3677,BSCC_STU03677,0.0,4.0,0.0,4.0,4.0,0.0,4.0,0.0,-1.0,,,,,BSCC,2025-10-28 15:47:53,36651
3678,BSCC_STU03678,0.0,0.0,0.0,0.0,0.0,0.0,0.0,0.0,-1.0,,,,,BSCC,2025-10-28 15:47:53,36540
3679,BSCC_STU03679,0.0,0.0,0.0,0.0,0.0,0.0,0.0,0.0,1.0,,,,,BSCC,2025-10-28 15:47:53,36606
3680,BSCC_STU03680,0.0,0.0,0.0,0.0,0.0,0.0,0.0,0.0,-1.0,,,,,BSCC,2025-10-28 15:47:53,36673
3681,BSCC_STU03681,0.0,0.0,0.0,0.0,0.0,0.0,0.0,0.0,1.0,,,,,BSCC,2025-10-28 15:47:53,36686
3682,BSCC_STU03682,0.0,0.0,0.0,0.0,3.0,0.0,3.0,0.0,-1.0,,,,,BSCC,2025-10-28 15:47:53,36661
3683,BSCC_STU03683,0.0,0.0,0.0,0.0,0.0,0.0,0.0,0.0,-1.0,,,,,BSCC,2025-10-28 15:47:53,36694
3684,BSCC_STU03684,0.0,0.0,0.0,0.0,0.0,0.0,0.0,0.0,-1.0,,,,,BSCC,2025-10-28 15:47:53,36647
3685,BSCC_STU03685,0.0,0.0,0.0,0.0,0.0,0.0,0.0,0.0,-1.0,,,,,BSCC,2025-10-28 15:47:53,36619
3686,BSCC_STU03686,0.0,0.0,0.0,0.0,0.0,0.0,0.0,0.0,1.0,,,,,BSCC,2025-10-28 15:47:53,36631
3687,BSCC_STU03687,0.0,0.0,0.0,0.0,0.0,0.0,0.0,0.0,1.0,,,,,BSCC,2025-10-28 15:47:53,36603
3688,BSCC_STU03688,0.0,0.0,0.0,0.0,0.0,0.0,0.0,0.0,0.0,,,,,BSCC,2025-10-28 15:47:53,36608
3689,BSCC_STU03689,0.0,0.0,0.0,0.0,0.0,0.0,0.0,0.0,-1.0,,,,,BSCC,2025-10-28 15:47:53,36602
3690,BSCC_STU03690,0.0,0.0,0.0,0.0,0.0,0.0,0.0,0.0,0.0,,,,,BSCC,2025-10-28 15:47:53,36693
3691,BSCC_STU03691,0.0,0.0,0.0,0.0,0.0,0.0,0.0,0.0,-1.0,,,,,BSCC,2025-10-28 15:47:53,36681
3692,BSCC_STU03692,0.0,0.0,0.0,0.0,0.0,0.0,0.0,0.0,-1.0,,,,,BSCC,2025-10-28 15:47:53,36607
3693,BSCC_STU03693,0.0,0.0,0.0,0.0,0.0,0.0,0.0,0.0,-1.0,,,,,BSCC,2025-10-28 15:47:53,36624
3694,BSCC_STU03694,0.0,0.0,0.0,0.0,0.0,2.0,0.0,2.0,0.0,AL,Associate's Colleges,Associate's Colleges,Urban,BSCC,2025-10-28 15:47:53,36672
3695,BSCC_STU03695,0.0,0.0,0.0,0.0,0.0,0.0,0.0,0.0,0.0,,,,,BSCC,2025-10-28 15:47:53,36677
3696,BSCC_STU03696,0.0,0.0,0.0,0.0,0.0,0.0,0.0,0.0,-1.0,,,,,BSCC,2025-10-28 15:47:53,36630
3697,BSCC_STU03697,0.0,0.0,0.0,0.0,0.0,0.0,0.0,0.0,0.0,,,,,BSCC,2025-10-28 15:47:53,36666
3698,BSCC_STU03698,0.0,0.0,0.0,0.0,0.0,0.0,0.0,0.0,-1.0,,,,,BSCC,2025-10-28 15:47:53,36655
3699,BSCC_STU03699,0.0,0.0,0.0,0.0,0.0,0.0,0.0,0.0,0.0,,,,,BSCC,2025-10-28 15:47:53,36679
3700,BSCC_STU03700,0.0,0.0,0.0,0.0,0.0,0.0,0.0,0.0,0.0,,,,,BSCC,2025-10-28 15:47:53,36638
3701,BSCC_STU03701,0.0,0.0,0.0,0.0,0.0,0.0,0.0,0.0,0.0,,,,,BSCC,2025-10-28 15:47:53,36611
3702,BSCC_STU03702,0.0,0.0,0.0,0.0,0.0,0.0,0.0,0.0,-1.0,,,,,BSCC,2025-10-28 15:47:53,36525
3703,BSCC_STU03703,0.0,0.0,0.0,0.0,0.0,0.0,0.0,0.0,1.0,,,,,BSCC,2025-10-28 15:47:53,36630
3704,BSCC_STU03704,0.0,0.0,0.0,0.0,0.0,0.0,0.0,0.0,-1.0,,,,,BSCC,2025-10-28 15:47:53,36693
3705,BSCC_STU03705,0.0,0.0,0.0,0.0,0.0,0.0,0.0,0.0,-1.0,,,,,BSCC,2025-10-28 15:47:53,36610
3706,BSCC_STU03706,0.0,0.0,0.0,0.0,0.0,0.0,0.0,0.0,0.0,,,,,BSCC,2025-10-28 15:47:53,36662
3707,BSCC_STU03707,0.0,0.0,0.0,0.0,0.0,0.0,0.0,0.0,0.0,,,,,BSCC,2025-10-28 15:47:53,36647
3708,BSCC_STU03708,0.0,0.0,0.0,0.0,0.0,0.0,0.0,0.0,0.0,,,,,BSCC,2025-10-28 15:47:53,36658
3709,BSCC_STU03709,0.0,0.0,0.0,0.0,0.0,0.0,0.0,0.0,0.0,,,,,BSCC,2025-10-28 15:47:53,36642
3710,BSCC_STU03710,0.0,0.0,0.0,0.0,0.0,0.0,0.0,0.0,1.0,,,,,BSCC,2025-10-28 15:47:53,36617
3711,BSCC_STU03711,0.0,0.0,0.0,0.0,0.0,0.0,0.0,0.0,1.0,,,,,BSCC,2025-10-28 15:47:53,36655
3712,BSCC_STU03712,0.0,0.0,0.0,0.0,0.0,0.0,0.0,0.0,-1.0,,,,,BSCC,2025-10-28 15:47:53,36625
3713,BSCC_STU03713,0.0,0.0,0.0,0.0,0.0,0.0,0.0,0.0,1.0,,,,,BSCC,2025-10-28 15:47:53,36560
3714,BSCC_STU03714,0.0,0.0,0.0,0.0,0.0,0.0,0.0,0.0,0.0,,,,,BSCC,2025-10-28 15:47:53,36606
3715,BSCC_STU03715,0.0,0.0,0.0,0.0,1.0,0.0,1.0,0.0,0.0,,,,,BSCC,2025-10-28 15:47:53,36619
3716,BSCC_STU03716,0.0,0.0,0.0,0.0,0.0,0.0,0.0,0.0,1.0,,,,,BSCC,2025-10-28 15:47:53,36524
3717,BSCC_STU03717,0.0,0.0,0.0,0.0,1.0,0.0,1.0,0.0,-1.0,,,,,BSCC,2025-10-28 15:47:53,36612
3718,BSCC_STU03718,0.0,0.0,0.0,0.0,0.0,0.0,0.0,0.0,1.0,,,,,BSCC,2025-10-28 15:47:53,36695
3719,BSCC_STU03719,0.0,0.0,0.0,0.0,0.0,0.0,0.0,0.0,0.0,,,,,BSCC,2025-10-28 15:47:53,36626
3720,BSCC_STU03720,0.0,0.0,0.0,0.0,0.0,0.0,0.0,0.0,-1.0,,,,,BSCC,2025-10-28 15:47:53,36678
3721,BSCC_STU03721,0.0,0.0,0.0,0.0,4.0,0.0,4.0,0.0,-1.0,,,,,BSCC,2025-10-28 15:47:53,36640
3722,BSCC_STU03722,0.0,0.0,0.0,0.0,3.0,0.0,3.0,0.0,0.0,,,,,BSCC,2025-10-28 15:47:53,36603
3723,BSCC_STU03723,0.0,0.0,0.0,0.0,0.0,0.0,0.0,0.0,0.0,,,,,BSCC,2025-10-28 15:47:53,36693
3724,BSCC_STU03724,0.0,0.0,0.0,0.0,0.0,0.0,0.0,0.0,0.0,,,,,BSCC,2025-10-28 15:47:53,36690
3725,BSCC_STU03725,0.0,0.0,0.0,0.0,0.0,0.0,0.0,0.0,0.0,,,,,BSCC,2025-10-28 15:47:53,36681
3726,BSCC_STU03726,0.0,0.0,0.0,0.0,0.0,0.0,0.0,0.0,0.0,,,,,BSCC,2025-10-28 15:47:53,36629
3727,BSCC_STU03727,0.0,0.0,0.0,0.0,0.0,0.0,0.0,0.0,-1.0,,,,,BSCC,2025-10-28 15:47:53,36659
3728,BSCC_STU03728,0.0,0.0,0.0,0.0,0.0,0.0,0.0,0.0,-1.0,,,,,BSCC,2025-10-28 15:47:53,36636
3729,BSCC_STU03729,0.0,0.0,0.0,0.0,0.0,0.0,0.0,0.0,0.0,,,,,BSCC,2025-10-28 15:47:53,36640
3730,BSCC_STU03730,0.0,0.0,0.0,0.0,0.0,0.0,0.0,0.0,1.0,,,,,BSCC,2025-10-28 15:47:53,36685
3731,BSCC_STU03731,0.0,0.0,0.0,0.0,0.0,0.0,0.0,0.0,-1.0,,,,,BSCC,2025-10-28 15:47:53,36660
3732,BSCC_STU03732,0.0,0.0,0.0,0.0,0.0,0.0,0.0,0.0,0.0,,,,,BSCC,2025-10-28 15:47:53,36650
3733,BSCC_STU03733,0.0,0.0,0.0,0.0,0.0,0.0,0.0,0.0,0.0,,,,,BSCC,2025-10-28 15:47:53,36647
3734,BSCC_STU03734,0.0,0.0,0.0,0.0,0.0,0.0,0.0,0.0,1.0,,,,,BSCC,2025-10-28 15:47:53,36653
3735,BSCC_STU03735,0.0,0.0,0.0,0.0,0.0,0.0,0.0,0.0,0.0,,,,,BSCC,2025-10-28 15:47:53,36636
3736,BSCC_STU03736,0.0,0.0,0.0,0.0,0.0,0.0,0.0,0.0,0.0,,,,,BSCC,2025-10-28 15:47:53,36607
3737,BSCC_STU03737,0.0,0.0,0.0,0.0,0.0,0.0,0.0,0.0,0.0,,,,,BSCC,2025-10-28 15:47:53,36679
3738,BSCC_STU03738,0.0,0.0,0.0,0.0,0.0,0.0,0.0,0.0,1.0,,,,,BSCC,2025-10-28 15:47:53,36657
3739,BSCC_STU03739,0.0,0.0,0.0,0.0,0.0,3.0,0.0,3.0,-1.0,FL,Master's Colleges and Universities,Master's Colleges and Universities,Suburb,BSCC,2025-10-28 15:47:53,36672
3740,BSCC_STU03740,0.0,0.0,0.0,0.0,0.0,0.0,0.0,0.0,-1.0,,,,,BSCC,2025-10-28 15:47:53,36609
3741,BSCC_STU03741,0.0,0.0,0.0,0.0,0.0,0.0,0.0,0.0,0.0,,,,,BSCC,2025-10-28 15:47:53,36676
3742,BSCC_STU03742,0.0,0.0,0.0,0.0,0.0,0.0,0.0,0.0,0.0,,,,,BSCC,2025-10-28 15:47:53,36646
3743,BSCC_STU03743,0.0,0.0,0.0,0.0,0.0,0.0,0.0,0.0,-1.0,,,,,BSCC,2025-10-28 15:47:53,36642
3744,BSCC_STU03744,0.0,0.0,0.0,0.0,0.0,0.0,0.0,0.0,0.0,,,,,BSCC,2025-10-28 15:47:53,36524
3745,BSCC_STU03745,0.0,0.0,0.0,0.0,0.0,0.0,0.0,0.0,-1.0,,,,,BSCC,2025-10-28 15:47:53,36614
3746,BSCC_STU03746,0.0,0.0,0.0,0.0,0.0,0.0,0.0,0.0,1.0,,,,,BSCC,2025-10-28 15:47:53,36645
3747,BSCC_STU03747,0.0,0.0,0.0,0.0,0.0,0.0,0.0,0.0,1.0,,,,,BSCC,2025-10-28 15:47:53,36658
3748,BSCC_STU03748,0.0,0.0,0.0,0.0,0.0,0.0,0.0,0.0,1.0,,,,,BSCC,2025-10-28 15:47:53,36694
3749,BSCC_STU03749,0.0,0.0,0.0,0.0,0.0,0.0,0.0,0.0,-1.0,,,,,BSCC,2025-10-28 15:47:53,36625
3750,BSCC_STU03750,0.0,0.0,0.0,0.0,0.0,0.0,0.0,0.0,-1.0,,,,,BSCC,2025-10-28 15:47:53,36607
3751,BSCC_STU03751,0.0,0.0,0.0,0.0,0.0,0.0,0.0,0.0,-1.0,,,,,BSCC,2025-10-28 15:47:53,36611
3752,BSCC_STU03752,0.0,0.0,0.0,0.0,0.0,0.0,0.0,0.0,1.0,,,,,BSCC,2025-10-28 15:47:53,36692
3753,BSCC_STU03753,0.0,3.0,0.0,3.0,5.0,0.0,5.0,0.0,-1.0,,,,,BSCC,2025-10-28 15:47:53,36669
3754,BSCC_STU03754,0.0,0.0,0.0,0.0,0.0,0.0,0.0,0.0,1.0,,,,,BSCC,2025-10-28 15:47:53,36673
3755,BSCC_STU03755,0.0,0.0,0.0,0.0,0.0,0.0,0.0,0.0,0.0,,,,,BSCC,2025-10-28 15:47:53,36638
3756,BSCC_STU03756,0.0,0.0,0.0,0.0,0.0,0.0,0.0,0.0,-1.0,,,,,BSCC,2025-10-28 15:47:53,36614
3757,BSCC_STU03757,0.0,0.0,0.0,0.0,0.0,0.0,0.0,0.0,1.0,,,,,BSCC,2025-10-28 15:47:53,36658
3758,BSCC_STU03758,0.0,0.0,0.0,0.0,0.0,0.0,0.0,0.0,1.0,,,,,BSCC,2025-10-28 15:47:53,36661
3759,BSCC_STU03759,0.0,0.0,0.0,0.0,0.0,0.0,0.0,0.0,1.0,,,,,BSCC,2025-10-28 15:47:53,36625
3760,BSCC_STU03760,0.0,0.0,0.0,0.0,0.0,0.0,0.0,0.0,0.0,,,,,BSCC,2025-10-28 15:47:53,36647
3761,BSCC_STU03761,0.0,0.0,0.0,0.0,0.0,0.0,0.0,0.0,0.0,,,,,BSCC,2025-10-28 15:47:53,36612
3762,BSCC_STU03762,0.0,4.0,0.0,4.0,1.0,0.0,1.0,0.0,0.0,,,,,BSCC,2025-10-28 15:47:53,36638
3763,BSCC_STU03763,0.0,0.0,0.0,0.0,0.0,0.0,0.0,0.0,-1.0,,,,,BSCC,2025-10-28 15:47:53,36681
3764,BSCC_STU03764,0.0,4.0,0.0,4.0,3.0,0.0,3.0,0.0,0.0,,,,,BSCC,2025-10-28 15:47:53,36667
3765,BSCC_STU03765,0.0,0.0,0.0,0.0,0.0,0.0,0.0,0.0,-1.0,,,,,BSCC,2025-10-28 15:47:53,36545
3766,BSCC_STU03766,0.0,0.0,0.0,0.0,0.0,0.0,0.0,0.0,-1.0,,,,,BSCC,2025-10-28 15:47:53,36678
3767,BSCC_STU03767,0.0,0.0,0.0,0.0,0.0,0.0,0.0,0.0,0.0,,,,,BSCC,2025-10-28 15:47:53,36675
3768,BSCC_STU03768,0.0,0.0,0.0,0.0,0.0,0.0,0.0,0.0,-1.0,,,,,BSCC,2025-10-28 15:47:53,36674
3769,BSCC_STU03769,0.0,0.0,0.0,0.0,0.0,0.0,0.0,0.0,0.0,,,,,BSCC,2025-10-28 15:47:53,36615
3770,BSCC_STU03770,0.0,0.0,0.0,0.0,0.0,0.0,0.0,0.0,-1.0,,,,,BSCC,2025-10-28 15:47:53,36691
3771,BSCC_STU03771,0.0,0.0,0.0,0.0,0.0,0.0,0.0,0.0,0.0,,,,,BSCC,2025-10-28 15:47:53,36690
3772,BSCC_STU03772,0.0,0.0,0.0,0.0,0.0,0.0,0.0,0.0,0.0,,,,,BSCC,2025-10-28 15:47:53,36612
3773,BSCC_STU03773,0.0,0.0,0.0,0.0,0.0,0.0,0.0,0.0,0.0,,,,,BSCC,2025-10-28 15:47:53,36652
3774,BSCC_STU03774,0.0,4.0,0.0,4.0,3.0,0.0,3.0,0.0,-1.0,,,,,BSCC,2025-10-28 15:47:53,36621
3775,BSCC_STU03775,0.0,0.0,0.0,0.0,0.0,0.0,0.0,0.0,0.0,,,,,BSCC,2025-10-28 15:47:53,36679
3776,BSCC_STU03776,0.0,0.0,0.0,0.0,0.0,0.0,0.0,0.0,1.0,,,,,BSCC,2025-10-28 15:47:53,36624
3777,BSCC_STU03777,0.0,0.0,0.0,0.0,0.0,0.0,0.0,0.0,1.0,,,,,BSCC,2025-10-28 15:47:53,36636
3778,BSCC_STU03778,0.0,5.0,0.0,5.0,5.0,0.0,5.0,0.0,-1.0,,,,,BSCC,2025-10-28 15:47:53,36571
3779,BSCC_STU03779,0.0,0.0,0.0,0.0,0.0,0.0,0.0,0.0,-1.0,,,,,BSCC,2025-10-28 15:47:53,36671
3780,BSCC_STU03780,0.0,0.0,0.0,0.0,0.0,0.0,0.0,0.0,0.0,,,,,BSCC,2025-10-28 15:47:53,36601
3781,BSCC_STU03781,0.0,0.0,0.0,0.0,0.0,0.0,0.0,0.0,1.0,,,,,BSCC,2025-10-28 15:47:53,36666
3782,BSCC_STU03782,0.0,0.0,0.0,0.0,0.0,0.0,0.0,0.0,-1.0,,,,,BSCC,2025-10-28 15:47:53,36687
3783,BSCC_STU03783,0.0,0.0,0.0,0.0,0.0,0.0,0.0,0.0,0.0,,,,,BSCC,2025-10-28 15:47:53,36603
3784,BSCC_STU03784,0.0,0.0,0.0,0.0,0.0,0.0,0.0,0.0,1.0,,,,,BSCC,2025-10-28 15:47:53,36643
3785,BSCC_STU03785,0.0,0.0,0.0,0.0,0.0,0.0,0.0,0.0,0.0,,,,,BSCC,2025-10-28 15:47:53,36602
3786,BSCC_STU03786,0.0,0.0,0.0,0.0,0.0,0.0,0.0,0.0,-1.0,,,,,BSCC,2025-10-28 15:47:53,36687
3787,BSCC_STU03787,0.0,0.0,0.0,0.0,0.0,0.0,0.0,0.0,1.0,,,,,BSCC,2025-10-28 15:47:53,36674
3788,BSCC_STU03788,0.0,0.0,0.0,0.0,0.0,0.0,0.0,0.0,-1.0,,,,,BSCC,2025-10-28 15:47:53,36617
3789,BSCC_STU03789,0.0,0.0,0.0,0.0,0.0,0.0,0.0,0.0,-1.0,,,,,BSCC,2025-10-28 15:47:53,36635
3790,BSCC_STU03790,0.0,0.0,0.0,0.0,0.0,0.0,0.0,0.0,0.0,,,,,BSCC,2025-10-28 15:47:53,36685
3791,BSCC_STU03791,0.0,0.0,0.0,0.0,0.0,0.0,0.0,0.0,-1.0,,,,,BSCC,2025-10-28 15:47:53,36663
3792,BSCC_STU03792,0.0,0.0,0.0,0.0,0.0,0.0,0.0,0.0,1.0,,,,,BSCC,2025-10-28 15:47:53,36629
3793,BSCC_STU03793,0.0,0.0,0.0,0.0,0.0,0.0,0.0,0.0,-1.0,,,,,BSCC,2025-10-28 15:47:53,36632
3794,BSCC_STU03794,0.0,0.0,0.0,0.0,3.0,0.0,3.0,0.0,-1.0,,,,,BSCC,2025-10-28 15:47:53,36540
3795,BSCC_STU03795,0.0,0.0,0.0,0.0,0.0,0.0,0.0,0.0,1.0,,,,,BSCC,2025-10-28 15:47:53,36655
3796,BSCC_STU03796,0.0,0.0,0.0,0.0,2.0,0.0,2.0,0.0,-1.0,,,,,BSCC,2025-10-28 15:47:53,36670
3797,BSCC_STU03797,0.0,0.0,0.0,0.0,0.0,0.0,0.0,0.0,-1.0,,,,,BSCC,2025-10-28 15:47:53,36678
3798,BSCC_STU03798,0.0,0.0,0.0,0.0,0.0,2.0,0.0,2.0,-1.0,TN,Associate's Colleges,Associate's Colleges,Urban,BSCC,2025-10-28 15:47:53,36675
3799,BSCC_STU03799,0.0,0.0,0.0,0.0,0.0,0.0,0.0,0.0,0.0,,,,,BSCC,2025-10-28 15:47:53,36654
3800,BSCC_STU03800,0.0,0.0,0.0,0.0,0.0,4.0,0.0,4.0,1.0,GA,Associate's Colleges,Associate's Colleges,Urban,BSCC,2025-10-28 15:47:53,36637
3801,BSCC_STU03801,0.0,0.0,0.0,0.0,0.0,0.0,0.0,0.0,1.0,,,,,BSCC,2025-10-28 15:47:53,36614
3802,BSCC_STU03802,0.0,0.0,0.0,0.0,0.0,0.0,0.0,0.0,-1.0,,,,,BSCC,2025-10-28 15:47:53,36692
3803,BSCC_STU03803,0.0,0.0,0.0,0.0,0.0,0.0,0.0,0.0,0.0,,,,,BSCC,2025-10-28 15:47:53,36666
3804,BSCC_STU03804,0.0,0.0,0.0,0.0,3.0,0.0,3.0,0.0,0.0,,,,,BSCC,2025-10-28 15:47:53,36691
3805,BSCC_STU03805,0.0,0.0,0.0,0.0,0.0,0.0,0.0,0.0,0.0,,,,,BSCC,2025-10-28 15:47:53,36683
3806,BSCC_STU03806,0.0,0.0,0.0,0.0,3.0,0.0,3.0,0.0,-1.0,,,,,BSCC,2025-10-28 15:47:53,36634
3807,BSCC_STU03807,0.0,0.0,0.0,0.0,0.0,0.0,0.0,0.0,0.0,,,,,BSCC,2025-10-28 15:47:53,36644
3808,BSCC_STU03808,0.0,0.0,0.0,0.0,0.0,0.0,0.0,0.0,0.0,,,,,BSCC,2025-10-28 15:47:53,36685
3809,BSCC_STU03809,0.0,0.0,0.0,0.0,0.0,0.0,0.0,0.0,-1.0,,,,,BSCC,2025-10-28 15:47:53,36619
3810,BSCC_STU03810,0.0,0.0,0.0,0.0,0.0,0.0,0.0,0.0,-1.0,,,,,BSCC,2025-10-28 15:47:53,36587
3811,BSCC_STU03811,0.0,0.0,0.0,0.0,0.0,0.0,0.0,0.0,0.0,,,,,BSCC,2025-10-28 15:47:53,36614
3812,BSCC_STU03812,0.0,0.0,0.0,0.0,0.0,0.0,0.0,0.0,0.0,,,,,BSCC,2025-10-28 15:47:53,36671
3813,BSCC_STU03813,0.0,0.0,0.0,0.0,0.0,0.0,0.0,0.0,-1.0,,,,,BSCC,2025-10-28 15:47:53,36659
3814,BSCC_STU03814,0.0,0.0,0.0,0.0,0.0,0.0,0.0,0.0,1.0,,,,,BSCC,2025-10-28 15:47:53,36643
3815,BSCC_STU03815,0.0,0.0,0.0,0.0,0.0,0.0,0.0,0.0,-1.0,,,,,BSCC,2025-10-28 15:47:53,36617
3816,BSCC_STU03816,0.0,0.0,0.0,0.0,0.0,0.0,0.0,0.0,0.0,,,,,BSCC,2025-10-28 15:47:53,36603
3817,BSCC_STU03817,0.0,0.0,0.0,0.0,0.0,0.0,0.0,0.0,1.0,,,,,BSCC,2025-10-28 15:47:53,36659
3818,BSCC_STU03818,0.0,0.0,0.0,0.0,4.0,0.0,4.0,0.0,-1.0,,,,,BSCC,2025-10-28 15:47:53,36667
3819,BSCC_STU03819,0.0,0.0,0.0,0.0,0.0,0.0,0.0,0.0,0.0,,,,,BSCC,2025-10-28 15:47:53,36606
3820,BSCC_STU03820,0.0,0.0,0.0,0.0,0.0,0.0,0.0,0.0,1.0,,,,,BSCC,2025-10-28 15:47:53,36634
3821,BSCC_STU03821,0.0,0.0,0.0,0.0,0.0,0.0,0.0,0.0,1.0,,,,,BSCC,2025-10-28 15:47:53,36676
3822,BSCC_STU03822,0.0,0.0,0.0,0.0,0.0,0.0,0.0,0.0,1.0,,,,,BSCC,2025-10-28 15:47:53,36614
3823,BSCC_STU03823,0.0,0.0,0.0,0.0,0.0,0.0,0.0,0.0,-1.0,,,,,BSCC,2025-10-28 15:47:53,36693
3824,BSCC_STU03824,0.0,5.0,0.0,5.0,2.0,0.0,2.0,0.0,1.0,,,,,BSCC,2025-10-28 15:47:53,36628
3825,BSCC_STU03825,0.0,0.0,0.0,0.0,0.0,0.0,0.0,0.0,-1.0,,,,,BSCC,2025-10-28 15:47:53,36654
3826,BSCC_STU03826,0.0,0.0,0.0,0.0,0.0,0.0,0.0,0.0,1.0,,,,,BSCC,2025-10-28 15:47:53,36606
3827,BSCC_STU03827,0.0,0.0,0.0,0.0,0.0,0.0,0.0,0.0,1.0,,,,,BSCC,2025-10-28 15:47:53,36626
3828,BSCC_STU03828,0.0,0.0,0.0,0.0,0.0,0.0,0.0,0.0,-1.0,,,,,BSCC,2025-10-28 15:47:53,36622
3829,BSCC_STU03829,0.0,0.0,0.0,0.0,0.0,0.0,0.0,0.0,-1.0,,,,,BSCC,2025-10-28 15:47:53,36646
3830,BSCC_STU03830,0.0,0.0,0.0,0.0,0.0,0.0,0.0,0.0,-1.0,,,,,BSCC,2025-10-28 15:47:53,36634
3831,BSCC_STU03831,0.0,0.0,0.0,0.0,0.0,0.0,0.0,0.0,0.0,,,,,BSCC,2025-10-28 15:47:53,36672
3832,BSCC_STU03832,0.0,0.0,0.0,0.0,2.0,0.0,2.0,0.0,-1.0,,,,,BSCC,2025-10-28 15:47:53,36560
3833,BSCC_STU03833,0.0,0.0,0.0,0.0,0.0,0.0,0.0,0.0,0.0,,,,,BSCC,2025-10-28 15:47:53,36611
3834,BSCC_STU03834,0.0,0.0,0.0,0.0,0.0,2.0,0.0,2.0,-1.0,TN,Associate's Colleges,Associate's Colleges,Suburb,BSCC,2025-10-28 15:47:53,36560
3835,BSCC_STU03835,0.0,0.0,0.0,0.0,0.0,0.0,0.0,0.0,0.0,,,,,BSCC,2025-10-28 15:47:53,36672
3836,BSCC_STU03836,0.0,0.0,0.0,0.0,3.0,0.0,3.0,0.0,-1.0,,,,,BSCC,2025-10-28 15:47:53,36611
3837,BSCC_STU03837,0.0,0.0,0.0,0.0,0.0,0.0,0.0,0.0,1.0,,,,,BSCC,2025-10-28 15:47:53,36618
3838,BSCC_STU03838,0.0,0.0,0.0,0.0,0.0,0.0,0.0,0.0,-1.0,,,,,BSCC,2025-10-28 15:47:53,36687
3839,BSCC_STU03839,0.0,0.0,0.0,0.0,0.0,0.0,0.0,0.0,0.0,,,,,BSCC,2025-10-28 15:47:53,36653
3840,BSCC_STU03840,0.0,0.0,0.0,0.0,0.0,0.0,0.0,0.0,1.0,,,,,BSCC,2025-10-28 15:47:53,36642
3841,BSCC_STU03841,0.0,5.0,0.0,5.0,0.0,4.0,0.0,4.0,0.0,GA,Master's Colleges and Universities,Master's Colleges and Universities,Urban,BSCC,2025-10-28 15:47:53,36627
3842,BSCC_STU03842,0.0,0.0,0.0,0.0,0.0,0.0,0.0,0.0,0.0,,,,,BSCC,2025-10-28 15:47:53,36621
3843,BSCC_STU03843,0.0,0.0,0.0,0.0,0.0,0.0,0.0,0.0,-1.0,,,,,BSCC,2025-10-28 15:47:53,36624
3844,BSCC_STU03844,0.0,0.0,0.0,0.0,0.0,0.0,0.0,0.0,1.0,,,,,BSCC,2025-10-28 15:47:53,36688
3845,BSCC_STU03845,0.0,0.0,0.0,0.0,0.0,0.0,0.0,0.0,1.0,,,,,BSCC,2025-10-28 15:47:53,36635
3846,BSCC_STU03846,0.0,0.0,0.0,0.0,0.0,0.0,0.0,0.0,-1.0,,,,,BSCC,2025-10-28 15:47:53,36621
3847,BSCC_STU03847,0.0,0.0,0.0,0.0,0.0,0.0,0.0,0.0,0.0,,,,,BSCC,2025-10-28 15:47:53,36637
3848,BSCC_STU03848,0.0,0.0,0.0,0.0,0.0,0.0,0.0,0.0,-1.0,,,,,BSCC,2025-10-28 15:47:53,36626
3849,BSCC_STU03849,0.0,0.0,0.0,0.0,0.0,0.0,0.0,0.0,0.0,,,,,BSCC,2025-10-28 15:47:53,36652
3850,BSCC_STU03850,0.0,0.0,0.0,0.0,0.0,0.0,0.0,0.0,-1.0,,,,,BSCC,2025-10-28 15:47:53,36614
3851,BSCC_STU03851,0.0,0.0,0.0,0.0,0.0,0.0,0.0,0.0,-1.0,,,,,BSCC,2025-10-28 15:47:53,36691
3852,BSCC_STU03852,0.0,0.0,0.0,0.0,0.0,0.0,0.0,0.0,0.0,,,,,BSCC,2025-10-28 15:47:53,36673
3853,BSCC_STU03853,0.0,0.0,0.0,0.0,0.0,0.0,0.0,0.0,-1.0,,,,,BSCC,2025-10-28 15:47:53,36682
3854,BSCC_STU03854,0.0,0.0,0.0,0.0,0.0,0.0,0.0,0.0,-1.0,,,,,BSCC,2025-10-28 15:47:53,36674
3855,BSCC_STU03855,0.0,0.0,0.0,0.0,2.0,0.0,2.0,0.0,0.0,,,,,BSCC,2025-10-28 15:47:53,36605
3856,BSCC_STU03856,0.0,0.0,0.0,0.0,0.0,0.0,0.0,0.0,-1.0,,,,,BSCC,2025-10-28 15:47:53,36613
3857,BSCC_STU03857,0.0,0.0,0.0,0.0,0.0,0.0,0.0,0.0,-1.0,,,,,BSCC,2025-10-28 15:47:53,36636
3858,BSCC_STU03858,0.0,0.0,0.0,0.0,0.0,0.0,0.0,0.0,-1.0,,,,,BSCC,2025-10-28 15:47:53,36688
3859,BSCC_STU03859,0.0,0.0,0.0,0.0,0.0,0.0,0.0,0.0,0.0,,,,,BSCC,2025-10-28 15:47:53,36618
3860,BSCC_STU03860,0.0,0.0,0.0,0.0,0.0,0.0,0.0,0.0,0.0,,,,,BSCC,2025-10-28 15:47:53,36623
3861,BSCC_STU03861,0.0,0.0,0.0,0.0,0.0,0.0,0.0,0.0,1.0,,,,,BSCC,2025-10-28 15:47:53,36606
3862,BSCC_STU03862,0.0,0.0,0.0,0.0,0.0,0.0,0.0,0.0,1.0,,,,,BSCC,2025-10-28 15:47:53,36625
3863,BSCC_STU03863,0.0,0.0,0.0,0.0,0.0,0.0,0.0,0.0,0.0,,,,,BSCC,2025-10-28 15:47:53,36666
3864,BSCC_STU03864,0.0,0.0,0.0,0.0,0.0,0.0,0.0,0.0,1.0,,,,,BSCC,2025-10-28 15:47:53,36687
3865,BSCC_STU03865,0.0,0.0,0.0,0.0,0.0,0.0,0.0,0.0,1.0,,,,,BSCC,2025-10-28 15:47:53,36678
3866,BSCC_STU03866,0.0,0.0,0.0,0.0,0.0,0.0,0.0,0.0,-1.0,,,,,BSCC,2025-10-28 15:47:53,36653
3867,BSCC_STU03867,0.0,0.0,0.0,0.0,0.0,0.0,0.0,0.0,0.0,,,,,BSCC,2025-10-28 15:47:53,36673
3868,BSCC_STU03868,0.0,0.0,0.0,0.0,0.0,0.0,0.0,0.0,0.0,,,,,BSCC,2025-10-28 15:47:53,36658
3869,BSCC_STU03869,0.0,0.0,0.0,0.0,0.0,0.0,0.0,0.0,1.0,,,,,BSCC,2025-10-28 15:47:53,36677
3870,BSCC_STU03870,0.0,0.0,0.0,0.0,0.0,0.0,0.0,0.0,-1.0,,,,,BSCC,2025-10-28 15:47:53,36619
3871,BSCC_STU03871,0.0,5.0,0.0,5.0,0.0,3.0,0.0,3.0,1.0,FL,Master's Colleges and Universities,Master's Colleges and Universities,Urban,BSCC,2025-10-28 15:47:53,36679
3872,BSCC_STU03872,0.0,0.0,0.0,0.0,0.0,0.0,0.0,0.0,0.0,,,,,BSCC,2025-10-28 15:47:53,36610
3873,BSCC_STU03873,0.0,0.0,0.0,0.0,5.0,0.0,5.0,0.0,-1.0,,,,,BSCC,2025-10-28 15:47:53,36686
3874,BSCC_STU03874,0.0,0.0,0.0,0.0,0.0,0.0,0.0,0.0,1.0,,,,,BSCC,2025-10-28 15:47:53,36615
3875,BSCC_STU03875,0.0,0.0,0.0,0.0,0.0,0.0,0.0,0.0,0.0,,,,,BSCC,2025-10-28 15:47:53,36639
3876,BSCC_STU03876,0.0,0.0,0.0,0.0,0.0,0.0,0.0,0.0,0.0,,,,,BSCC,2025-10-28 15:47:53,36664
3877,BSCC_STU03877,0.0,0.0,0.0,0.0,0.0,2.0,0.0,2.0,1.0,AL,Associate's Colleges,Associate's Colleges,Urban,BSCC,2025-10-28 15:47:53,36628
3878,BSCC_STU03878,0.0,0.0,0.0,0.0,0.0,0.0,0.0,0.0,1.0,,,,,BSCC,2025-10-28 15:47:53,36663
3879,BSCC_STU03879,0.0,0.0,0.0,0.0,0.0,0.0,0.0,0.0,-1.0,,,,,BSCC,2025-10-28 15:47:53,36643
3880,BSCC_STU03880,0.0,0.0,0.0,0.0,0.0,0.0,0.0,0.0,-1.0,,,,,BSCC,2025-10-28 15:47:53,36571
3881,BSCC_STU03881,0.0,0.0,0.0,0.0,2.0,0.0,2.0,0.0,-1.0,,,,,BSCC,2025-10-28 15:47:53,36524
3882,BSCC_STU03882,0.0,0.0,0.0,0.0,0.0,0.0,0.0,0.0,-1.0,,,,,BSCC,2025-10-28 15:47:53,36620
3883,BSCC_STU03883,0.0,0.0,0.0,0.0,0.0,0.0,0.0,0.0,0.0,,,,,BSCC,2025-10-28 15:47:53,36654
3884,BSCC_STU03884,0.0,0.0,0.0,0.0,0.0,0.0,0.0,0.0,0.0,,,,,BSCC,2025-10-28 15:47:53,36663
3885,BSCC_STU03885,0.0,3.0,0.0,3.0,3.0,0.0,3.0,0.0,-1.0,,,,,BSCC,2025-10-28 15:47:53,36602
3886,BSCC_STU03886,0.0,0.0,0.0,0.0,0.0,0.0,0.0,0.0,0.0,,,,,BSCC,2025-10-28 15:47:53,36627
3887,BSCC_STU03887,0.0,0.0,0.0,0.0,0.0,0.0,0.0,0.0,0.0,,,,,BSCC,2025-10-28 15:47:53,36614
3888,BSCC_STU03888,0.0,0.0,0.0,0.0,0.0,0.0,0.0,0.0,1.0,,,,,BSCC,2025-10-28 15:47:53,36680
3889,BSCC_STU03889,0.0,0.0,0.0,0.0,0.0,0.0,0.0,0.0,1.0,,,,,BSCC,2025-10-28 15:47:53,36613
3890,BSCC_STU03890,0.0,0.0,0.0,0.0,0.0,0.0,0.0,0.0,0.0,,,,,BSCC,2025-10-28 15:47:53,36609
3891,BSCC_STU03891,0.0,0.0,0.0,0.0,0.0,0.0,0.0,0.0,-1.0,,,,,BSCC,2025-10-28 15:47:53,36690
3892,BSCC_STU03892,0.0,0.0,0.0,0.0,0.0,0.0,0.0,0.0,0.0,,,,,BSCC,2025-10-28 15:47:53,36634
3893,BSCC_STU03893,0.0,0.0,0.0,0.0,0.0,0.0,0.0,0.0,-1.0,,,,,BSCC,2025-10-28 15:47:53,36664
3894,BSCC_STU03894,0.0,5.0,0.0,5.0,3.0,0.0,3.0,0.0,0.0,,,,,BSCC,2025-10-28 15:47:53,36621
3895,BSCC_STU03895,0.0,0.0,0.0,0.0,0.0,0.0,0.0,0.0,0.0,,,,,BSCC,2025-10-28 15:47:53,36650
3896,BSCC_STU03896,0.0,0.0,0.0,0.0,5.0,0.0,5.0,0.0,0.0,,,,,BSCC,2025-10-28 15:47:53,36653
3897,BSCC_STU03897,0.0,0.0,0.0,0.0,0.0,0.0,0.0,0.0,1.0,,,,,BSCC,2025-10-28 15:47:53,36656
3898,BSCC_STU03898,0.0,0.0,0.0,0.0,0.0,0.0,0.0,0.0,1.0,,,,,BSCC,2025-10-28 15:47:53,36650
3899,BSCC_STU03899,0.0,0.0,0.0,0.0,0.0,0.0,0.0,0.0,-1.0,,,,,BSCC,2025-10-28 15:47:53,36690
3900,BSCC_STU03900,0.0,0.0,0.0,0.0,2.0,0.0,2.0,0.0,-1.0,,,,,BSCC,2025-10-28 15:47:53,36641
3901,BSCC_STU03901,0.0,0.0,0.0,0.0,0.0,0.0,0.0,0.0,-1.0,,,,,BSCC,2025-10-28 15:47:53,36693
3902,BSCC_STU03902,0.0,0.0,0.0,0.0,2.0,0.0,2.0,0.0,1.0,,,,,BSCC,2025-10-28 15:47:53,36610
3903,BSCC_STU03903,0.0,0.0,0.0,0.0,0.0,0.0,0.0,0.0,-1.0,,,,,BSCC,2025-10-28 15:47:53,36622
3904,BSCC_STU03904,0.0,0.0,0.0,0.0,0.0,0.0,0.0,0.0,1.0,,,,,BSCC,2025-10-28 15:47:53,36664
3905,BSCC_STU03905,0.0,0.0,0.0,0.0,0.0,3.0,0.0,3.0,0.0,GA,Associate's Colleges,Associate's Colleges,Town/Rural,BSCC,2025-10-28 15:47:53,36662
3906,BSCC_STU03906,0.0,0.0,0.0,0.0,0.0,2.0,0.0,2.0,1.0,GA,Master's Colleges and Universities,Master's Colleges and Universities,Town/Rural,BSCC,2025-10-28 15:47:53,36665
3907,BSCC_STU03907,0.0,0.0,0.0,0.0,0.0,0.0,0.0,0.0,0.0,,,,,BSCC,2025-10-28 15:47:53,36656
3908,BSCC_STU03908,0.0,0.0,0.0,0.0,0.0,0.0,0.0,0.0,0.0,,,,,BSCC,2025-10-28 15:47:53,36645
3909,BSCC_STU03909,0.0,0.0,0.0,0.0,0.0,0.0,0.0,0.0,1.0,,,,,BSCC,2025-10-28 15:47:53,36695
3910,BSCC_STU03910,0.0,0.0,0.0,0.0,0.0,0.0,0.0,0.0,0.0,,,,,BSCC,2025-10-28 15:47:53,36644
3911,BSCC_STU03911,0.0,0.0,0.0,0.0,0.0,0.0,0.0,0.0,-1.0,,,,,BSCC,2025-10-28 15:47:53,36623
3912,BSCC_STU03912,0.0,0.0,0.0,0.0,2.0,0.0,2.0,0.0,1.0,,,,,BSCC,2025-10-28 15:47:53,36607
3913,BSCC_STU03913,0.0,0.0,0.0,0.0,0.0,0.0,0.0,0.0,-1.0,,,,,BSCC,2025-10-28 15:47:53,36647
3914,BSCC_STU03914,0.0,0.0,0.0,0.0,2.0,0.0,2.0,0.0,0.0,,,,,BSCC,2025-10-28 15:47:53,36620
3915,BSCC_STU03915,0.0,0.0,0.0,0.0,0.0,0.0,0.0,0.0,-1.0,,,,,BSCC,2025-10-28 15:47:53,36605
3916,BSCC_STU03916,0.0,0.0,0.0,0.0,0.0,0.0,0.0,0.0,0.0,,,,,BSCC,2025-10-28 15:47:53,36604
3917,BSCC_STU03917,0.0,0.0,0.0,0.0,3.0,0.0,3.0,0.0,1.0,,,,,BSCC,2025-10-28 15:47:53,36674
3918,BSCC_STU03918,0.0,0.0,0.0,0.0,0.0,0.0,0.0,0.0,1.0,,,,,BSCC,2025-10-28 15:47:53,36682
3919,BSCC_STU03919,0.0,0.0,0.0,0.0,0.0,0.0,0.0,0.0,0.0,,,,,BSCC,2025-10-28 15:47:53,36644
3920,BSCC_STU03920,0.0,0.0,0.0,0.0,0.0,0.0,0.0,0.0,-1.0,,,,,BSCC,2025-10-28 15:47:53,36683
3921,BSCC_STU03921,0.0,0.0,0.0,0.0,0.0,0.0,0.0,0.0,1.0,,,,,BSCC,2025-10-28 15:47:53,36665
3922,BSCC_STU03922,0.0,0.0,0.0,0.0,0.0,0.0,0.0,0.0,0.0,,,,,BSCC,2025-10-28 15:47:53,36643
3923,BSCC_STU03923,0.0,0.0,0.0,0.0,0.0,0.0,0.0,0.0,0.0,,,,,BSCC,2025-10-28 15:47:53,36637
3924,BSCC_STU03924,0.0,0.0,0.0,0.0,0.0,0.0,0.0,0.0,1.0,,,,,BSCC,2025-10-28 15:47:53,36622
3925,BSCC_STU03925,0.0,0.0,0.0,0.0,0.0,0.0,0.0,0.0,0.0,,,,,BSCC,2025-10-28 15:47:53,36650
3926,BSCC_STU03926,0.0,0.0,0.0,0.0,0.0,0.0,0.0,0.0,1.0,,,,,BSCC,2025-10-28 15:47:53,36672
3927,BSCC_STU03927,0.0,0.0,0.0,0.0,0.0,0.0,0.0,0.0,-1.0,,,,,BSCC,2025-10-28 15:47:53,36621
3928,BSCC_STU03928,0.0,0.0,0.0,0.0,0.0,0.0,0.0,0.0,-1.0,,,,,BSCC,2025-10-28 15:47:53,36666
3929,BSCC_STU03929,0.0,0.0,0.0,0.0,0.0,0.0,0.0,0.0,-1.0,,,,,BSCC,2025-10-28 15:47:53,36642
3930,BSCC_STU03930,0.0,0.0,0.0,0.0,0.0,0.0,0.0,0.0,0.0,,,,,BSCC,2025-10-28 15:47:53,36627
3931,BSCC_STU03931,0.0,0.0,0.0,0.0,0.0,0.0,0.0,0.0,0.0,,,,,BSCC,2025-10-28 15:47:53,36691
3932,BSCC_STU03932,0.0,0.0,0.0,0.0,0.0,0.0,0.0,0.0,0.0,,,,,BSCC,2025-10-28 15:47:53,36646
3933,BSCC_STU03933,0.0,0.0,0.0,0.0,0.0,0.0,0.0,0.0,1.0,,,,,BSCC,2025-10-28 15:47:53,36610
3934,BSCC_STU03934,0.0,0.0,0.0,0.0,0.0,0.0,0.0,0.0,-1.0,,,,,BSCC,2025-10-28 15:47:53,36540
3935,BSCC_STU03935,0.0,0.0,0.0,0.0,0.0,0.0,0.0,0.0,0.0,,,,,BSCC,2025-10-28 15:47:53,36663
3936,BSCC_STU03936,0.0,0.0,0.0,0.0,0.0,0.0,0.0,0.0,-1.0,,,,,BSCC,2025-10-28 15:47:53,36664
3937,BSCC_STU03937,0.0,0.0,0.0,0.0,2.0,0.0,2.0,0.0,-1.0,,,,,BSCC,2025-10-28 15:47:53,36672
3938,BSCC_STU03938,0.0,0.0,0.0,0.0,0.0,0.0,0.0,0.0,0.0,,,,,BSCC,2025-10-28 15:47:53,36628
3939,BSCC_STU03939,0.0,0.0,0.0,0.0,0.0,0.0,0.0,0.0,-1.0,,,,,BSCC,2025-10-28 15:47:53,36642
3940,BSCC_STU03940,0.0,0.0,0.0,0.0,0.0,0.0,0.0,0.0,0.0,,,,,BSCC,2025-10-28 15:47:53,36687
3941,BSCC_STU03941,0.0,5.0,0.0,5.0,4.0,0.0,4.0,0.0,0.0,,,,,BSCC,2025-10-28 15:47:53,36617
3942,BSCC_STU03942,0.0,0.0,0.0,0.0,0.0,0.0,0.0,0.0,0.0,,,,,BSCC,2025-10-28 15:47:53,36691
3943,BSCC_STU03943,0.0,0.0,0.0,0.0,0.0,0.0,0.0,0.0,0.0,,,,,BSCC,2025-10-28 15:47:53,36645
3944,BSCC_STU03944,0.0,0.0,0.0,0.0,0.0,0.0,0.0,0.0,-1.0,,,,,BSCC,2025-10-28 15:47:53,36525
3945,BSCC_STU03945,0.0,0.0,0.0,0.0,0.0,0.0,0.0,0.0,-1.0,,,,,BSCC,2025-10-28 15:47:53,36686
3946,BSCC_STU03946,0.0,0.0,0.0,0.0,0.0,0.0,0.0,0.0,0.0,,,,,BSCC,2025-10-28 15:47:53,36632
3947,BSCC_STU03947,0.0,0.0,0.0,0.0,0.0,1.0,0.0,1.0,0.0,FL,Associate's Colleges,Associate's Colleges,Urban,BSCC,2025-10-28 15:47:53,36644
3948,BSCC_STU03948,0.0,0.0,0.0,0.0,0.0,0.0,0.0,0.0,0.0,,,,,BSCC,2025-10-28 15:47:53,36608
3949,BSCC_STU03949,0.0,0.0,0.0,0.0,0.0,0.0,0.0,0.0,1.0,,,,,BSCC,2025-10-28 15:47:53,36689
3950,BSCC_STU03950,0.0,0.0,0.0,0.0,0.0,0.0,0.0,0.0,1.0,,,,,BSCC,2025-10-28 15:47:53,36606
3951,BSCC_STU03951,0.0,0.0,0.0,0.0,0.0,0.0,0.0,0.0,0.0,,,,,BSCC,2025-10-28 15:47:53,36620
3952,BSCC_STU03952,0.0,0.0,0.0,0.0,0.0,0.0,0.0,0.0,-1.0,,,,,BSCC,2025-10-28 15:47:53,36675
3953,BSCC_STU03953,0.0,0.0,0.0,0.0,0.0,0.0,0.0,0.0,0.0,,,,,BSCC,2025-10-28 15:47:53,36618
3954,BSCC_STU03954,0.0,4.0,0.0,4.0,3.0,0.0,3.0,0.0,0.0,,,,,BSCC,2025-10-28 15:47:53,36610
3955,BSCC_STU03955,0.0,0.0,0.0,0.0,0.0,0.0,0.0,0.0,0.0,,,,,BSCC,2025-10-28 15:47:53,36525
3956,BSCC_STU03956,0.0,0.0,0.0,0.0,0.0,0.0,0.0,0.0,1.0,,,,,BSCC,2025-10-28 15:47:53,36646
3957,BSCC_STU03957,0.0,0.0,0.0,0.0,0.0,0.0,0.0,0.0,0.0,,,,,BSCC,2025-10-28 15:47:53,36609
3958,BSCC_STU03958,0.0,0.0,0.0,0.0,0.0,0.0,0.0,0.0,0.0,,,,,BSCC,2025-10-28 15:47:53,36614
3959,BSCC_STU03959,0.0,0.0,0.0,0.0,0.0,0.0,0.0,0.0,1.0,,,,,BSCC,2025-10-28 15:47:53,36653
3960,BSCC_STU03960,0.0,0.0,0.0,0.0,0.0,0.0,0.0,0.0,0.0,,,,,BSCC,2025-10-28 15:47:53,36664
3961,BSCC_STU03961,0.0,0.0,0.0,0.0,0.0,0.0,0.0,0.0,0.0,,,,,BSCC,2025-10-28 15:47:53,36610
3962,BSCC_STU03962,0.0,0.0,0.0,0.0,2.0,0.0,2.0,0.0,1.0,,,,,BSCC,2025-10-28 15:47:53,36607
3963,BSCC_STU03963,0.0,0.0,0.0,0.0,0.0,0.0,0.0,0.0,1.0,,,,,BSCC,2025-10-28 15:47:53,36694
3964,BSCC_STU03964,0.0,0.0,0.0,0.0,0.0,0.0,0.0,0.0,0.0,,,,,BSCC,2025-10-28 15:47:53,36631
3965,BSCC_STU03965,0.0,0.0,0.0,0.0,0.0,0.0,0.0,0.0,0.0,,,,,BSCC,2025-10-28 15:47:53,36651
3966,BSCC_STU03966,0.0,0.0,0.0,0.0,0.0,0.0,0.0,0.0,0.0,,,,,BSCC,2025-10-28 15:47:53,36639
3967,BSCC_STU03967,0.0,0.0,0.0,0.0,0.0,0.0,0.0,0.0,1.0,,,,,BSCC,2025-10-28 15:47:53,36614
3968,BSCC_STU03968,0.0,0.0,0.0,0.0,0.0,0.0,0.0,0.0,1.0,,,,,BSCC,2025-10-28 15:47:53,36689
3969,BSCC_STU03969,0.0,0.0,0.0,0.0,0.0,0.0,0.0,0.0,0.0,,,,,BSCC,2025-10-28 15:47:53,36637
3970,BSCC_STU03970,0.0,0.0,0.0,0.0,0.0,0.0,0.0,0.0,-1.0,,,,,BSCC,2025-10-28 15:47:53,36636
3971,BSCC_STU03971,0.0,0.0,0.0,0.0,0.0,0.0,0.0,0.0,-1.0,,,,,BSCC,2025-10-28 15:47:53,36525
3972,BSCC_STU03972,0.0,0.0,0.0,0.0,0.0,0.0,0.0,0.0,-1.0,,,,,BSCC,2025-10-28 15:47:53,36609
3973,BSCC_STU03973,0.0,0.0,0.0,0.0,0.0,0.0,0.0,0.0,-1.0,,,,,BSCC,2025-10-28 15:47:53,36694
3974,BSCC_STU03974,0.0,0.0,0.0,0.0,0.0,2.0,0.0,2.0,-1.0,MS,Master's Colleges and Universities,Master's Colleges and Universities,Suburb,BSCC,2025-10-28 15:47:53,36667
3975,BSCC_STU03975,0.0,0.0,0.0,0.0,0.0,0.0,0.0,0.0,-1.0,,,,,BSCC,2025-10-28 15:47:53,36684
3976,BSCC_STU03976,0.0,0.0,0.0,0.0,0.0,0.0,0.0,0.0,1.0,,,,,BSCC,2025-10-28 15:47:53,36618
3977,BSCC_STU03977,0.0,0.0,0.0,0.0,0.0,0.0,0.0,0.0,0.0,,,,,BSCC,2025-10-28 15:47:53,36694
3978,BSCC_STU03978,0.0,0.0,0.0,0.0,0.0,0.0,0.0,0.0,0.0,,,,,BSCC,2025-10-28 15:47:53,36671
3979,BSCC_STU03979,0.0,0.0,0.0,0.0,0.0,0.0,0.0,0.0,-1.0,,,,,BSCC,2025-10-28 15:47:53,36682
3980,BSCC_STU03980,0.0,0.0,0.0,0.0,0.0,0.0,0.0,0.0,-1.0,,,,,BSCC,2025-10-28 15:47:53,36629
3981,BSCC_STU03981,0.0,0.0,0.0,0.0,0.0,0.0,0.0,0.0,1.0,,,,,BSCC,2025-10-28 15:47:53,36670
3982,BSCC_STU03982,0.0,4.0,0.0,4.0,3.0,0.0,3.0,0.0,1.0,,,,,BSCC,2025-10-28 15:47:53,36644
3983,BSCC_STU03983,0.0,4.0,0.0,4.0,2.0,0.0,2.0,0.0,1.0,,,,,BSCC,2025-10-28 15:47:53,36664
3984,BSCC_STU03984,0.0,0.0,0.0,0.0,0.0,0.0,0.0,0.0,0.0,,,,,BSCC,2025-10-28 15:47:53,36628
3985,BSCC_STU03985,0.0,0.0,0.0,0.0,5.0,0.0,5.0,0.0,-1.0,,,,,BSCC,2025-10-28 15:47:53,36639
3986,BSCC_STU03986,0.0,0.0,0.0,0.0,0.0,0.0,0.0,0.0,0.0,,,,,BSCC,2025-10-28 15:47:53,36675
3987,BSCC_STU03987,0.0,0.0,0.0,0.0,0.0,0.0,0.0,0.0,1.0,,,,,BSCC,2025-10-28 15:47:53,36628
3988,BSCC_STU03988,0.0,0.0,0.0,0.0,0.0,0.0,0.0,0.0,1.0,,,,,BSCC,2025-10-28 15:47:53,36634
3989,BSCC_STU03989,0.0,0.0,0.0,0.0,0.0,0.0,0.0,0.0,-1.0,,,,,BSCC,2025-10-28 15:47:53,36664
3990,BSCC_STU03990,0.0,0.0,0.0,0.0,0.0,0.0,0.0,0.0,1.0,,,,,BSCC,2025-10-28 15:47:53,36645
3991,BSCC_STU03991,0.0,0.0,0.0,0.0,0.0,0.0,0.0,0.0,-1.0,,,,,BSCC,2025-10-28 15:47:53,36611
3992,BSCC_STU03992,0.0,0.0,0.0,0.0,0.0,0.0,0.0,0.0,0.0,,,,,BSCC,2025-10-28 15:47:53,36684
3993,BSCC_STU03993,0.0,0.0,0.0,0.0,0.0,0.0,0.0,0.0,0.0,,,,,BSCC,2025-10-28 15:47:53,36620
3994,BSCC_STU03994,0.0,0.0,0.0,0.0,0.0,0.0,0.0,0.0,0.0,,,,,BSCC,2025-10-28 15:47:53,36602
3995,BSCC_STU03995,0.0,0.0,0.0,0.0,0.0,0.0,0.0,0.0,-1.0,,,,,BSCC,2025-10-28 15:47:53,36524
3996,BSCC_STU03996,0.0,0.0,0.0,0.0,0.0,0.0,0.0,0.0,0.0,,,,,BSCC,2025-10-28 15:47:53,36692
3997,BSCC_STU03997,0.0,0.0,0.0,0.0,0.0,0.0,0.0,0.0,-1.0,,,,,BSCC,2025-10-28 15:47:53,36606
3998,BSCC_STU03998,0.0,0.0,0.0,0.0,0.0,0.0,0.0,0.0,1.0,,,,,BSCC,2025-10-28 15:47:53,36691
3999,BSCC_STU03999,0.0,0.0,0.0,0.0,0.0,0.0,0.0,0.0,0.0,,,,,BSCC,2025-10-28 15:47:53,36695
